/ANKL/crd/0,/ANKL/crd/1,/ANKL/crd/2,/ANKL/ncm,/ANKL/unc/0,/ANKL/unc/1,/ANKL/unc/2,/ANKL/unc/3,/ANKL/unc/4,/ANKL/unc/5,/ANKR/crd/0,/ANKR/crd/1,/ANKR/crd/2,/ANKR/ncm,/ANKR/unc/0,/ANKR/unc/1,/ANKR/unc/2,/ANKR/unc/3,/ANKR/unc/4,/ANKR/unc/5,/EARL/crd/0,/EARL/crd/1,/EARL/crd/2,/EARL/ncm,/EARL/unc/0,/EARL/unc/1,/EARL/unc/2,/EARL/unc/3,/EARL/unc/4,/EARL/unc/5,/ELBL/crd/0,/ELBL/crd/1,/ELBL/crd/2,/ELBL/ncm,/ELBL/unc/0,/ELBL/unc/1,/ELBL/unc/2,/ELBL/unc/3,/ELBL/unc/4,/ELBL/unc/5,/ELBR/crd/0,/ELBR/crd/1,/ELBR/crd/2,/ELBR/ncm,/ELBR/unc/0,/ELBR/unc/1,/ELBR/unc/2,/ELBR/unc/3,/ELBR/unc/4,/ELBR/unc/5,/EYEL/crd/0,/EYEL/crd/1,/EYEL/crd/2,/EYEL/ncm,/EYEL/unc/0,/EYEL/unc/1,/EYEL/unc/2,/EYEL/unc/3,/EYEL/unc/4,/EYEL/unc/5,/EYER/crd/0,/EYER/crd/1,/EYER/crd/2,/EYER/ncm,/EYER/unc/0,/EYER/unc/1,/EYER/unc/2,/EYER/unc/3,/EYER/unc/4,/EYER/unc/5,/HIPL/crd/0,/HIPL/crd/1,/HIPL/crd/2,/HIPL/ncm,/HIPL/unc/0,/HIPL/unc/1,/HIPL/unc/2,/HIPL/unc/3,/HIPL/unc/4,/HIPL/unc/5,/HIPR/crd/0,/HIPR/crd/1,/HIPR/crd/2,/HIPR/ncm,/HIPR/unc/0,/HIPR/unc/1,/HIPR/unc/2,/HIPR/unc/3,/HIPR/unc/4,/HIPR/unc/5,/KNEL/crd/0,/KNEL/crd/1,/KNEL/crd/2,/KNEL/ncm,/KNEL/unc/0,/KNEL/unc/1,/KNEL/unc/2,/KNEL/unc/3,/KNEL/unc/4,/KNEL/unc/5,/KNER/crd/0,/KNER/crd/1,/KNER/crd/2,/KNER/ncm,/KNER/unc/0,/KNER/unc/1,/KNER/unc/2,/KNER/unc/3,/KNER/unc/4,/KNER/unc/5,/NEC_/crd/0,/NEC_/crd/1,/NEC_/crd/2,/NEC_/ncm,/NEC_/unc/0,/NEC_/unc/1,/NEC_/unc/2,/NEC_/unc/3,/NEC_/unc/4,/NEC_/unc/5,/NOS_/crd/0,/NOS_/crd/1,/NOS_/crd/2,/NOS_/ncm,/NOS_/unc/0,/NOS_/unc/1,/NOS_/unc/2,/NOS_/unc/3,/NOS_/unc/4,/NOS_/unc/5,/SHOL/crd/0,/SHOL/crd/1,/SHOL/crd/2,/SHOL/ncm,/SHOL/unc/0,/SHOL/unc/1,/SHOL/unc/2,/SHOL/unc/3,/SHOL/unc/4,/SHOL/unc/5,/SHOR/crd/0,/SHOR/crd/1,/SHOR/crd/2,/SHOR/ncm,/SHOR/unc/0,/SHOR/unc/1,/SHOR/unc/2,/SHOR/unc/3,/SHOR/unc/4,/SHOR/unc/5,/WRIL/crd/0,/WRIL/crd/1,/WRIL/crd/2,/WRIL/ncm,/WRIL/unc/0,/WRIL/unc/1,/WRIL/unc/2,/WRIL/unc/3,/WRIL/unc/4,/WRIL/unc/5,/WRIR/crd/0,/WRIR/crd/1,/WRIR/crd/2,/WRIR/ncm,/WRIR/unc/0,/WRIR/unc/1,/WRIR/unc/2,/WRIR/unc/3,/WRIR/unc/4,/WRIR/unc/5,/agent_id,/hostname,/timecode,/timestamp/$date,/ts/$numberLong,/typ
631.8818359375,24.1044921875,422.22015380859375,1,3.9477691650390625,0.005594467744231224,0.0035940888337790966,0.14861246943473816,0.11911604553461075,0.004484084434807301,841.6279296875,-54.18701171875,169.13450622558594,1,3.9477691650390625,0.005594467744231224,0.0035940888337790966,0.14861246943473816,0.11911604553461075,0.004484084434807301,942.77099609375,1313.88232421875,157.4859619140625,1,3.9477691650390625,0.005594467744231224,0.0035940888337790966,0.14861246943473816,0.11911604553461075,0.004484084434807301,761.106201171875,908.3121337890625,328.66058349609375,1,3.9477691650390625,0.005594467744231224,0.0035940888337790966,0.14861246943473816,0.11911604553461075,0.004484084434807301,1026.77783203125,814.690185546875,-56.382102966308594,1,3.9477691650390625,0.005594467744231224,0.0035940888337790966,0.14861246943473816,0.11911604553461075,0.004484084434807301,889.75927734375,1332.206298828125,52.488861083984375,1,3.9477691650390625,0.005594467744231224,0.0035940888337790966,0.14861246943473816,0.11911604553461075,0.004484084434807301,913.10595703125,1322.5814208984375,10.386878967285156,1,3.9477691650390625,0.005594467744231224,0.0035940888337790966,0.14861246943473816,0.11911604553461075,0.004484084434807301,778.331298828125,709.8853759765625,229.04270935058594,1,3.9477691650390625,0.005594467744231224,0.0035940888337790966,0.14861246943473816,0.11911604553461075,0.004484084434807301,831.160888671875,675.3223876953125,78.95162963867188,1,3.9477691650390625,0.005594467744231224,0.0035940888337790966,0.14861246943473816,0.11911604553461075,0.004484084434807301,652.049072265625,366.453369140625,315.18023681640625,1,3.9477691650390625,0.005594467744231224,0.0035940888337790966,0.14861246943473816,0.11911604553461075,0.004484084434807301,821.31982421875,300.2052001953125,93.0390625,1,3.9477691650390625,0.005594467744231224,0.0035940888337790966,0.14861246943473816,0.11911604553461075,0.004484084434807301,962.05126953125,1168.8929443359375,107.92271423339844,1,3.9477691650390625,0.005594467744231224,0.0035940888337790966,0.14861246943473816,0.11911604553461075,0.004484084434807301,869.61669921875,1301.41552734375,14.958076477050781,1,3.9477691650390625,0.005594467744231224,0.0035940888337790966,0.14861246943473816,0.11911604553461075,0.004484084434807301,861.306884765625,1133.5089111328125,247.54832458496094,1,3.9477691650390625,0.005594467744231224,0.0035940888337790966,0.14861246943473816,0.11911604553461075,0.004484084434807301,1003.83544921875,1075.790283203125,-21.668087005615234,1,3.9477691650390625,0.005594467744231224,0.0035940888337790966,0.14861246943473816,0.11911604553461075,0.004484084434807301,636.21142578125,731.98583984375,355.90875244140625,1,3.9477691650390625,0.005594467744231224,0.0035940888337790966,0.14861246943473816,0.11911604553461075,0.004484084434807301,962.455322265625,607.923828125,-98.22422790527344,1,3.9477691650390625,0.005594467744231224,0.0035940888337790966,0.14861246943473816,0.11911604553461075,0.004484084434807301,SN000368420812,Pumba,72488.433,2025-12-19T19:08:08.442Z,1765551346169300000,3D
628.531982421875,23.633056640625,424.50274658203125,1,28.619583129882812,8457.30078125,7621.8486328125,-347.22552490234375,-266.0892028808594,965.390625,840.579345703125,-56.4716796875,157.29884338378906,1,28.598163604736328,8043.615234375,7981.4140625,-317.8709716796875,-259.76544189453125,510.240234375,942.322509765625,1312.6243896484375,153.6338348388672,1,16.388294219970703,5166.2939453125,5413.50390625,-186.5458221435547,-153.5113525390625,-257.320068359375,762.5166015625,907.4676513671875,329.197998046875,1,19.55743408203125,6155.5234375,5795.2001953125,-236.24935913085938,-180.5864715576172,156.3466796875,1023.763671875,809.1285400390625,-57.186859130859375,1,21.091045379638672,6111.916015625,5880.40283203125,-238.7903594970703,-188.39593505859375,296.46826171875,892.878662109375,1330.8233642578125,46.871612548828125,1,15.532915115356445,4976.51123046875,4914.609375,-180.506591796875,-139.8336181640625,-220.958251953125,917.71923828125,1321.3671875,5.586784362792969,1,15.32014274597168,4673.80859375,4770.869140625,-172.5629425048828,-139.80465698242188,-106.450439453125,776.80126953125,709.9144287109375,229.18577575683594,1,24.10704231262207,7865.99560546875,7535.33984375,-299.741943359375,-231.97994995117188,127.306884765625,830.520263671875,675.4368896484375,79.36811828613281,1,24.985469818115234,7863.4453125,7380.7158203125,-309.47314453125,-239.5802764892578,453.356201171875,654.7802734375,364.7227783203125,314.64178466796875,1,25.71428108215332,7943.37890625,6993.9931640625,-321.28497314453125,-238.8995819091797,745.47802734375,822.526123046875,300.16162109375,91.58924865722656,1,28.392669677734375,9023.642578125,7972.9736328125,-353.289306640625,-257.6452941894531,459.50439453125,963.18310546875,1168.1602783203125,106.22474670410156,1,16.549049377441406,5014.3095703125,4878.57958984375,-186.61546325683594,-144.60372924804688,-64.8544921875,874.19873046875,1299.9775390625,8.626747131347656,1,16.006343841552734,5015.50537109375,5080.13818359375,-185.4076690673828,-149.1116180419922,-107.165771484375,860.67041015625,1132.5008544921875,245.0771026611328,1,17.633371353149414,5757.66064453125,5535.58203125,-209.9716796875,-158.6499786376953,-218.4990234375,999.7158203125,1070.111083984375,-22.076068878173828,1,19.151899337768555,5757.5751953125,5717.7939453125,-219.9396514892578,-176.5985870361328,112.72021484375,634.820556640625,733.34130859375,357.8017578125,1,17.917984008789062,5485.81103515625,5688.69921875,-202.3788604736328,-166.5707550048828,-130.552978515625,961.66259765625,602.6278076171875,-103.59799194335938,1,21.91793441772461,6587.31640625,6328.55126953125,-247.83563232421875,-190.88119506835938,3.6240234375,SN000368420812,Pumba,72488.533,2025-12-19T19:08:08.544Z,1765551346171974700,3D
626.707275390625,26.479736328125,422.10870361328125,1,29.161184310913086,8647.86328125,7752.9404296875,-356.5958251953125,-272.7847595214844,1038.168701171875,837.716064453125,-55.115478515625,145.63290405273438,1,28.562911987304688,8271.6513671875,7715.6201171875,-324.8869323730469,-249.78858947753906,458.255126953125,942.793212890625,1312.83203125,154.4884033203125,1,16.490537643432617,5257.330078125,5454.5888671875,-189.1038360595703,-153.66671752929688,-286.1220703125,762.22314453125,905.0673828125,329.22845458984375,1,18.917625427246094,5895.416015625,5611.9912109375,-224.97677612304688,-173.2112579345703,107.283203125,1016.09814453125,810.9915771484375,-55.86397171020508,1,20.848529815673828,6033.67236328125,5792.6904296875,-235.08180236816406,-184.7975311279297,271.186767578125,896.808349609375,1333.981689453125,47.16633605957031,1,15.073326110839844,4849.5556640625,4819.0625,-173.01161193847656,-133.56265258789062,-310.947998046875,922.056640625,1323.786376953125,6.5033111572265625,1,14.5620698928833,4402.95556640625,4591.572265625,-159.34930419921875,-130.63058471679688,-206.42724609375,778.65478515625,709.5867919921875,228.12144470214844,1,23.530685424804688,7601.8310546875,7400.24609375,-288.8243408203125,-226.68971252441406,95.052978515625,830.580078125,676.0135498046875,78.05410766601562,1,25.04683494567871,7826.67333984375,7418.3955078125,-309.1771240234375,-242.0749969482422,489.422119140625,653.6943359375,367.3604736328125,315.735595703125,1,26.426881790161133,8332.693359375,7089.96484375,-336.6979064941406,-242.7400665283203,770.584228515625,821.455810546875,301.984375,89.32362365722656,1,29.050764083862305,8964.7734375,8309.16796875,-356.78619384765625,-274.91729736328125,648.85546875,962.58642578125,1167.355712890625,107.14801025390625,1,16.43919563293457,4981.486328125,4917.81591796875,-183.99095153808594,-144.05487060546875,-110.8779296875,877.719970703125,1304.3983154296875,8.369819641113281,1,16.021034240722656,4989.77880859375,5142.8857421875,-184.14505004882812,-150.63818359375,-116.89404296875,863.555908203125,1128.4019775390625,247.03065490722656,1,17.41175079345703,5728.6962890625,5471.2626953125,-207.2575225830078,-154.6833953857422,-272.31396484375,1001.3564453125,1071.8648681640625,-21.423160552978516,1,19.026567459106445,5777.2177734375,5735.9462890625,-218.40582275390625,-174.31004333496094,37.380126953125,634.46875,732.3651123046875,360.56585693359375,1,18.172409057617188,5586.4912109375,5780.44140625,-206.65220642089844,-169.9416046142578,-114.550048828125,963.903076171875,602.13232421875,-100.39958953857422,1,23.28909683227539,7228.2470703125,7208.11376953125,-267.2931823730469,-211.59300231933594,-151.15478515625,SN000368420812,Pumba,72488.633,2025-12-19T19:08:08.649Z,1765551346185173700,3D
626.9013671875,21.741943359375,415.41656494140625,1,29.517414093017578,8708.22265625,7798.7314453125,-362.1638488769531,-278.2781066894531,1147.374267578125,839.119384765625,-58.02685546875,147.8025665283203,1,28.758296966552734,8291.111328125,7711.7939453125,-328.1944885253906,-252.88552856445312,543.569580078125,941.896484375,1313.046142578125,155.31068420410156,1,15.562302589416504,4805.5810546875,5468.826171875,-168.08615112304688,-149.09152221679688,-419.066650390625,761.7763671875,907.9322509765625,331.56719970703125,1,19.164901733398438,5995.650390625,5669.9619140625,-229.3738250732422,-175.7386016845703,127.958740234375,1015.848388671875,810.4443359375,-56.01698303222656,1,20.98159408569336,6108.943359375,5843.888671875,-238.13323974609375,-186.6134796142578,278.36083984375,894.093994140625,1330.263671875,47.56803894042969,1,14.761089324951172,4486.009765625,4474.39501953125,-166.13400268554688,-131.65753173828125,-85.299560546875,919.839111328125,1321.1092529296875,6.738990783691406,1,14.86943244934082,4497.1796875,4710.98779296875,-163.6640625,-135.19155883789062,-180.976806640625,778.951904296875,709.0787353515625,227.50132751464844,1,24.12242889404297,7846.560546875,7624.59912109375,-298.4752502441406,-234.00563049316406,109.57666015625,834.8203125,675.4051513671875,78.18826293945312,1,25.493261337280273,8025.875,7571.177734375,-317.0318603515625,-247.12852478027344,501.205078125,651.739990234375,366.0738525390625,315.095947265625,1,24.646133422851562,7697.5634765625,6750.1865234375,-305.368896484375,-223.23117065429688,524.682373046875,824.0595703125,299.9039306640625,87.4866943359375,1,29.517698287963867,9140.728515625,8422.08984375,-365.0901184082031,-280.4203186035156,704.51806640625,965.294189453125,1168.8641357421875,108.3651123046875,1,16.420207977294922,4990.607421875,4937.8056640625,-183.66505432128906,-143.82302856445312,-133.05859375,876.58544921875,1299.03466796875,9.040359497070312,1,15.926751136779785,5000.09130859375,5107.14794921875,-183.52011108398438,-148.29580688476562,-150.471923828125,862.217041015625,1131.7991943359375,246.5877227783203,1,17.457595825195312,5659.2861328125,5436.44970703125,-206.71507263183594,-156.2166290283203,-203.666748046875,1004.241455078125,1072.3416748046875,-20.288982391357422,1,19.027694702148438,5746.93505859375,5730.07763671875,-217.90936279296875,-174.9359588623047,58.71044921875,633.540771484375,733.91943359375,359.3685302734375,1,18.336009979248047,5678.27587890625,5847.6728515625,-209.71560668945312,-171.48126220703125,-127.53466796875,963.9130859375,600.72705078125,-101.06330108642578,1,22.392723083496094,6875.6220703125,7032.505859375,-250.71807861328125,-202.17691040039062,-260.5205078125,SN000368420812,Pumba,72488.766,2025-12-19T19:08:08.768Z,1765551346217439300,3D
626.934326171875,22.281005859375,413.7542724609375,1,30.201148986816406,8955.71875,7964.3203125,-373.6754455566406,-286.0126647949219,1220.126220703125,840.12939453125,-57.988037109375,138.94424438476562,1,27.480798721313477,7843.384765625,7550.71337890625,-304.487060546875,-239.47598266601562,316.485595703125,942.277587890625,1309.7705078125,155.60488891601562,1,16.10390853881836,5104.390625,5372.20458984375,-182.1146697998047,-149.64418029785156,-326.94580078125,760.60107421875,907.9697265625,328.72015380859375,1,19.499523162841797,6149.6357421875,5824.3935546875,-234.9678497314453,-180.14500427246094,121.224365234375,1024.294921875,808.722900390625,-57.866085052490234,1,21.985519409179688,6798.91015625,6596.2978515625,-255.34658813476562,-198.38525390625,-11.993896484375,891.28662109375,1326.343994140625,49.40440368652344,1,14.960071563720703,4579.51953125,4558.22412109375,-169.51243591308594,-134.01004028320312,-89.997802734375,916.1123046875,1318.0211181640625,7.909698486328125,1,16.490230560302734,5420.783203125,6042.744140625,-186.47523498535156,-160.4544677734375,-577.306884765625,780.61279296875,708.4705810546875,228.8687286376953,1,23.936012268066406,7737.54052734375,7548.677734375,-294.8316955566406,-232.28952026367188,124.843505859375,831.126708984375,675.5897216796875,77.71279907226562,1,25.177223205566406,7812.5517578125,7456.8759765625,-309.9580383300781,-244.8739013671875,532.942138671875,650.800048828125,366.3140869140625,313.8385009765625,1,25.11128807067871,7789.51123046875,6844.3427734375,-312.18994140625,-230.26368713378906,636.020751953125,822.91015625,300.478759765625,85.62492370605469,1,29.752826690673828,9287.9775390625,8406.9052734375,-370.91851806640625,-280.31817626953125,713.99169921875,964.9873046875,1167.25927734375,107.18818664550781,1,16.58020782470703,4988.77001953125,4882.80029296875,-186.35211181640625,-145.60226440429688,-41.704345703125,873.529296875,1294.934326171875,11.232002258300781,1,16.387720108032227,5172.158203125,5286.04052734375,-190.59329223632812,-154.43679809570312,-130.720703125,864.7705078125,1131.0887451171875,247.3664093017578,1,17.28151512145996,5614.134765625,5382.0107421875,-204.35848999023438,-153.7542724609375,-225.452880859375,1002.096435546875,1069.42333984375,-20.94826889038086,1,19.398880004882812,5840.27490234375,5693.255859375,-224.9211883544922,-178.1893768310547,174.653076171875,636.4892578125,732.55712890625,363.38482666015625,1,18.068485260009766,5566.857421875,5728.9423828125,-205.600830078125,-167.998046875,-124.90478515625,968.75927734375,600.14306640625,-102.49934387207031,1,22.38925552368164,6904.2216796875,7106.63330078125,-250.25135803222656,-202.48802185058594,-311.66552734375,SN000368420812,Pumba,72488.833,2025-12-19T19:08:08.864Z,1765551346249386600,3D
625.310546875,20.730712890625,412.77313232421875,1,28.67930030822754,8469.2666015625,7574.98388671875,-349.0420227050781,-266.3791809082031,1010.6435546875,845.6591796875,-59.2548828125,136.47874450683594,1,27.953468322753906,8028.7763671875,7628.26123046875,-313.2734069824219,-244.07058715820312,376.38330078125,944.6103515625,1311.036376953125,157.22901916503906,1,16.55293083190918,5263.021484375,5470.408203125,-189.75381469726562,-154.68777465820312,-271.67236328125,762.242431640625,906.9649658203125,332.15618896484375,1,18.964675903320312,6005.234375,5684.2158203125,-226.89984130859375,-172.63162231445312,33.9912109375,1024.9541015625,810.3525390625,-56.99147033691406,1,22.478164672851562,6917.4599609375,6664.8515625,-262.7711486816406,-204.1495819091797,86.21337890625,891.193115234375,1325.756103515625,51.79490661621094,1,15.031635284423828,4615.08154296875,4548.1171875,-171.23880004882812,-134.18870544433594,-77.149658203125,915.106689453125,1316.6614990234375,9.861175537109375,1,15.723675727844238,4858.0244140625,5026.84375,-178.03366088867188,-145.70166015625,-154.953125,781.028564453125,707.8702392578125,228.7606964111328,1,24.14698028564453,7774.6533203125,7575.021484375,-297.9051818847656,-235.17608642578125,180.4130859375,831.814208984375,675.1395263671875,77.45829772949219,1,25.834007263183594,8088.181640625,7671.61328125,-321.4710998535156,-252.77127075195312,570.600830078125,650.890869140625,365.5167236328125,314.3792724609375,1,25.524677276611328,8010.01171875,6980.97119140625,-320.2419128417969,-234.0756072998047,627.76806640625,824.883544921875,299.532470703125,83.69610595703125,1,27.231807708740234,8568.158203125,7734.765625,-332.1133728027344,-245.43113708496094,325.980224609375,965.972900390625,1167.2781982421875,108.55729675292969,1,16.58887481689453,4968.4697265625,4860.38037109375,-186.3148651123047,-145.83285522460938,-17.60693359375,872.551513671875,1293.6422119140625,14.556800842285156,1,16.191091537475586,5130.2646484375,5137.94921875,-188.97158813476562,-149.91287231445312,-132.196044921875,866.16943359375,1129.8843994140625,248.9980926513672,1,17.485136032104492,5684.9482421875,5527.30908203125,-206.50460815429688,-157.49014282226562,-242.6640625,1002.237060546875,1071.50732421875,-21.412696838378906,1,19.235628128051758,5769.2216796875,5654.27587890625,-221.87896728515625,-176.55491638183594,162.478515625,634.899658203125,733.239990234375,365.15966796875,1,18.59391212463379,5757.77685546875,5790.00390625,-215.2456512451172,-172.9069061279297,-43.437255859375,965.220703125,602.4788818359375,-100.76303100585938,1,23.44491195678711,7239.3271484375,7272.1796875,-268.2808532714844,-214.23854064941406,-132.197998046875,SN000368420812,Pumba,72488.966,2025-12-19T19:08:08.985Z,1765551346281309700,3D
625.7265625,22.345458984375,414.40771484375,1,29.426515579223633,8609.9736328125,7890.25439453125,-357.8282470703125,-280.24505615234375,1126.279296875,841.424560546875,-58.625,136.11026000976562,1,28.359018325805664,8012.1943359375,7837.556640625,-315.37615966796875,-253.78860473632812,466.804931640625,943.96337890625,1313.3785400390625,154.3433074951172,1,15.94659423828125,4929.96533203125,5683.5322265625,-172.79795837402344,-155.6065673828125,-418.081787109375,762.69775390625,906.71044921875,331.506591796875,1,19.29231071472168,6081.44287109375,5738.568359375,-231.91343688964844,-176.9475555419922,105.080322265625,1024.4580078125,810.9755859375,-57.7658805847168,1,21.503923416137695,6266.38623046875,5949.20068359375,-246.26278686523438,-192.5396270751953,351.403076171875,893.3232421875,1328.915771484375,47.72575378417969,1,15.032280921936035,4621.7314453125,4587.251953125,-170.88095092773438,-134.61073303222656,-97.3046875,917.774658203125,1318.631103515625,6.408485412597656,1,15.540709495544434,4733.0673828125,4897.59423828125,-174.80801391601562,-143.6464385986328,-105.953125,780.346435546875,708.4423828125,228.3387908935547,1,23.958717346191406,7767.0615234375,7569.3193359375,-295.28668212890625,-232.0936737060547,103.10595703125,831.0830078125,675.50732421875,77.14665222167969,1,25.228309631347656,7899.68359375,7495.880859375,-311.949951171875,-244.44332885742188,490.2333984375,649.602294921875,366.708251953125,314.72869873046875,1,25.608016967773438,7999.435546875,7040.01904296875,-320.39569091796875,-236.54586791992188,646.06298828125,822.233154296875,300.1207275390625,83.62002563476562,1,28.592504501342773,9134.53125,8182.388671875,-355.2757873535156,-261.23443603515625,387.01171875,964.355712890625,1167.788818359375,107.31903076171875,1,16.610057830810547,5009.2421875,4947.4609375,-186.2653045654297,-146.48350524902344,-70.115478515625,874.390625,1297.12353515625,10.393653869628906,1,16.521255493164062,5279.53125,5243.24365234375,-194.8859100341797,-153.4580841064453,-122.41650390625,864.7880859375,1130.1246337890625,247.7830047607422,1,17.141658782958984,5429.5478515625,5461.02685546875,-197.83322143554688,-156.66726684570312,-211.390625,1000.86962890625,1071.9615478515625,-22.437034606933594,1,19.169191360473633,5774.68798828125,5726.0615234375,-220.3045196533203,-176.49964904785156,103.47021484375,637.36279296875,731.8709716796875,365.61669921875,1,17.806642532348633,5427.796875,5650.10693359375,-200.36305236816406,-165.6160125732422,-124.98779296875,966.06884765625,602.7564697265625,-101.18596649169922,1,23.653772354125977,7318.92333984375,7242.853515625,-273.20977783203125,-215.764404296875,-68.1787109375,SN000368420812,Pumba,72489.066,2025-12-19T19:08:09.094Z,1765551346329706300,3D
629.2294921875,22.895263671875,420.12286376953125,1,28.418861389160156,8303.072265625,7626.7724609375,-341.9032897949219,-266.8409118652344,981.394775390625,840.415283203125,-60.90673828125,134.8123321533203,1,28.167911529541016,7999.21826171875,7563.45751953125,-316.2330322265625,-247.1963348388672,511.360107421875,945.3876953125,1315.286376953125,152.70655822753906,1,15.939228057861328,4985.9521484375,5532.9345703125,-175.68258666992188,-152.03182983398438,-392.341796875,760.545166015625,907.0008544921875,332.06719970703125,1,19.263839721679688,5998.04443359375,5724.54248046875,-230.10671997070312,-178.18734741210938,149.257080078125,1024.876220703125,810.37060546875,-56.758670806884766,1,22.237075805664062,6861.6005859375,6612.166015625,-259.2423400878906,-200.7806854248047,38.9453125,894.573974609375,1331.125732421875,46.07798767089844,1,14.901334762573242,4530.5703125,4526.43310546875,-168.18304443359375,-133.6912841796875,-72.983642578125,918.63037109375,1319.96533203125,4.695564270019531,1,15.716829299926758,4819.07568359375,5067.8583984375,-176.66908264160156,-147.06614685058594,-151.577880859375,780.5810546875,708.912353515625,229.38645935058594,1,24.127561569213867,7854.9169921875,7656.255859375,-298.1888427734375,-234.21109008789062,89.6689453125,831.291259765625,674.4356689453125,78.34706115722656,1,25.384021759033203,7873.61328125,7564.4619140625,-312.7513732910156,-248.7369842529297,549.31640625,651.1376953125,365.6650390625,313.4041748046875,1,25.400997161865234,7989.6083984375,7024.86865234375,-317.7633361816406,-233.26593017578125,571.072265625,822.91162109375,298.646240234375,84.70091247558594,1,29.050085067749023,9314.310546875,8328.111328125,-363.1611633300781,-267.0252380371094,424.029296875,965.077880859375,1168.0250244140625,106.34889221191406,1,16.61001968383789,5030.03759765625,4963.72265625,-186.55157470703125,-146.3544921875,-86.58203125,874.752685546875,1299.4373779296875,9.04290771484375,1,16.109933853149414,5121.00439453125,5235.78271484375,-186.57266235351562,-150.30662536621094,-200.15234375,864.30517578125,1129.0328369140625,245.9185028076172,1,17.090545654296875,5462.60546875,5327.44287109375,-199.46104431152344,-153.11488342285156,-198.69140625,1003.787841796875,1072.039794921875,-22.878528594970703,1,19.433822631835938,5865.15234375,5796.3681640625,-224.7555694580078,-179.92526245117188,138.111328125,632.729248046875,733.4593505859375,365.02410888671875,1,17.97981071472168,5513.9912109375,5695.814453125,-203.5713653564453,-166.94979858398438,-126.18310546875,964.47119140625,602.5628662109375,-100.55371856689453,1,22.59922981262207,7026.9189453125,7140.90625,-254.90554809570312,-203.56605529785156,-310.497314453125,SN000368420812,Pumba,72489.2,2025-12-19T19:08:09.202Z,1765551346361160600,3D
633.064697265625,22.298095703125,421.51702880859375,1,30.282915115356445,8978.1171875,7952.51953125,-375.2295227050781,-286.54364013671875,1243.694580078125,842.3818359375,-59.7021484375,135.80166625976562,1,28.065786361694336,7860.8115234375,7724.7880859375,-310.2681884765625,-251.1230010986328,486.3642578125,948.016357421875,1311.4993896484375,156.97825622558594,1,16.415069580078125,5212.048828125,5497.962890625,-186.68804931640625,-154.08816528320312,-309.68896484375,763.609619140625,905.939208984375,333.00360107421875,1,19.210426330566406,6029.1943359375,5682.1416015625,-230.6020050048828,-176.06272888183594,126.798583984375,1023.3173828125,809.0875244140625,-57.29869842529297,1,21.42098045349121,6216.2216796875,5978.267578125,-243.86988830566406,-192.78733825683594,334.68603515625,894.477294921875,1329.8924560546875,52.27281188964844,1,15.224586486816406,4663.8271484375,4629.0478515625,-173.76666259765625,-137.4949493408203,-54.19140625,917.630615234375,1320.3555908203125,10.049041748046875,1,15.421299934387207,4788.1474609375,4963.22216796875,-173.43814086914062,-141.33047485351562,-220.072265625,780.424560546875,707.9405517578125,228.26856994628906,1,23.922931671142578,8021.720703125,7692.5458984375,-298.1768798828125,-227.45660400390625,-118.84130859375,833.298095703125,674.509033203125,77.9521484375,1,24.838558197021484,7777.80859375,7395.564453125,-305.6884765625,-239.32867431640625,434.7734375,653.91162109375,364.9691162109375,315.7501220703125,1,25.387365341186523,7915.87109375,6842.6015625,-318.2744140625,-231.8675079345703,680.01904296875,823.822509765625,299.211181640625,84.70855712890625,1,26.7653751373291,8503.2529296875,7956.0830078125,-321.9352111816406,-242.45867919921875,69.640625,966.470703125,1166.8468017578125,107.53324890136719,1,16.47307014465332,4972.7109375,4876.59716796875,-184.68511962890625,-144.0895538330078,-76.914306640625,874.196044921875,1299.127685546875,14.801712036132812,1,16.03915023803711,5046.126953125,5154.48046875,-185.26678466796875,-149.7410125732422,-150.016357421875,866.802490234375,1128.2333984375,247.81044006347656,1,17.522850036621094,5736.28564453125,5508.00048828125,-208.15736389160156,-156.55838012695312,-251.935546875,1001.26025390625,1070.1951904296875,-22.243389129638672,1,19.01658821105957,5717.2412109375,5673.0947265625,-217.78639221191406,-174.4579620361328,91.691162109375,632.67431640625,734.89306640625,364.9884033203125,1,17.739566802978516,5457.2314453125,5551.6572265625,-201.32254028320312,-162.45997619628906,-129.922607421875,967.427490234375,600.291748046875,-101.03321075439453,1,23.406423568725586,7342.1416015625,7396.966796875,-268.5437316894531,-213.50222778320312,-251.794921875,SN000368420812,Pumba,72489.266,2025-12-19T19:08:09.298Z,1765551346393130300,3D
632.2802734375,20.324462890625,417.1866455078125,1,27.39626693725586,8129.599609375,7421.703125,-327.0715026855469,-250.29676818847656,706.314697265625,846.7705078125,-60.9521484375,128.99781799316406,1,27.96616554260254,7993.2119140625,7563.61474609375,-313.31500244140625,-243.84268188476562,422.156982421875,943.532958984375,1309.7099609375,156.75225830078125,1,16.124107360839844,4977.21875,5600.2998046875,-176.92764282226562,-156.02838134765625,-340.1591796875,763.87841796875,907.4613037109375,332.6259765625,1,18.58876609802246,5767.3125,5526.95556640625,-219.11563110351562,-169.3497772216797,72.870361328125,1029.08447265625,808.7637939453125,-56.29729080200195,1,21.409801483154297,6238.87744140625,5973.54296875,-244.2345733642578,-192.03561401367188,318.50244140625,893.760498046875,1330.1767578125,50.31632995605469,1,14.95547866821289,4591.4453125,4555.7666015625,-169.67189025878906,-133.57472229003906,-99.58935546875,919.0380859375,1322.930908203125,8.746162414550781,1,15.819695472717285,4844.5390625,4940.453125,-180.1104278564453,-146.3195037841797,-69.299072265625,780.23095703125,709.235107421875,229.7969512939453,1,24.084815979003906,7981.46728515625,7632.54541015625,-300.2662658691406,-230.14373779296875,0.630615234375,831.0068359375,675.2664794921875,78.52684020996094,1,25.694795608520508,8120.0673828125,7614.38525390625,-320.75787353515625,-248.65721130371094,507.1943359375,653.617919921875,365.5018310546875,317.3863525390625,1,24.73835563659668,7806.97412109375,6845.26953125,-307.3893737792969,-223.48219299316406,455.14794921875,823.7333984375,299.1328125,83.05160522460938,1,29.78785514831543,9385.6435546875,8453.5576171875,-372.64544677734375,-279.2932434082031,649.3740234375,966.83935546875,1168.1905517578125,106.65986633300781,1,16.708389282226562,5032.9501953125,4977.49609375,-187.61871337890625,-147.96487426757812,-54.836669921875,876.10888671875,1300.0875244140625,10.869735717773438,1,16.168058395385742,5107.7783203125,5126.1123046875,-188.48574829101562,-150.00558471679688,-120.252685546875,866.154052734375,1130.5648193359375,246.85765075683594,1,17.45474624633789,5694.28662109375,5445.0029296875,-207.08689880371094,-155.29486083984375,-234.99853515625,1004.255615234375,1070.23681640625,-21.82077407836914,1,19.106163024902344,5769.84765625,5695.357421875,-219.74559020996094,-175.10321044921875,90.9853515625,633.020751953125,735.65283203125,363.80908203125,1,17.82903289794922,5449.31396484375,5614.60546875,-201.65481567382812,-165.14569091796875,-109.035888671875,961.752685546875,603.326416015625,-102.00523376464844,1,22.27333641052246,6857.3134765625,6989.681640625,-249.02447509765625,-199.6320343017578,-293.780517578125,SN000368420812,Pumba,72489.366,2025-12-19T19:08:09.398Z,1765551346425294100,3D
633.5859375,22.14111328125,418.71923828125,1,29.332889556884766,8724.306640625,7761.45703125,-359.8409118652344,-273.50048828125,1050.37744140625,847.342529296875,-60.682373046875,129.20875549316406,1,28.330366134643555,8180.5283203125,7677.6357421875,-319.94854736328125,-246.76182556152344,408.333251953125,945.447265625,1310.6861572265625,156.94534301757812,1,15.480254173278809,4772.3193359375,5340.18359375,-167.7899169921875,-146.40280151367188,-387.371826171875,761.458984375,905.74072265625,332.48394775390625,1,19.42365837097168,6114.36865234375,5791.1943359375,-233.58511352539062,-179.07472229003906,119.41015625,1029.709716796875,811.125244140625,-57.548194885253906,1,22.4234619140625,6975.6787109375,6642.806640625,-263.1486511230469,-201.22134399414062,26.11328125,896.681884765625,1330.3597412109375,49.98455810546875,1,14.797901153564453,4549.2548828125,4527.81005859375,-167.16278076171875,-131.582275390625,-130.111328125,922.0859375,1322.143310546875,8.711883544921875,1,14.964654922485352,4532.9248046875,4725.498046875,-165.51580810546875,-136.2606964111328,-164.21240234375,778.59326171875,708.765625,225.5502166748047,1,24.26868438720703,7914.8603515625,7560.97802734375,-302.3778381347656,-233.74722290039062,153.710205078125,834.155029296875,674.9671630859375,76.05232238769531,1,25.302486419677734,7989.72900390625,7483.94970703125,-314.81890869140625,-243.43338012695312,472.9658203125,650.886962890625,366.637939453125,316.681640625,1,25.377769470214844,7967.8857421875,6795.603515625,-319.5464782714844,-229.59364318847656,657.294921875,824.76904296875,299.172607421875,83.16220092773438,1,28.880537033081055,9017.02734375,8171.44775390625,-357.0728759765625,-268.6653747558594,593.16943359375,967.87548828125,1167.778076171875,107.41363525390625,1,16.403884887695312,4966.3359375,4931.0107421875,-182.91546630859375,-143.8229522705078,-127.604248046875,878.831298828125,1299.998046875,10.884925842285156,1,16.08487892150879,5088.931640625,5175.5439453125,-186.3895721435547,-149.76699829101562,-166.20751953125,866.41357421875,1127.2718505859375,246.40538024902344,1,16.997905731201172,5390.78125,5475.4150390625,-195.04771423339844,-155.4468231201172,-255.34375,1001.1953125,1072.1324462890625,-23.762710571289062,1,19.130966186523438,5760.0859375,5726.7744140625,-219.37054443359375,-176.04188537597656,90.74755859375,633.36474609375,732.6646728515625,366.9368896484375,1,17.69170570373535,5415.2587890625,5654.7919921875,-198.71775817871094,-164.29330444335938,-163.888671875,971.2724609375,602.6226806640625,-100.8323974609375,1,22.623249053955078,7003.1630859375,7197.3251953125,-254.36630249023438,-205.71102905273438,-298.755126953125,SN000368420812,Pumba,72489.466,2025-12-19T19:08:09.495Z,1765551346457327900,3D
627.400390625,18.1611328125,420.13592529296875,1,27.77732276916504,8162.390625,7378.7509765625,-333.2364196777344,-255.1523895263672,869.72509765625,849.339599609375,-63.653564453125,130.162841796875,1,27.64275360107422,7672.3544921875,7717.9599609375,-300.73797607421875,-247.878662109375,405.682373046875,944.53369140625,1317.3319091796875,154.54965209960938,1,16.27820587158203,5147.86669921875,5350.2646484375,-185.28842163085938,-150.9001922607422,-275.982421875,762.249267578125,904.2196044921875,333.30413818359375,1,19.527950286865234,6094.623046875,5763.7431640625,-234.97743225097656,-180.91098022460938,190.186279296875,1025.820556640625,810.836181640625,-56.92028045654297,1,21.556058883666992,6258.556640625,6039.6806640625,-245.4931640625,-194.67752075195312,335.6865234375,895.447998046875,1332.0953369140625,46.36796569824219,1,14.879667282104492,4508.814453125,4480.6015625,-167.95028686523438,-133.03994750976562,-53.54638671875,920.73583984375,1321.418212890625,5.330574035644531,1,15.129045486450195,4604.28857421875,4885.58984375,-166.95993041992188,-139.54119873046875,-205.374755859375,782.364013671875,707.5794677734375,228.8936309814453,1,24.76225471496582,8052.6884765625,7831.5068359375,-308.32672119140625,-242.8583984375,178.902587890625,832.570556640625,675.0831298828125,76.45985412597656,1,25.625350952148438,8052.369140625,7593.9091796875,-318.7874755859375,-248.76071166992188,526.3564453125,653.009521484375,363.463134765625,316.99725341796875,1,25.1231689453125,7817.51123046875,6838.85498046875,-313.007568359375,-229.8030548095703,628.1806640625,825.188232421875,297.586181640625,83.15098571777344,1,30.24669075012207,9493.01171875,8626.7236328125,-378.6120300292969,-286.9195251464844,713.16552734375,966.775390625,1170.2835693359375,108.47738647460938,1,16.607521057128906,5009.39404296875,4913.7939453125,-186.57679748535156,-145.84927368164062,-59.97509765625,877.044921875,1299.8271484375,8.768882751464844,1,16.522327423095703,5177.9716796875,5296.6376953125,-192.30162048339844,-156.61502075195312,-81.349365234375,866.076171875,1128.1416015625,248.6077423095703,1,17.565784454345703,5739.658203125,5527.7353515625,-208.40133666992188,-157.3000946044922,-248.042236328125,1003.196533203125,1073.440673828125,-21.957088470458984,1,19.32164764404297,5825.83154296875,5652.7880859375,-224.25518798828125,-176.8156280517578,170.587890625,634.19677734375,729.577880859375,366.037353515625,1,17.928817749023438,5504.6865234375,5564.98193359375,-204.50765991210938,-164.60711669921875,-83.562744140625,966.3251953125,601.775390625,-101.01663208007812,1,23.712142944335938,7299.0263671875,7264.16845703125,-273.01715087890625,-217.1021728515625,-49.70654296875,SN000368420812,Pumba,72489.6,2025-12-19T19:08:09.601Z,1765551346489151400,3D
630.169921875,20.9296875,416.45758056640625,1,28.79454231262207,8522.296875,7632.6025390625,-350.63079833984375,-267.6094665527344,997.15576171875,845.08349609375,-59.110107421875,129.76939392089844,1,28.20409393310547,8132.6376953125,7725.14404296875,-316.4679870605469,-246.10250854492188,352.76220703125,947.623046875,1310.130859375,157.09979248046875,1,15.19912052154541,4658.296875,5197.4755859375,-163.84710693359375,-142.53285217285156,-375.80419921875,762.31884765625,905.2335205078125,332.6231689453125,1,18.977554321289062,5952.99609375,5659.029296875,-226.17626953125,-173.42271423339844,75.2060546875,1024.010498046875,808.3394775390625,-57.201332092285156,1,21.558076858520508,6231.9638671875,6049.39404296875,-245.09674072265625,-195.72479248046875,355.70849609375,893.32861328125,1325.426025390625,52.32038879394531,1,14.956727981567383,4572.2138671875,4577.86181640625,-169.09927368164062,-134.43020629882812,-94.576416015625,916.732666015625,1316.2236328125,10.175453186035156,1,15.097015380859375,4539.66845703125,4690.00439453125,-167.7191162109375,-137.62210083007812,-99.593505859375,781.694580078125,708.18603515625,228.7338409423828,1,24.471359252929688,7914.63671875,7684.4794921875,-303.4030456542969,-238.76345825195312,187.9833984375,829.012939453125,675.460693359375,76.46929931640625,1,25.332630157470703,7951.22509765625,7518.18310546875,-313.996826171875,-245.249267578125,493.76904296875,656.388427734375,365.73095703125,319.4927978515625,1,25.446334838867188,7953.88427734375,6947.2421875,-318.30596923828125,-233.279052734375,633.65771484375,822.46435546875,300.217041015625,84.19062805175781,1,31.80557632446289,9916.236328125,8966.560546875,-403.0731506347656,-307.8143310546875,995.83203125,967.83447265625,1166.2822265625,107.85972595214844,1,16.5129451751709,4976.9345703125,4894.7421875,-185.07608032226562,-144.9264373779297,-69.2275390625,874.087158203125,1293.548583984375,15.252365112304688,1,16.144088745117188,5085.2958984375,5167.837890625,-187.15899658203125,-150.66526794433594,-136.166748046875,866.370849609375,1126.7642822265625,246.6956329345703,1,17.406213760375977,5692.78955078125,5492.71630859375,-205.86376953125,-155.27874755859375,-273.670166015625,1004.01123046875,1069.439208984375,-21.380516052246094,1,19.186302185058594,5752.3857421875,5756.9208984375,-219.7676239013672,-177.8083953857422,113.49853515625,634.90478515625,731.9962158203125,366.58856201171875,1,18.38811492919922,5775.52880859375,5749.6064453125,-213.3261260986328,-168.45925903320312,-129.203857421875,963.408447265625,601.1646728515625,-102.06411743164062,1,22.75218963623047,6781.806640625,6613.41650390625,-258.6424865722656,-203.82530212402344,119.17578125,SN000368420812,Pumba,72489.666,2025-12-19T19:08:09.695Z,1765551346521561500,3D
626.57666015625,21.71826171875,418.7325439453125,1,27.813892364501953,8158.4833984375,7505.7119140625,-332.2674560546875,-257.9574890136719,842.469970703125,848.611328125,-59.8212890625,127.93748474121094,1,28.788219451904297,8238.5390625,7818.2578125,-325.6355895996094,-255.3752899169922,524.416015625,944.194580078125,1310.00732421875,155.7665557861328,1,15.568571090698242,4786.1142578125,5353.6259765625,-168.90577697753906,-147.55291748046875,-367.586181640625,762.380126953125,905.1075439453125,332.1591796875,1,19.411211013793945,6096.6611328125,5740.9150390625,-233.68446350097656,-178.51329040527344,144.79541015625,1023.798095703125,808.495361328125,-57.002498626708984,1,22.459199905395508,6957.0908203125,6665.36279296875,-263.2565002441406,-202.90914916992188,52.8525390625,891.8359375,1325.162841796875,49.90977478027344,1,14.90501880645752,4558.1298828125,4550.10009765625,-168.3479766845703,-133.31683349609375,-101.891845703125,916.243896484375,1316.52099609375,8.185028076171875,1,15.13068962097168,4622.52734375,4790.9951171875,-168.4911651611328,-137.74078369140625,-177.38427734375,781.972900390625,708.0909423828125,228.70277404785156,1,24.372982025146484,7884.01953125,7676.4521484375,-301.674560546875,-237.80267333984375,168.891357421875,829.439453125,675.29248046875,76.40045166015625,1,25.136043548583984,7841.291015625,7515.8974609375,-309.54217529296875,-244.78565979003906,483.274169921875,655.359375,365.980712890625,319.83843994140625,1,25.190134048461914,7783.32861328125,6831.05078125,-313.00885009765625,-231.1751251220703,670.90185546875,824.762939453125,299.796142578125,83.63839721679688,1,29.231447219848633,9045.3603515625,8257.8916015625,-361.3462219238281,-275.2743835449219,699.4375,966.857421875,1166.891357421875,107.09596252441406,1,16.676788330078125,5028.44921875,4926.99267578125,-187.64373779296875,-146.68374633789062,-48.384521484375,873.7978515625,1293.2181396484375,12.256385803222656,1,16.160404205322266,5082.35693359375,5149.68115234375,-187.44876098632812,-150.61712646484375,-122.887939453125,865.45751953125,1127.201904296875,246.0637664794922,1,17.30811882019043,5574.52197265625,5419.4931640625,-203.16357421875,-155.25543212890625,-215.59814453125,1003.213134765625,1069.8228759765625,-22.06830596923828,1,19.330402374267578,5807.5546875,5700.55322265625,-223.21051025390625,-177.81214904785156,158.789794921875,635.664794921875,731.207763671875,366.1517333984375,1,18.33585548400879,5759.03466796875,5788.65673828125,-211.90380859375,-168.63763427734375,-155.768310546875,964.928955078125,600.46826171875,-100.8375244140625,1,22.283361434936523,6859.48046875,7012.58447265625,-249.1904296875,-200.427978515625,-291.010009765625,SN000368420812,Pumba,72489.8,2025-12-19T19:08:09.803Z,1765551346569205300,3D
627.825927734375,24.875732421875,423.408447265625,1,29.022554397583008,8579.1943359375,7823.208984375,-352.6514892578125,-273.2090148925781,993.116455078125,843.623046875,-58.16943359375,130.16275024414062,1,28.709596633911133,8291.490234375,7845.9501953125,-324.97747802734375,-252.90306091308594,436.566650390625,950.13720703125,1311.1947021484375,155.83567810058594,1,16.633129119873047,5290.568359375,5519.4091796875,-190.67408752441406,-156.02069091796875,-275.535400390625,761.650390625,906.0770263671875,332.0694580078125,1,19.502822875976562,6042.55810546875,5723.72314453125,-234.084228515625,-181.0345458984375,225.54833984375,1024.3037109375,808.4063720703125,-58.14922332763672,1,21.50579071044922,6246.8134765625,5989.4755859375,-245.41445922851562,-193.6157684326172,347.7099609375,894.453857421875,1325.61669921875,51.99354553222656,1,14.823738098144531,4514.4384765625,4459.8447265625,-167.59124755859375,-131.70155334472656,-72.463623046875,916.756591796875,1314.886962890625,9.751518249511719,1,15.152840614318848,4651.53759765625,4810.263671875,-169.13052368164062,-137.7572784423828,-192.392333984375,779.1630859375,708.7857666015625,226.54005432128906,1,23.869844436645508,7662.85546875,7449.81201171875,-293.5520935058594,-231.2180938720703,175.634521484375,833.40673828125,674.5521240234375,77.37075805664062,1,25.40738868713379,8010.20263671875,7559.306640625,-315.7720642089844,-245.93463134765625,479.003173828125,658.075927734375,366.4420166015625,319.63714599609375,1,25.819107055664062,8117.39990234375,6990.16259765625,-325.7921142578125,-236.2340850830078,677.7548828125,824.014892578125,300.245361328125,83.04826354980469,1,30.39028549194336,9612.8232421875,8521.7783203125,-384.0724182128906,-284.9382019042969,744.64794921875,967.668212890625,1165.3621826171875,107.69544982910156,1,16.76531410217285,5095.1875,4982.8583984375,-189.46656799316406,-147.50894165039062,-71.244384765625,873.728759765625,1293.544677734375,16.092628479003906,1,15.950761795043945,5026.60009765625,5063.416015625,-184.66346740722656,-147.15798950195312,-145.63330078125,865.028076171875,1126.8438720703125,245.2676239013672,1,17.13485336303711,5507.8955078125,5298.3291015625,-201.1283721923828,-152.18963623046875,-199.9267578125,1002.964111328125,1068.6300048828125,-21.4720458984375,1,19.444807052612305,5843.6689453125,5758.802734375,-224.75900268554688,-179.80535888671875,165.046142578125,635.119140625,732.969482421875,366.60272216796875,1,17.86566162109375,5418.2265625,5621.40625,-201.2041778564453,-166.24913024902344,-85.15966796875,966.42333984375,600.802978515625,-101.98168182373047,1,23.685550689697266,7371.640625,7300.111328125,-273.85748291015625,-215.82418823242188,-112.478515625,SN000368420812,Pumba,72489.866,2025-12-19T19:08:09.897Z,1765551346601715300,3D
630.95361328125,21.0263671875,417.7186279296875,1,26.84687042236328,7817.3369140625,7317.3583984375,-315.597412109375,-247.4986572265625,715.593505859375,842.8603515625,-58.92236328125,134.68028259277344,1,29.123573303222656,8497.84375,7966.5751953125,-333.327392578125,-257.2677917480469,455.802978515625,946.156982421875,1314.529296875,153.71034240722656,1,15.86892318725586,4871.81201171875,5450.47314453125,-173.27081298828125,-151.8961181640625,-329.83447265625,762.717041015625,906.7587890625,332.644775390625,1,19.27836799621582,5988.5361328125,5672.740234375,-230.77027893066406,-177.89883422851562,183.111572265625,1026.4033203125,810.6162109375,-56.51683044433594,1,21.264902114868164,6174.0078125,5999.4638671875,-240.69532775878906,-191.44894409179688,282.1474609375,894.822509765625,1331.25634765625,47.737060546875,1,14.797223091125488,4461.7255859375,4450.71923828125,-166.26568603515625,-132.248291015625,-50.62060546875,918.44970703125,1320.133056640625,6.215278625488281,1,15.84937858581543,4822.1640625,5032.26318359375,-178.8339385986328,-148.54815673828125,-83.67578125,776.591552734375,709.1798095703125,225.17906188964844,1,24.55426025390625,8104.5322265625,7717.8583984375,-307.8851013183594,-236.44322204589844,99.583740234375,833.66357421875,674.782958984375,76.7685546875,1,25.374937057495117,8035.4501953125,7469.322265625,-316.6683044433594,-243.15216064453125,477.2294921875,659.21240234375,364.962890625,318.9857177734375,1,24.97161102294922,7718.64453125,6703.595703125,-310.369873046875,-227.0751190185547,664.150634765625,823.77978515625,299.81640625,84.61856079101562,1,30.185260772705078,9321.9765625,8438.427734375,-376.94989013671875,-287.197509765625,871.46435546875,964.70068359375,1167.574951171875,106.804443359375,1,16.70416831970215,5050.66259765625,4967.20263671875,-187.9141845703125,-147.19114685058594,-67.1328125,874.53173828125,1299.969970703125,10.7650146484375,1,16.235353469848633,5051.85888671875,5104.55224609375,-188.4285430908203,-151.91033935546875,-52.365478515625,861.34130859375,1129.6485595703125,244.2847442626953,1,17.618486404418945,5693.263671875,5468.7880859375,-208.9873046875,-158.4315948486328,-170.741943359375,1003.19873046875,1071.4874267578125,-22.034446716308594,1,19.281715393066406,5782.666015625,5823.201171875,-220.63137817382812,-179.4639434814453,104.36328125,637.192626953125,732.10546875,365.6322021484375,1,18.54733657836914,5818.31640625,5860.2734375,-214.9879913330078,-171.86209106445312,-127.516845703125,963.291015625,604.4869384765625,-102.14668273925781,1,22.797000885009766,6912.36572265625,7046.93359375,-256.4056701660156,-207.9828338623047,-117.84619140625,SN000368420812,Pumba,72489.966,2025-12-19T19:08:09.991Z,1765551346633292400,3D
629.167236328125,22.69091796875,418.1661376953125,1,29.789051055908203,8784.037109375,7792.33740234375,-366.76397705078125,-280.2643127441406,1205.2900390625,839.95751953125,-59.562744140625,133.87252807617188,1,28.055450439453125,7937.61669921875,7594.10986328125,-313.0986022949219,-247.1040496826172,484.347900390625,942.730224609375,1312.7177734375,153.5869903564453,1,15.54837417602539,4798.373046875,5444.90234375,-167.97409057617188,-148.56851196289062,-413.779052734375,764.162353515625,905.2852783203125,333.6185302734375,1,18.871322631835938,5759.556640625,5828.8369140625,-219.14215087890625,-178.85569763183594,83.419677734375,1023.935302734375,811.4256591796875,-57.53717041015625,1,22.488697052001953,7011.716796875,6658.015625,-264.73333740234375,-201.96437072753906,33.64697265625,892.28857421875,1325.51953125,46.61039733886719,1,15.037039756774902,4571.67333984375,4544.53759765625,-170.55487060546875,-135.26617431640625,-45.66064453125,917.189697265625,1315.33349609375,5.581329345703125,1,15.330814361572266,4616.57080078125,4784.08349609375,-171.18312072753906,-141.17059326171875,-80.74072265625,777.585205078125,709.07568359375,225.7765655517578,1,23.679466247558594,7576.51708984375,7403.892578125,-290.26885986328125,-229.791015625,174.5126953125,834.587646484375,674.496826171875,77.33834838867188,1,25.336915969848633,7895.88427734375,7521.35546875,-312.9045715332031,-246.5816192626953,526.62255859375,653.925048828125,366.1474609375,316.5484619140625,1,25.3548526763916,7859.4638671875,6876.9755859375,-315.8909606933594,-232.58094787597656,671.447998046875,822.74755859375,299.48681640625,84.73019409179688,1,30.51238441467285,9590.310546875,8484.8662109375,-385.77392578125,-287.0047912597656,829.1240234375,966.133544921875,1167.3248291015625,107.7392578125,1,16.580060958862305,5019.6337890625,4960.0126953125,-185.98069763183594,-146.01898193359375,-92.519775390625,874.38720703125,1292.78125,9.643424987792969,1,16.25581169128418,5102.0322265625,5184.2734375,-188.85923767089844,-152.49627685546875,-100.7080078125,863.83642578125,1127.9879150390625,245.78196716308594,1,16.6779727935791,5293.6259765625,5339.5556640625,-190.79061889648438,-150.5991973876953,-275.2333984375,1004.298095703125,1072.5194091796875,-22.048858642578125,1,18.996482849121094,5761.58154296875,5794.78515625,-216.88787841796875,-174.92608642578125,6.591064453125,636.728271484375,731.7860107421875,365.70892333984375,1,17.714696884155273,5348.15185546875,5610.6884765625,-197.97409057617188,-165.18704223632812,-104.780029296875,962.197265625,604.8232421875,-103.16495513916016,1,22.384368896484375,6882.275390625,7047.59228515625,-250.6946258544922,-202.2901611328125,-269.612548828125,SN000368420812,Pumba,72490.066,2025-12-19T19:08:10.085Z,1765551346665517400,3D
630.07421875,21.5751953125,419.57830810546875,1,27.955703735351562,8214.466796875,7721.1552734375,-332.7420654296875,-262.4205627441406,788.33935546875,842.468505859375,-60.7060546875,134.7980499267578,1,28.098180770874023,8073.009765625,7651.64990234375,-315.6842956542969,-245.70672607421875,401.102294921875,951.618896484375,1314.8193359375,155.11178588867188,1,15.527923583984375,4751.126953125,5330.14111328125,-168.28176879882812,-147.70867919921875,-344.64306640625,762.322265625,906.543701171875,332.31658935546875,1,19.28257942199707,6029.8505859375,5688.6298828125,-231.2681884765625,-177.0591278076172,148.0791015625,1024.88720703125,808.9840087890625,-57.594764709472656,1,21.220678329467773,6196.8701171875,5940.986328125,-241.39324951171875,-189.48123168945312,276.739013671875,895.107666015625,1330.53125,51.31195068359375,1,15.037172317504883,4613.36328125,4560.19140625,-171.0731658935547,-134.4271240234375,-80.49072265625,917.010009765625,1319.5738525390625,8.67333984375,1,15.200117111206055,4611.796875,4755.982421875,-169.59500122070312,-138.56561279296875,-127.408203125,778.64306640625,709.414306640625,225.7164764404297,1,23.768287658691406,7709.24072265625,7512.34765625,-292.5811767578125,-229.71461486816406,85.558837890625,834.577880859375,674.85693359375,76.47520446777344,1,25.41518211364746,7918.30419921875,7534.69873046875,-314.1443786621094,-247.47808837890625,539.744140625,655.5927734375,365.3052978515625,316.28460693359375,1,25.253520965576172,7948.7216796875,6832.3408203125,-317.1042175292969,-228.55517578125,600.26416015625,824.826416015625,298.9705810546875,84.48954772949219,1,27.08755874633789,8513.341796875,7829.103515625,-327.98944091796875,-245.70706176757812,257.69970703125,967.43017578125,1168.085693359375,106.23175048828125,1,16.601112365722656,5018.74462890625,4919.87109375,-186.65487670898438,-145.6907958984375,-69.059326171875,873.5263671875,1298.7706298828125,15.304718017578125,1,16.34951400756836,5169.52978515625,5188.697265625,-191.10211181640625,-152.2581024169922,-110.5673828125,863.890869140625,1128.892578125,244.06324768066406,1,17.07944107055664,5447.7431640625,5307.43408203125,-199.24664306640625,-152.94175720214844,-187.252197265625,1002.22802734375,1070.6072998046875,-23.485729217529297,1,18.99237823486328,5693.0869140625,5659.9755859375,-217.1613311767578,-174.41680908203125,101.113525390625,635.3837890625,732.453857421875,366.37493896484375,1,17.99846649169922,5524.1669921875,5698.8583984375,-203.99929809570312,-167.0975799560547,-124.698974609375,966.559814453125,600.585205078125,-101.8735122680664,1,22.349266052246094,6880.162109375,7067.0146484375,-250.03277587890625,-202.14959716796875,-288.917724609375,SN000368420812,Pumba,72490.166,2025-12-19T19:08:10.184Z,1765551346697388600,3D
631.991943359375,21.017333984375,420.47308349609375,1,27.828615188598633,8195.1396484375,7527.60498046875,-332.9180603027344,-257.7080993652344,818.297607421875,843.519775390625,-61.6162109375,134.92893981933594,1,28.51852035522461,8068.6337890625,8018.435546875,-316.5130920410156,-258.013671875,434.0537109375,948.740478515625,1311.9014892578125,156.88211059570312,1,16.37306785583496,5220.65478515625,5431.1201171875,-186.82638549804688,-151.84005737304688,-315.81494140625,763.131591796875,905.3436279296875,332.588623046875,1,19.13199234008789,5865.3212890625,5944.0966796875,-223.21194458007812,-182.44349670410156,86.34228515625,1025.974853515625,808.337158203125,-57.20510482788086,1,21.59042739868164,6303.03662109375,6046.7646484375,-246.8679656982422,-194.5171661376953,325.739501953125,894.23486328125,1329.7421875,52.29972839355469,1,15.13448715209961,4690.63330078125,4624.31640625,-173.08433532714844,-135.24188232421875,-110.245849609375,917.3603515625,1320.6796875,9.838798522949219,1,15.199657440185547,4620.15478515625,4772.80859375,-169.68072509765625,-138.78750610351562,-135.009033203125,778.842041015625,708.8546142578125,225.8240203857422,1,23.98544692993164,7799.79931640625,7534.6845703125,-296.86126708984375,-231.47520446777344,114.4267578125,834.91552734375,674.2061767578125,76.5814208984375,1,25.292001724243164,8009.3369140625,7529.13232421875,-314.30609130859375,-243.23623657226562,431.527099609375,654.997802734375,364.9520263671875,316.7474365234375,1,25.509822845458984,7957.86279296875,6874.8544921875,-320.04150390625,-233.0734405517578,686.217529296875,825.391357421875,298.151611328125,84.34866333007812,1,28.714174270629883,8957.09375,8191.93359375,-353.41131591796875,-267.53021240234375,546.600830078125,967.666748046875,1167.7657470703125,106.47030639648438,1,16.49736976623535,5003.31103515625,4939.6162109375,-184.71981811523438,-144.59719848632812,-113.93310546875,874.213623046875,1298.689697265625,14.77362060546875,1,15.765283584594727,4765.71826171875,5111.525390625,-176.88836669921875,-151.16195678710938,-77.843994140625,864.150390625,1128.0556640625,244.30030822753906,1,17.13616943359375,5522.75390625,5378.13916015625,-200.58848571777344,-153.22608947753906,-236.37109375,1002.914306640625,1070.034423828125,-23.073623657226562,1,19.267192840576172,5800.822265625,5678.87890625,-222.6387481689453,-176.76087951660156,148.2275390625,636.322998046875,730.9859619140625,366.3431396484375,1,17.908466339111328,5416.0537109375,5618.12548828125,-201.8288116455078,-167.03143310546875,-61.75341796875,968.91552734375,599.4901123046875,-101.48506164550781,1,23.910655975341797,7421.3173828125,7341.5615234375,-277.1965026855469,-218.90765380859375,-63.787109375,SN000368420812,Pumba,72490.266,2025-12-19T19:08:10.285Z,1765551346729511600,3D
631.893310546875,17.210205078125,418.30938720703125,1,29.32910919189453,8667.783203125,7735.662109375,-359.0822448730469,-274.4303894042969,1095.751220703125,842.66015625,-63.861572265625,136.5687255859375,1,29.296707153320312,8531.525390625,7920.9267578125,-336.6186218261719,-258.41510009765625,522.877685546875,944.545654296875,1311.234619140625,156.7035675048828,1,15.908360481262207,4938.974609375,5461.791015625,-175.00079345703125,-151.2413787841797,-356.302490234375,762.18408203125,904.8212890625,332.7470703125,1,19.277183532714844,5965.54248046875,5676.853515625,-230.1785430908203,-178.36471557617188,192.1962890625,1025.79541015625,807.90283203125,-56.93229675292969,1,21.373249053955078,6220.70703125,5966.48486328125,-243.31765747070312,-191.53233337402344,310.80126953125,892.077392578125,1325.61279296875,50.168243408203125,1,15.037603378295898,4606.791015625,4573.228515625,-170.8450927734375,-134.84457397460938,-79.853759765625,916.904052734375,1317.3978271484375,8.334259033203125,1,15.250872611999512,4587.111328125,4773.041015625,-169.75570678710938,-140.4400634765625,-91.29931640625,777.89111328125,708.348388671875,226.9224395751953,1,23.921104431152344,7882.21337890625,7526.67578125,-297.6226501464844,-228.3126983642578,36.840087890625,833.91650390625,673.8023681640625,77.12016296386719,1,25.460224151611328,8021.4404296875,7518.4521484375,-316.8530578613281,-245.52320861816406,500.8408203125,654.1318359375,362.9091796875,316.66790771484375,1,24.96085548400879,7754.12744140625,6732.54150390625,-310.65191650390625,-226.63363647460938,629.217041015625,823.4873046875,296.6646728515625,84.19609069824219,1,29.152875900268555,9074.0517578125,8289.7099609375,-360.184814453125,-273.4381408691406,625.17431640625,968.379638671875,1168.3204345703125,107.80046081542969,1,16.46356964111328,4988.1865234375,4897.12060546875,-184.4777374267578,-143.7233428955078,-103.083740234375,874.6650390625,1293.23388671875,12.248817443847656,1,16.17795181274414,5113.47119140625,5240.24462890625,-187.32984924316406,-151.73973083496094,-165.663330078125,864.139404296875,1128.50341796875,245.7699737548828,1,17.238025665283203,5567.7353515625,5391.22119140625,-202.58973693847656,-154.00503540039062,-226.161865234375,1003.44970703125,1070.364013671875,-22.215606689453125,1,19.02758026123047,5733.2373046875,5723.26953125,-217.59249877929688,-174.97874450683594,65.31201171875,634.750244140625,729.9146728515625,365.39251708984375,1,17.702503204345703,5400.8720703125,5587.134765625,-199.08682250976562,-163.3885040283203,-133.677734375,965.940185546875,599.3431396484375,-102.07559204101562,1,22.951990127563477,7076.48291015625,6973.15234375,-262.2438659667969,-205.3325958251953,-129.09912109375,SN000368420812,Pumba,72490.366,2025-12-19T19:08:10.385Z,1765551346761523200,3D
627.533935546875,24.545166015625,417.6375732421875,1,28.346837997436523,8287.564453125,7615.6025390625,-340.15655517578125,-265.0536804199219,942.91162109375,845.376953125,-58.12646484375,129.85693359375,1,29.1237850189209,8575.818359375,8013.1826171875,-333.9715576171875,-255.8157501220703,379.8916015625,948.879638671875,1315.701416015625,152.4896697998047,1,15.248763084411621,4686.33251953125,5200.5908203125,-164.7932891845703,-142.4908447265625,-379.4052734375,765.21240234375,905.58349609375,332.5328369140625,1,18.962888717651367,5913.38037109375,5625.501953125,-225.66664123535156,-173.6359405517578,107.740234375,1023.76318359375,810.754150390625,-57.63311767578125,1,22.691984176635742,7027.26025390625,6688.7685546875,-267.2711181640625,-205.32858276367188,98.3681640625,896.9794921875,1330.87255859375,46.632354736328125,1,14.741716384887695,4426.1005859375,4445.65234375,-165.01495361328125,-132.2080841064453,-47.633056640625,920.251220703125,1318.88134765625,5.1838531494140625,1,15.576650619506836,4832.64208984375,5062.228515625,-175.1230926513672,-144.33016967773438,-219.7421875,779.862060546875,710.517578125,226.7153778076172,1,24.23541259765625,8000.2470703125,7695.7529296875,-301.99932861328125,-233.33090209960938,34.624267578125,834.050048828125,675.0765380859375,77.571044921875,1,25.465166091918945,8072.99755859375,7652.1201171875,-316.3065185546875,-246.4528350830078,418.39794921875,656.6298828125,367.5263671875,316.58209228515625,1,25.69094467163086,8118.19384765625,6949.41259765625,-324.53814697265625,-233.40283203125,635.2109375,823.2265625,300.272216796875,80.09138488769531,1,28.86321449279785,8944.103515625,8189.68359375,-355.1440124511719,-270.2342834472656,620.237060546875,966.7685546875,1167.55859375,106.20619201660156,1,16.60879135131836,4993.11962890625,4925.4130859375,-186.14306640625,-146.42311096191406,-54.04443359375,876.266845703125,1299.085693359375,10.369949340820312,1,16.010726928710938,4982.75927734375,5127.15380859375,-183.8303985595703,-150.10092163085938,-118.5419921875,865.786376953125,1127.68701171875,244.81809997558594,1,17.37010955810547,5641.79296875,5440.140625,-205.15985107421875,-155.20921325683594,-233.38427734375,1005.787353515625,1071.8304443359375,-22.715534210205078,1,19.504365921020508,5914.10546875,5796.52685546875,-226.42926025390625,-179.71923828125,132.521728515625,639.927978515625,731.224853515625,367.14776611328125,1,18.04758644104004,5443.5791015625,5792.0283203125,-202.03045654296875,-171.23739624023438,-89.40673828125,968.083984375,602.0455322265625,-100.53781127929688,1,22.27665138244629,6835.2734375,7001.2607421875,-248.55712890625,-200.43341064453125,-281.777587890625,SN000368420812,Pumba,72490.466,2025-12-19T19:08:10.485Z,1765551346793181800,3D
628.96923828125,17.266357421875,419.23846435546875,1,28.887523651123047,8447.3447265625,7713.7646484375,-349.7813415527344,-272.5185241699219,1062.488525390625,849.98046875,-64.412353515625,130.88169860839844,1,27.75531768798828,7882.966796875,7581.142578125,-308.1246337890625,-243.07400512695312,387.6953125,943.893798828125,1312.838134765625,154.9943389892578,1,16.142759323120117,5020.4775390625,5691.044921875,-177.0018768310547,-156.82701110839844,-391.682861328125,765.8134765625,903.596923828125,334.160400390625,1,18.837921142578125,5885.015625,5621.45361328125,-223.41390991210938,-172.0355682373047,68.4794921875,1025.252685546875,809.4791259765625,-57.913570404052734,1,21.182018280029297,6160.673828125,5959.7646484375,-239.9520263671875,-189.94981384277344,274.135986328125,893.453857421875,1323.978271484375,46.93946838378906,1,15.00130558013916,4621.92578125,4534.3076171875,-171.05502319335938,-133.2213592529297,-91.77294921875,919.19970703125,1314.760498046875,5.805244445800781,1,15.231904983520508,4652.5615234375,4799.97705078125,-170.24432373046875,-138.7885284423828,-156.748046875,780.51611328125,707.8067626953125,229.39183044433594,1,24.4483642578125,8008.6748046875,7531.736328125,-306.9584045410156,-234.1735076904297,188.466552734375,832.597900390625,674.0604248046875,77.77835083007812,1,24.982669830322266,7936.2353515625,7398.99658203125,-310.42926025390625,-237.90609741210938,394.241455078125,651.45751953125,363.436279296875,317.69891357421875,1,25.55130386352539,7970.25537109375,6995.6826171875,-319.40374755859375,-235.34133911132812,649.61572265625,823.985107421875,296.3594970703125,80.08016967773438,1,29.171226501464844,9315.3896484375,8132.57421875,-367.111083984375,-266.0028381347656,553.5966796875,968.866943359375,1168.558837890625,108.50717163085938,1,16.491283416748047,4969.46923828125,4934.36328125,-184.07615661621094,-145.22512817382812,-93.043701171875,876.97509765625,1290.424072265625,9.539054870605469,1,16.17723274230957,5135.919921875,5165.0322265625,-188.59083557128906,-149.9893035888672,-151.874267578125,868.261962890625,1128.2012939453125,249.21388244628906,1,17.23406982421875,5550.0478515625,5356.498046875,-202.54083251953125,-153.7271270751953,-205.708251953125,1004.359619140625,1072.29931640625,-22.542808532714844,1,19.12002944946289,5790.173828125,5707.44775390625,-220.0148162841797,-174.8494110107422,74.5615234375,632.455810546875,732.3961181640625,364.4876708984375,1,18.028837203979492,5523.8974609375,5574.1953125,-205.73753356933594,-165.51773071289062,-66.73681640625,963.2265625,601.1568603515625,-102.53937530517578,1,22.29683494567871,6767.85888671875,7020.10888671875,-247.3260955810547,-202.6326446533203,-238.4638671875,SN000368420812,Pumba,72490.566,2025-12-19T19:08:10.587Z,1765551346825185600,3D
633.750244140625,15.812744140625,421.609130859375,1,30.120025634765625,8900.216796875,7994.9423828125,-370.83099365234375,-285.9949951171875,1195.134521484375,850.21435546875,-66.87890625,130.26864624023438,1,27.365646362304688,7786.57763671875,7453.0537109375,-302.0205078125,-236.1214141845703,305.713623046875,949.309814453125,1318.641845703125,152.15939331054688,1,16.010068893432617,4943.892578125,5562.88720703125,-175.4537811279297,-154.6256103515625,-347.447998046875,766.117431640625,905.278076171875,333.938232421875,1,19.240222930908203,6025.6298828125,5690.07421875,-230.4730987548828,-176.30909729003906,127.00634765625,1026.178466796875,807.911865234375,-58.19438171386719,1,21.22932243347168,6182.455078125,5945.4326171875,-241.02978515625,-189.83920288085938,282.692626953125,894.295654296875,1328.4244384765625,45.77162170410156,1,15.123818397521973,4600.90673828125,4624.98046875,-171.1115264892578,-137.01502990722656,-63.6689453125,917.9423828125,1317.1298828125,3.7059173583984375,1,15.192184448242188,4610.53466796875,4772.24853515625,-169.17010498046875,-138.58570861816406,-139.90625,781.816162109375,707.65625,228.9893035888672,1,23.96059799194336,7799.4580078125,7550.787109375,-296.1671142578125,-231.11135864257812,91.864013671875,834.156494140625,674.328857421875,76.77822875976562,1,25.127357482910156,7893.3857421875,7487.341796875,-310.5085754394531,-242.6832275390625,450.32763671875,650.57080078125,362.544677734375,316.623046875,1,25.02642250061035,7843.0009765625,6663.87158203125,-314.1486511230469,-224.74989318847656,634.20947265625,825.710693359375,295.3662109375,80.38955688476562,1,29.414920806884766,9189.3515625,8412.7353515625,-364.35601806640625,-276.93890380859375,619.56103515625,970.4609375,1170.7652587890625,106.72010803222656,1,16.432453155517578,4945.5751953125,4910.02294921875,-183.0778045654297,-144.367431640625,-96.314208984375,875.012451171875,1294.2783203125,10.033271789550781,1,16.09455680847168,5046.955078125,5176.4150390625,-185.38095092773438,-150.50685119628906,-147.231689453125,868.760498046875,1130.2470703125,247.50709533691406,1,17.081523895263672,5453.90869140625,5316.8701171875,-199.08877563476562,-152.7401580810547,-200.158447265625,1001.919189453125,1071.5511474609375,-24.37994384765625,1,19.1213436126709,5757.939453125,5736.875,-219.15472412109375,-176.1781005859375,86.265625,634.926513671875,731.8197021484375,366.15142822265625,1,17.897628784179688,5509.5546875,5573.9853515625,-204.1117401123047,-164.15611267089844,-102.76220703125,963.7861328125,598.467529296875,-100.71765899658203,1,22.299034118652344,6820.333984375,6962.6494140625,-249.2764892578125,-200.86734008789062,-239.3173828125,SN000368420812,Pumba,72490.666,2025-12-19T19:08:10.691Z,1765551346857685000,3D
631.409912109375,17.333740234375,417.56005859375,1,28.66699981689453,8257.134765625,7673.60400390625,-342.9456787109375,-271.7131652832031,1073.33447265625,848.29150390625,-63.59375,131.5994415283203,1,29.191524505615234,8416.234375,7923.6005859375,-332.2834777832031,-258.5029602050781,523.11376953125,949.2333984375,1312.221435546875,157.60400390625,1,16.50438690185547,5260.57763671875,5472.77197265625,-189.04275512695312,-153.98672485351562,-292.190673828125,761.420654296875,907.4793701171875,331.91436767578125,1,19.135982513427734,5980.1591796875,5670.982421875,-228.5106964111328,-175.4202880859375,118.696044921875,1022.0712890625,808.051513671875,-57.79345703125,1,22.092323303222656,6792.9970703125,6598.923828125,-255.96588134765625,-199.51577758789062,15.971435546875,895.264892578125,1329.656494140625,52.21714782714844,1,15.058895111083984,4594.0478515625,4549.3330078125,-171.14315795898438,-135.09400939941406,-54.0732421875,919.031494140625,1321.148193359375,9.802566528320312,1,15.777490615844727,4785.173828125,4905.0166015625,-178.7551727294922,-146.34783935546875,-40.137451171875,781.26513671875,707.7537841796875,228.6134796142578,1,24.25845718383789,7915.6064453125,7591.416015625,-301.748779296875,-233.8459930419922,131.946044921875,832.989013671875,674.2498779296875,76.95428466796875,1,25.313188552856445,7940.748046875,7525.36083984375,-313.3414306640625,-245.140380859375,485.130615234375,652.610107421875,363.3289794921875,316.0982666015625,1,24.426340103149414,7552.755859375,6750.6298828125,-299.6776428222656,-222.94522094726562,516.73388671875,823.252685546875,296.8607177734375,80.00813293457031,1,29.250877380371094,9188.0478515625,8278.984375,-363.6188659667969,-272.0449523925781,596.77099609375,970.3603515625,1168.4664306640625,107.55218505859375,1,16.545894622802734,4951.97900390625,4885.8046875,-185.0085906982422,-145.74490356445312,-40.313232421875,876.074951171875,1298.3299560546875,14.237174987792969,1,16.332225799560547,5155.65576171875,5185.1044921875,-190.67672729492188,-152.27061462402344,-107.356689453125,867.782470703125,1130.055908203125,247.0325469970703,1,17.556106567382812,5725.44580078125,5510.9736328125,-208.2076873779297,-157.22023010253906,-236.728759765625,1004.284912109375,1070.9906005859375,-23.094219207763672,1,18.93728256225586,5657.4482421875,5618.98046875,-216.33447265625,-173.82203674316406,118.166748046875,634.541015625,732.9493408203125,369.11224365234375,1,18.149093627929688,5713.26171875,5694.884765625,-209.68896484375,-165.19480895996094,-172.063232421875,964.096435546875,598.449951171875,-101.0396728515625,1,22.966766357421875,7176.2578125,7299.9228515625,-260.6091613769531,-208.46603393554688,-307.7841796875,SN000368420812,Pumba,72490.766,2025-12-19T19:08:10.799Z,1765551346905266700,3D
629.56201171875,23.2626953125,421.14923095703125,1,27.815845489501953,8196.9326171875,7475.82861328125,-333.1253967285156,-256.3206787109375,822.9580078125,847.222412109375,-58.627197265625,132.04356384277344,1,28.55044937133789,8206.2412109375,7717.486328125,-322.6175842285156,-250.0869140625,464.7353515625,944.184326171875,1309.2413330078125,156.87753295898438,1,16.376060485839844,5242.294921875,5433.88232421875,-187.24862670898438,-151.433837890625,-328.820556640625,763.70947265625,905.1533203125,333.53900146484375,1,19.390949249267578,6023.0478515625,5671.12353515625,-232.99545288085938,-179.0052490234375,213.794189453125,1026.55078125,809.484375,-57.207977294921875,1,21.433815002441406,6245.8955078125,6033.98291015625,-243.97813415527344,-193.2096405029297,301.244140625,893.801025390625,1324.6044921875,50.10154724121094,1,15.106182098388672,4631.955078125,4600.47119140625,-171.85728454589844,-135.74755859375,-77.698974609375,919.167236328125,1316.640380859375,8.818252563476562,1,15.64506721496582,4786.939453125,4956.15185546875,-176.4868621826172,-144.97763061523438,-117.524658203125,779.63720703125,708.4761962890625,225.3313446044922,1,24.151683807373047,7911.67578125,7577.447265625,-300.4573974609375,-231.99781799316406,94.045654296875,834.61376953125,675.1795654296875,75.69313049316406,1,25.84954071044922,8229.162109375,7714.2021484375,-323.6669006347656,-250.1743621826172,467.4912109375,653.62841796875,366.17138671875,316.5115966796875,1,25.108972549438477,7809.0087890625,6852.9296875,-312.2561950683594,-229.68988037109375,613.906005859375,823.145751953125,299.7901611328125,79.10409545898438,1,28.576305389404297,9066.080078125,8115.921875,-354.55413818359375,-261.5436096191406,448.49951171875,968.757080078125,1167.185791015625,108.33976745605469,1,16.5063533782959,4951.64013671875,4895.26318359375,-184.28392028808594,-145.1421661376953,-63.901123046875,876.96337890625,1292.747802734375,11.826011657714844,1,16.050432205200195,4897.48388671875,5312.8486328125,-180.6092071533203,-155.69007873535156,-118.9140625,864.64501953125,1127.3924560546875,245.33653259277344,1,17.349943161010742,5550.099609375,5375.462890625,-203.8435516357422,-155.9223175048828,-162.59619140625,1005.14599609375,1070.578857421875,-21.123920440673828,1,19.0372314453125,5684.0166015625,5602.962890625,-218.22030639648438,-174.44393920898438,147.53369140625,637.437255859375,730.953369140625,367.587646484375,1,18.635509490966797,5872.8603515625,6026.1396484375,-215.20108032226562,-174.57070922851562,-188.50927734375,964.85107421875,602.66796875,-102.79866027832031,1,23.106910705566406,7137.3876953125,7289.93115234375,-261.8421325683594,-211.52853393554688,-218.423583984375,SN000368420812,Pumba,72490.9,2025-12-19T19:08:10.901Z,1765551346937696400,3D
628.726318359375,23.833984375,416.69769287109375,1,29.799549102783203,8756.701171875,7810.685546875,-366.35223388671875,-281.58782958984375,1225.73193359375,845.45166015625,-58.2041015625,131.2205047607422,1,28.744327545166016,8067.8837890625,7904.3994140625,-320.6728820800781,-259.7983703613281,572.87451171875,948.562744140625,1312.733642578125,154.34353637695312,1,16.926925659179688,5392.7998046875,5713.3115234375,-194.12945556640625,-161.38075256347656,-288.564208984375,763.877685546875,906.42431640625,333.50592041015625,1,19.50418472290039,6137.38427734375,5795.87890625,-234.9544677734375,-179.84364318847656,136.08447265625,1024.222412109375,810.3375244140625,-58.061458587646484,1,22.496871948242188,7007.59521484375,6642.70703125,-264.8944091796875,-201.89710998535156,44.1328125,896.260009765625,1325.937744140625,48.34967041015625,1,14.786142349243164,4527.30029296875,4509.3984375,-166.6399688720703,-131.4058380126953,-120.030517578125,920.114501953125,1315.020263671875,6.904823303222656,1,16.011646270751953,5009.6865234375,5168.8388671875,-182.8285675048828,-148.8452911376953,-185.2451171875,781.88623046875,708.427001953125,228.68492126464844,1,24.299924850463867,7990.51513671875,7750.39697265625,-301.9341735839844,-235.35560607910156,44.614990234375,833.486328125,675.167724609375,78.03353881835938,1,25.77800750732422,8069.95947265625,7710.3828125,-319.7236328125,-252.61685180664062,535.4365234375,650.333740234375,367.5389404296875,315.5438232421875,1,25.318565368652344,7970.671875,7030.119140625,-316.0067443847656,-232.12240600585938,536.502197265625,822.377685546875,300.1702880859375,80.30630493164062,1,28.227405548095703,9184.2607421875,7991.58984375,-353.7961120605469,-251.2953643798828,275.91357421875,968.481689453125,1166.5015869140625,108.22653198242188,1,16.58442497253418,4982.298828125,4848.47705078125,-186.48797607421875,-145.04037475585938,-29.107421875,876.9697265625,1293.366455078125,11.9583740234375,1,15.819019317626953,4819.09326171875,5133.0068359375,-178.02757263183594,-150.72491455078125,-106.651611328125,866.656494140625,1128.111572265625,246.89341735839844,1,17.523740768432617,5748.1171875,5561.9189453125,-207.67030334472656,-157.02197265625,-282.832275390625,1003.843017578125,1071.2205810546875,-21.976470947265625,1,19.18935775756836,5751.05859375,5623.1083984375,-221.19918823242188,-175.6195831298828,162.619140625,634.4677734375,734.4041748046875,365.25341796875,1,18.61438751220703,5949.4755859375,5806.60986328125,-218.81695556640625,-168.86000061035156,-164.240478515625,963.281982421875,603.443603515625,-103.15169525146484,1,21.984760284423828,6738.2861328125,6930.302734375,-243.92628479003906,-197.06983947753906,-314.265380859375,SN000368420812,Pumba,72491,2025-12-19T19:08:11.005Z,1765551346969476100,3D
627.864501953125,20.46875,421.21966552734375,1,31.379976272583008,9164.400390625,8222.0244140625,-390.1322021484375,-304.5191650390625,1505.17529296875,847.936767578125,-60.979248046875,132.7471466064453,1,27.927444458007812,7890.74609375,7743.20458984375,-308.5845947265625,-248.1724090576172,393.235595703125,950.008056640625,1312.326171875,157.37637329101562,1,16.377513885498047,5222.88232421875,5462.1845703125,-186.60975646972656,-152.40240478515625,-325.779052734375,762.523193359375,906.438720703125,333.177490234375,1,19.287504196166992,6056.921875,5704.99267578125,-231.6990966796875,-176.8189239501953,128.580810546875,1027.794189453125,808.3033447265625,-56.69468688964844,1,22.873336791992188,7033.228515625,6682.919921875,-270.05389404296875,-208.3435516357422,183.1328125,896.240966796875,1329.5693359375,52.286590576171875,1,15.000251770019531,4591.1953125,4621.81103515625,-169.275146484375,-135.08445739746094,-112.408203125,919.53369140625,1319.8798828125,10.045188903808594,1,15.571311950683594,4803.81103515625,5057.6806640625,-174.36219787597656,-144.59803771972656,-208.96875,779.436767578125,707.94189453125,229.00416564941406,1,24.355722427368164,7980.82421875,7602.771484375,-304.1585693359375,-234.13189697265625,130.437744140625,834.89306640625,674.3907470703125,79.24679565429688,1,25.447834014892578,8079.6796875,7502.16650390625,-318.091796875,-243.8418426513672,469.22314453125,652.892333984375,364.1617431640625,316.92230224609375,1,25.57297134399414,8063.94091796875,6905.49609375,-322.88482666015625,-232.56265258789062,648.067138671875,823.866943359375,298.2259521484375,80.18278503417969,1,28.842315673828125,9204.8369140625,8028.97900390625,-361.9594421386719,-261.6420593261719,520.78662109375,968.48583984375,1167.39306640625,108.66043090820312,1,16.578176498413086,4986.23583984375,4889.63916015625,-185.969482421875,-145.45053100585938,-51.202392578125,876.165771484375,1298.302490234375,14.953666687011719,1,15.384881973266602,4488.7734375,4613.4833984375,-172.3449249267578,-143.47412109375,117.137939453125,865.85888671875,1129.220458984375,247.6422576904297,1,17.162353515625,5538.291015625,5358.509765625,-201.31655883789062,-152.8126220703125,-231.611572265625,1003.563232421875,1069.694580078125,-20.68515396118164,1,19.49724578857422,5855.42529296875,5724.130859375,-226.11895751953125,-179.90380859375,195.448486328125,636.221923828125,731.78076171875,367.54693603515625,1,18.032814025878906,5530.85400390625,5599.3251953125,-205.98216247558594,-166.25396728515625,-67.343994140625,966.12646484375,600.808349609375,-101.36201477050781,1,22.628482818603516,7035.2412109375,7075.31982421875,-256.4364318847656,-203.10604858398438,-270.160400390625,SN000368420812,Pumba,72491.1,2025-12-19T19:08:11.108Z,1765551347001770000,3D
631.69140625,20.28759765625,417.4375,1,28.3985538482666,8437.6630859375,7784.599609375,-342.0218505859375,-265.42962646484375,817.422119140625,844.472412109375,-59.57861328125,131.19940185546875,1,28.547080993652344,8247.51953125,7949.73828125,-320.706298828125,-252.77102661132812,349.875,946.245849609375,1312.3961181640625,155.0487518310547,1,16.581634521484375,5256.66015625,5483.33984375,-189.62339782714844,-155.21434020996094,-268.036376953125,765.015869140625,903.50830078125,334.0880126953125,1,19.420330047607422,6049.2568359375,5717.03173828125,-233.23516845703125,-179.45858764648438,189.046630859375,1025.44384765625,808.869873046875,-57.61735534667969,1,23.02294158935547,7152.916015625,6747.89208984375,-273.2265625,-208.64111328125,138.97900390625,898.468505859375,1333.7001953125,48.07389831542969,1,14.740518569946289,4457.7001953125,4437.1044921875,-165.65496826171875,-131.2645721435547,-65.8427734375,923.338623046875,1323.864990234375,6.8829193115234375,1,16.02324676513672,4971.25830078125,5107.697265625,-183.0857391357422,-149.12615966796875,-128.78515625,780.941650390625,707.7593994140625,229.16249084472656,1,24.092185974121094,7893.1455078125,7599.52880859375,-299.1483154296875,-231.9010467529297,73.7705078125,830.86328125,674.7391357421875,77.67442321777344,1,24.898862838745117,7791.49609375,7376.3203125,-306.7910461425781,-239.48095703125,454.2548828125,654.827880859375,364.42041015625,316.4757080078125,1,26.143693923950195,8203.5048828125,6880.1025390625,-333.1148986816406,-238.00527954101562,813.0126953125,821.440185546875,299.2247314453125,80.03926086425781,1,28.90703582763672,8868.6650390625,8200.8173828125,-354.2325134277344,-272.97613525390625,684.14306640625,965.44580078125,1167.0982666015625,106.74920654296875,1,16.595916748046875,5037.17626953125,4918.5595703125,-186.84503173828125,-145.02288818359375,-85.743896484375,879.040283203125,1304.02099609375,9.267402648925781,1,16.621566772460938,5286.8828125,5260.87939453125,-196.14732360839844,-155.21875,-89.7822265625,865.91162109375,1126.223388671875,246.9246368408203,1,17.13232421875,5486.5390625,5322.041015625,-200.4553680419922,-153.0684356689453,-195.591064453125,1001.447509765625,1069.8948974609375,-22.360820770263672,1,19.066688537597656,5734.83837890625,5644.33056640625,-219.0486297607422,-174.33853149414062,111.577880859375,636.06884765625,730.9722900390625,366.78033447265625,1,17.787460327148438,5431.470703125,5618.830078125,-200.43911743164062,-164.59481811523438,-127.039306640625,965.706298828125,601.1212158203125,-101.72994995117188,1,25.200626373291016,7911.61474609375,7983.5615234375,-295.82891845703125,-238.49684143066406,-57.993896484375,SN000368420812,Pumba,72491.2,2025-12-19T19:08:11.222Z,1765551347033361300,3D
630.538818359375,22.3935546875,421.40478515625,1,28.08287811279297,8212.9228515625,7802.09521484375,-333.1549377441406,-265.45074462890625,803.97314453125,846.181640625,-60.31396484375,129.7655487060547,1,28.898149490356445,8300.453125,7811.37451171875,-328.35662841796875,-255.65455627441406,537.350341796875,949.911865234375,1310.8885498046875,157.65586853027344,1,16.274715423583984,5201.66796875,5412.443359375,-185.5292205810547,-150.5497283935547,-335.130126953125,763.723388671875,906.2001953125,332.78240966796875,1,19.511825561523438,5993.0263671875,5689.0712890625,-233.51161193847656,-181.60122680664062,268.385986328125,1028.26611328125,808.1680908203125,-56.442474365234375,1,22.644407272338867,7061.1201171875,6609.61572265625,-268.2953796386719,-202.62786865234375,90.065185546875,897.642333984375,1330.822509765625,52.52728271484375,1,15.006577491760254,4573.0791015625,4548.4345703125,-170.06295776367188,-134.70408630371094,-63.7109375,921.19873046875,1321.56201171875,10.437904357910156,1,15.594869613647461,4756.708984375,4996.99169921875,-174.6766357421875,-145.37132263183594,-139.794921875,781.4404296875,708.050048828125,228.44886779785156,1,24.10480308532715,7976.8408203125,7806.7529296875,-298.3037414550781,-233.1688690185547,-58.635986328125,833.00927734375,674.326171875,77.66102600097656,1,25.060396194458008,7814.87646484375,7458.77587890625,-308.6040344238281,-243.13247680664062,485.150634765625,654.12451171875,365.2864990234375,316.35162353515625,1,25.21293067932129,7931.9912109375,6781.73046875,-316.73992919921875,-227.35952758789062,609.0751953125,824.2900390625,298.77734375,80.02606201171875,1,27.612499237060547,8475.2783203125,8039.6416015625,-331.775390625,-258.5709533691406,430.65966796875,968.52978515625,1166.4986572265625,107.7691650390625,1,16.526216506958008,4988.10693359375,4891.22265625,-185.45401000976562,-144.76712036132812,-70.635009765625,877.536376953125,1300.603271484375,14.486808776855469,1,16.016921997070312,5054.8349609375,5126.54296875,-185.44866943359375,-148.71604919433594,-154.850830078125,865.488037109375,1128.629638671875,245.86424255371094,1,17.381423950195312,5680.5244140625,5482.7880859375,-205.36790466308594,-154.93661499023438,-274.7978515625,1006.2412109375,1069.340576171875,-20.901790618896484,1,19.351764678955078,5803.787109375,5714.60693359375,-223.39369201660156,-178.64151000976562,169.548095703125,636.5263671875,732.5230712890625,366.34356689453125,1,18.874908447265625,5935.181640625,5949.7978515625,-220.3406219482422,-175.7526397705078,-95.916015625,964.033447265625,602.17041015625,-102.46073913574219,1,22.030696868896484,6731.3310546875,6923.505859375,-244.36709594726562,-197.74154663085938,-290.967529296875,SN000368420812,Pumba,72491.333,2025-12-19T19:08:11.340Z,1765551347065383200,3D
632.291015625,20.816162109375,417.46868896484375,1,28.267620086669922,8294.51953125,7428.2216796875,-341.8284912109375,-261.1587829589844,989.614501953125,847.67626953125,-62.328369140625,130.40835571289062,1,28.574268341064453,8131.6171875,7645.8798828125,-322.724609375,-251.5644989013672,561.35693359375,944.76025390625,1312.4312744140625,154.79232788085938,1,16.413463592529297,5236.00390625,5445.498046875,-187.4148712158203,-152.28729248046875,-315.45556640625,761.832275390625,905.085205078125,334.40606689453125,1,19.07111930847168,5998.115234375,5626.7880859375,-228.66395568847656,-173.4345245361328,101.360107421875,1029.1796875,809.521240234375,-57.36017990112305,1,21.236406326293945,6150.41357421875,5981.7822265625,-239.86026000976562,-190.98204040527344,283.9296875,896.249755859375,1330.034423828125,47.34223937988281,1,15.490633010864258,4966.67236328125,4912.5654296875,-179.43295288085938,-138.89498901367188,-244.23291015625,921.478515625,1320.265625,6.295074462890625,1,14.766183853149414,4415.82470703125,4614.6845703125,-161.88296508789062,-133.8848114013672,-138.4990234375,782.935302734375,707.036376953125,228.6197967529297,1,23.857553482055664,7641.4931640625,7359.1416015625,-294.1083068847656,-230.1795654296875,220.718505859375,837.320068359375,672.72509765625,78.78813171386719,1,24.895004272460938,7818.97119140625,7466.22607421875,-306.2671813964844,-240.24945068359375,402.603271484375,651.0927734375,365.56787109375,316.43182373046875,1,25.44635581970215,7936.8876953125,6978.46337890625,-317.62860107421875,-234.17420959472656,632.411376953125,824.6806640625,296.92138671875,79.77607727050781,1,30.377588272094727,9456.6982421875,8632.9150390625,-379.6091003417969,-290.05596923828125,791.5166015625,966.882080078125,1167.0823974609375,107.36332702636719,1,16.504898071289062,4990.99462890625,4889.09716796875,-185.0908966064453,-144.11447143554688,-86.258544921875,877.84765625,1298.931884765625,9.082557678222656,1,15.943496704101562,4855.50830078125,5180.13037109375,-180.017333984375,-152.9186553955078,-86.16064453125,865.062744140625,1126.5465087890625,246.01304626464844,1,17.2703857421875,5604.26953125,5380.390625,-203.79811096191406,-153.4699249267578,-231.693115234375,1003.00341796875,1070.6719970703125,-22.594440460205078,1,18.953716278076172,5719.2744140625,5687.068359375,-216.5985565185547,-173.3024139404297,49.809326171875,635.3330078125,731.413330078125,371.772216796875,1,17.932384490966797,5382.27734375,5735.904296875,-200.0375518798828,-169.93678283691406,-78.973388671875,965.001953125,602.80322265625,-101.1868896484375,1,23.877962112426758,7349.95751953125,7281.08984375,-276.3659973144531,-219.39830017089844,-2.299560546875,SN000368420812,Pumba,72491.433,2025-12-19T19:08:11.446Z,1765551347097098900,3D
632.2841796875,18.666015625,416.02197265625,1,29.97925567626953,8873.583984375,7919.1435546875,-369.3515319824219,-283.11297607421875,1179.33203125,848.215576171875,-61.312744140625,129.10205078125,1,27.962553024291992,7966.60205078125,7601.56298828125,-311.815185546875,-244.36688232421875,405.69580078125,947.736328125,1316.553466796875,151.86436462402344,1,16.000768661499023,5011.81884765625,5259.73486328125,-180.22605895996094,-148.2424774169922,-274.027587890625,762.386962890625,906.336669921875,334.4312744140625,1,18.924692153930664,5967.6015625,5659.8916015625,-225.7864227294922,-172.2763214111328,44.05908203125,1027.353271484375,807.4410400390625,-56.76652526855469,1,21.23689079284668,6148.931640625,5947.5087890625,-240.26426696777344,-190.52154541015625,299.1669921875,894.772705078125,1331.555419921875,46.019805908203125,1,15.85400676727295,5104.3359375,5117.60986328125,-184.4087677001953,-144.8239288330078,-251.083984375,917.899169921875,1319.708984375,4.236976623535156,1,15.584185600280762,4690.6025390625,4870.21728515625,-174.78347778320312,-144.78445434570312,-53.77197265625,782.61474609375,707.9049072265625,232.2794647216797,1,24.043350219726562,7819.994140625,7567.99853515625,-297.29608154296875,-232.07481384277344,103.671142578125,832.242431640625,674.622314453125,80.42478942871094,1,25.34145736694336,7875.0400390625,7496.4638671875,-312.5965576171875,-246.4256134033203,542.445556640625,653.828369140625,363.9759521484375,316.3402099609375,1,25.108341217041016,7868.7451171875,6895.986328125,-313.02789306640625,-229.1459197998047,564.936767578125,823.91650390625,298.372314453125,79.93244934082031,1,27.344411849975586,8748.8701171875,7940.05810546875,-334.2664489746094,-245.82424926757812,171.8974609375,965.72998046875,1168.3341064453125,106.63088989257812,1,16.4208927154541,4926.6982421875,4838.2041015625,-183.4749755859375,-143.5825958251953,-59.601806640625,873.919189453125,1299.557373046875,9.745048522949219,1,16.27908706665039,5108.5419921875,5238.607421875,-188.47364807128906,-153.34909057617188,-121.5927734375,866.6337890625,1128.269287109375,247.7693634033203,1,17.483978271484375,5676.7685546875,5482.21826171875,-206.71502685546875,-156.77658081054688,-225.468505859375,1002.641357421875,1068.83056640625,-20.99468994140625,1,19.016860961914062,5683.02880859375,5674.43310546875,-217.11460876464844,-175.26718139648438,112.114990234375,635.08837890625,732.9310302734375,371.41796875,1,17.796632766723633,5489.36669921875,5496.1083984375,-203.15411376953125,-161.5599822998047,-109.294677734375,966.419189453125,599.8740234375,-102.14509582519531,1,22.580184936523438,6964.275390625,7161.50244140625,-253.2867889404297,-205.11007690429688,-285.994140625,SN000368420812,Pumba,72491.533,2025-12-19T19:08:11.547Z,1765551347129296700,3D
632.5400390625,18.37939453125,418.59637451171875,1,28.775421142578125,8402.03125,7591.279296875,-348.3501281738281,-269.1661682128906,1071.644287109375,846.71923828125,-62.01708984375,132.68714904785156,1,28.914325714111328,8157.4833984375,7943.787109375,-323.9334716796875,-260.8467102050781,569.166015625,947.167724609375,1314.921630859375,150.95628356933594,1,15.87590217590332,4915.267578125,5439.8681640625,-174.58998107910156,-151.18057250976562,-340.358642578125,764.1689453125,906.1724853515625,335.48162841796875,1,18.947696685791016,6010.43701171875,5699.4365234375,-226.44007873535156,-172.2730255126953,12.27490234375,1028.658203125,806.63720703125,-56.30929183959961,1,21.87668800354004,6738.923828125,6576.1435546875,-252.2733154296875,-196.7611846923828,-38.93701171875,897.9892578125,1330.58544921875,43.34192657470703,1,14.891021728515625,4535.4619140625,4464.6708984375,-168.9135284423828,-132.5093231201172,-54.87939453125,922.78271484375,1319.44189453125,2.3047637939453125,1,15.437021255493164,4689.23876953125,4820.78759765625,-173.52920532226562,-141.79202270507812,-93.652099609375,781.923095703125,707.58251953125,231.4099578857422,1,24.319293975830078,7852.3193359375,7555.1826171875,-301.767822265625,-235.7489471435547,211.53857421875,835.227783203125,673.7896728515625,80.84907531738281,1,25.202526092529297,7849.28515625,7479.73046875,-310.80499267578125,-244.89474487304688,515.1728515625,654.80615234375,363.2803955078125,317.148681640625,1,25.249692916870117,7831.33203125,6773.4951171875,-315.4678649902344,-230.25177001953125,692.500732421875,824.189453125,297.4576416015625,80.16595458984375,1,30.208477020263672,9330.689453125,8514.634765625,-376.424560546875,-288.4323425292969,843.18896484375,967.383056640625,1167.793212890625,106.47947692871094,1,16.437252044677734,4947.70751953125,4907.57861328125,-183.345703125,-144.52764892578125,-90.107666015625,878.826171875,1298.77587890625,5.955116271972656,1,15.896860122680664,4851.0634765625,5132.12060546875,-180.01101684570312,-151.6708221435547,-80.8349609375,864.060302734375,1128.7353515625,245.07252502441406,1,17.26021385192871,5463.14892578125,5703.037109375,-197.04092407226562,-161.40280151367188,-279.56494140625,1004.5830078125,1068.2540283203125,-20.976490020751953,1,19.19093894958496,5818.91796875,5704.58251953125,-221.56442260742188,-175.34620666503906,90.053466796875,635.529296875,733.0087890625,369.3499755859375,1,18.164684295654297,5594.1826171875,5651.3017578125,-208.20530700683594,-167.6216583251953,-72.66650390625,965.90869140625,599.60693359375,-102.09799194335938,1,22.076557159423828,6720.31005859375,6976.302734375,-244.03443908691406,-199.4373016357422,-288.23291015625,SN000368420812,Pumba,72491.633,2025-12-19T19:08:11.649Z,1765551347161548400,3D
637.44384765625,15.596923828125,419.54876708984375,1,29.142091751098633,8617.623046875,7777.12255859375,-354.99542236328125,-272.9385986328125,1022.9033203125,850.69482421875,-67.11767578125,130.66929626464844,1,28.32341766357422,8137.443359375,7733.931640625,-318.29986572265625,-248.4271697998047,407.4541015625,947.13134765625,1312.4547119140625,157.24789428710938,1,16.536548614501953,5284.248046875,5537.35595703125,-189.1022491455078,-154.89788818359375,-319.748046875,763.1142578125,905.099853515625,333.04913330078125,1,18.933822631835938,5897.58544921875,5600.70458984375,-225.2379608154297,-173.09481811523438,113.24365234375,1026.33740234375,809.268310546875,-57.42310333251953,1,22.44723892211914,6949.92236328125,6759.0908203125,-261.5050354003906,-203.8891143798828,3.780517578125,891.961181640625,1325.7938232421875,51.65228271484375,1,15.136959075927734,4629.04052734375,4602.0009765625,-172.12850952148438,-136.26907348632812,-65.06787109375,915.67236328125,1316.676513671875,9.234619140625,1,14.943191528320312,4557.81982421875,4745.8095703125,-165.2025146484375,-135.31370544433594,-205.632568359375,781.400146484375,707.3206787109375,232.25669860839844,1,23.85312843322754,7743.2900390625,7512.04638671875,-294.0687255859375,-229.9625701904297,92.4033203125,834.47900390625,672.1055908203125,81.1514892578125,1,25.405757904052734,7946.4521484375,7519.2548828125,-314.6667175292969,-246.34178161621094,521.943603515625,650.657470703125,362.150390625,316.44586181640625,1,25.471073150634766,7959.365234375,6977.630859375,-318.2658386230469,-233.88858032226562,625.498779296875,825.3779296875,294.0439453125,79.73635864257812,1,29.073240280151367,9376.328125,8161.27197265625,-366.41796875,-263.1419982910156,454.6123046875,968.660888671875,1167.9954833984375,108.23159790039062,1,16.56438446044922,4972.0693359375,4903.2880859375,-185.45236206054688,-145.8824462890625,-50.674560546875,873.219482421875,1292.9564208984375,14.610130310058594,1,15.918500900268555,4981.951171875,5129.91455078125,-182.57730102539062,-148.65869140625,-159.06689453125,866.762451171875,1129.625,248.56861877441406,1,17.38796043395996,5655.240234375,5403.4755859375,-206.10585021972656,-154.65164184570312,-218.809326171875,1004.267333984375,1072.4193115234375,-23.303302764892578,1,19.263952255249023,5787.8955078125,5761.16357421875,-221.1522216796875,-177.9964141845703,115.10888671875,634.41357421875,730.46240234375,365.37774658203125,1,18.052839279174805,5558.716796875,5650.78173828125,-206.04505920410156,-166.5764923095703,-100.0126953125,965.0537109375,600.478515625,-101.96441650390625,1,22.375999450683594,6882.099609375,7112.458984375,-249.42723083496094,-202.67483520507812,-311.36328125,SN000368420812,Pumba,72491.766,2025-12-19T19:08:11.797Z,1765551347193068000,3D
627.102783203125,18.612548828125,422.82415771484375,1,28.28392791748047,8388.220703125,7721.9189453125,-339.50994873046875,-262.72760009765625,795.93505859375,847.627197265625,-66.083251953125,129.61961364746094,1,28.738779067993164,8252.169921875,7904.6328125,-323.3641662597656,-254.50839233398438,432.20849609375,949.17236328125,1314.7169189453125,154.27040100097656,1,15.515913009643555,4718.94140625,5243.74609375,-168.3667755126953,-146.719970703125,-301.649658203125,765.570556640625,902.7620849609375,333.59814453125,1,18.924619674682617,5859.16943359375,5585.17626953125,-224.59339904785156,-173.62643432617188,139.810302734375,1018.638916015625,808.56396484375,-56.932640075683594,1,21.48508644104004,6252.2626953125,5992.853515625,-245.09918212890625,-193.06851196289062,330.470703125,897.77001953125,1330.3355712890625,47.472076416015625,1,14.833309173583984,4492.625,4452.96435546875,-167.40322875976562,-132.28387451171875,-51.481201171875,921.64501953125,1318.808349609375,5.9016876220703125,1,15.311532020568848,4611.5791015625,4748.341796875,-171.26100158691406,-140.4237823486328,-71.931640625,781.419189453125,706.772216796875,231.87464904785156,1,24.08342170715332,7816.5517578125,7620.75146484375,-297.20587158203125,-233.71554565429688,104.96826171875,833.811767578125,671.5479736328125,81.02783203125,1,25.596431732177734,8001.6494140625,7631.8759765625,-316.8449401855469,-249.86508178710938,525.271240234375,651.87548828125,362.1126708984375,315.264404296875,1,24.560787200927734,7703.833984375,6763.171875,-304.13421630859375,-221.78805541992188,475.944091796875,825.811279296875,294.51416015625,80.40672302246094,1,26.947887420654297,8538.443359375,7626.91845703125,-328.6465759277344,-239.24790954589844,248.197998046875,968.177734375,1166.5548095703125,107.98483276367188,1,16.723262786865234,5047.3115234375,4997.96044921875,-187.781494140625,-148.11097717285156,-67.3544921875,877.545166015625,1298.4659423828125,10.575469970703125,1,16.008007049560547,4982.43603515625,5062.36669921875,-184.61610412597656,-149.14154052734375,-92.10302734375,868.51708984375,1126.685791015625,248.9145965576172,1,17.57121467590332,5709.2119140625,5466.8173828125,-208.69903564453125,-157.26341247558594,-200.194580078125,1004.13720703125,1071.54931640625,-23.267192840576172,1,19.252681732177734,5782.720703125,5775.236328125,-220.9120330810547,-178.3641357421875,113.58740234375,638.33203125,728.2171630859375,368.004638671875,1,17.866130828857422,5473.072265625,5595.6044921875,-202.5856475830078,-164.61813354492188,-107.807373046875,969.624267578125,596.471435546875,-97.82661437988281,1,22.632007598876953,6974.591796875,7099.2568359375,-254.81556701660156,-204.65489196777344,-248.18896484375,SN000368420812,Pumba,72491.9,2025-12-19T19:08:11.916Z,1765551347225408800,3D
629.265625,15.795166015625,425.14776611328125,1,28.082374572753906,8243.095703125,7604.896484375,-336.28533935546875,-261.9889221191406,870.060302734375,849.330078125,-67.584716796875,130.6268768310547,1,29.14080238342285,8412.9130859375,7924.31640625,-331.7618103027344,-258.0294494628906,509.947998046875,951.84326171875,1316.619384765625,156.6302947998047,1,15.850522994995117,4872.83984375,5513.2880859375,-172.44384765625,-152.711181640625,-358.5390625,765.264892578125,905.6612548828125,333.5615234375,1,19.029775619506836,5934.22705078125,5602.53955078125,-226.99783325195312,-173.62510681152344,125.8701171875,1023.048828125,810.2706298828125,-57.40386962890625,1,22.190048217773438,6780.2373046875,6524.2255859375,-258.35577392578125,-200.84243774414062,111.056396484375,900.422119140625,1334.923095703125,49.81864929199219,1,15.069013595581055,4624.8740234375,4594.2060546875,-171.2364044189453,-135.11656188964844,-89.435302734375,924.239501953125,1323.90234375,7.883628845214844,1,15.35992431640625,4687.38720703125,4768.966796875,-172.9159393310547,-139.55047607421875,-111.64990234375,781.477294921875,706.9404296875,231.38218688964844,1,24.449880599975586,8079.25390625,7734.259765625,-305.6234436035156,-235.3039093017578,56.18603515625,836.277099609375,672.230224609375,80.67742919921875,1,25.598894119262695,8038.9462890625,7603.0712890625,-317.9395751953125,-248.60987854003906,515.01416015625,654.852294921875,360.5228271484375,317.6492919921875,1,24.84151840209961,7742.3798828125,6723.1201171875,-309.0083312988281,-224.85043334960938,589.396484375,826.63330078125,293.9730224609375,79.8299560546875,1,30.154277801513672,9472.3681640625,8464.1015625,-378.6841735839844,-283.07281494140625,741.34033203125,969.593017578125,1168.7635498046875,108.84846496582031,1,16.56947135925293,4978.50830078125,4894.474609375,-185.66574096679688,-145.58041381835938,-51.629150390625,879.771240234375,1303.892822265625,12.196571350097656,1,16.28669548034668,5111.61328125,5194.4970703125,-189.16085815429688,-152.73126220703125,-102.64990234375,867.51123046875,1131.05029296875,249.23008728027344,1,17.40499496459961,5633.2724609375,5444.0439453125,-205.16104125976562,-155.72903442382812,-222.689208984375,1008.2978515625,1073.9276123046875,-22.11963653564453,1,19.126693725585938,5713.0771484375,5604.958984375,-219.95986938476562,-175.30953979492188,168.925048828125,636.868896484375,730.484619140625,364.98785400390625,1,18.515649795532227,5879.69189453125,5910.3662109375,-214.79713439941406,-170.2530975341797,-210.3876953125,962.522216796875,600.8709716796875,-100.70858764648438,1,21.93694305419922,6766.310546875,6873.810546875,-243.93991088867188,-194.0667266845703,-348.7255859375,SN000368420812,Pumba,72492,2025-12-19T19:08:12.024Z,1765551347257518900,3D
630.60791015625,20.412109375,418.1148681640625,1,27.035133361816406,7993.0625,7307.17578125,-320.9957580566406,-245.67376708984375,675.310302734375,846.040283203125,-62.22216796875,131.68356323242188,1,28.24369239807129,8157.63232421875,7764.8134765625,-316.7679748535156,-246.5000762939453,331.5400390625,954.25146484375,1316.736328125,154.4948272705078,1,16.064250946044922,4975.9619140625,5535.8251953125,-176.9003143310547,-154.10789489746094,-339.49853515625,766.71142578125,906.834228515625,332.67742919921875,1,18.886281967163086,5875.4130859375,5543.5546875,-224.8160858154297,-171.8855743408203,126.931396484375,1024.255126953125,810.1226806640625,-56.672882080078125,1,22.59933090209961,7003.2841796875,6646.654296875,-266.3480529785156,-204.0320587158203,97.667724609375,896.93896484375,1331.7454833984375,50.93428039550781,1,15.023920059204102,4557.71484375,4597.0087890625,-169.3759307861328,-136.03419494628906,-67.307861328125,918.078125,1319.325439453125,8.271514892578125,1,15.734786987304688,4802.4462890625,5016.880859375,-177.1190643310547,-146.87057495117188,-115.908447265625,783.135009765625,708.5712890625,231.9612274169922,1,24.00362777709961,7887.283203125,7579.9482421875,-297.95355224609375,-230.0951690673828,41.502685546875,836.549072265625,673.3922119140625,81.8189697265625,1,25.033252716064453,7900.01904296875,7417.78369140625,-309.9541320800781,-239.58151245117188,423.702392578125,653.515625,364.8616943359375,315.72857666015625,1,24.85561752319336,7729.5029296875,6799.2158203125,-307.8002624511719,-226.2443389892578,565.447509765625,824.07666015625,297.2420654296875,79.73658752441406,1,27.86162567138672,8702.14453125,7887.6787109375,-340.63232421875,-254.3812255859375,441.19873046875,968.361328125,1167.72705078125,107.49455261230469,1,16.653202056884766,4982.0625,4925.306640625,-186.48614501953125,-147.36734008789062,-28.87451171875,874.121826171875,1299.7869873046875,15.821075439453125,1,16.121919631958008,5090.732421875,5244.4287109375,-186.0563201904297,-151.3450927734375,-179.496337890625,868.705078125,1130.77001953125,248.48194885253906,1,17.413837432861328,5608.9228515625,5415.76171875,-205.35409545898438,-156.25994873046875,-185.929931640625,1009.673095703125,1072.3173828125,-21.12621307373047,1,19.33368492126465,5848.5576171875,5715.9892578125,-223.80775451660156,-177.09727478027344,127.429443359375,636.918212890625,733.9876708984375,363.09649658203125,1,17.965002059936523,5498.552734375,5565.4267578125,-204.63397216796875,-165.0665740966797,-71.70068359375,967.501708984375,601.0748291015625,-100.71185302734375,1,22.606731414794922,6954.265625,7044.2138671875,-254.92080688476562,-204.0799102783203,-219.355712890625,SN000368420812,Pumba,72492.1,2025-12-19T19:08:12.132Z,1765551347305144900,3D
633.39501953125,17.937255859375,425.43939208984375,1,29.144363403320312,8562.12890625,7778.5244140625,-354.1817321777344,-274.5718994140625,1065.152099609375,849.78662109375,-66.830810546875,130.27366638183594,1,28.06882667541504,8019.56982421875,7666.8125,-313.54925537109375,-246.01121520996094,397.07080078125,951.05810546875,1315.0458984375,156.1690216064453,1,16.46148681640625,5221.6484375,5472.13623046875,-187.4794464111328,-153.84584045410156,-295.406494140625,766.76708984375,905.72705078125,333.4071044921875,1,19.270418167114258,6052.32958984375,5713.8408203125,-231.1678924560547,-176.63894653320312,116.71533203125,1026.284423828125,809.798583984375,-57.387115478515625,1,22.671777725219727,7045.1123046875,6738.775390625,-266.9112854003906,-205.54977416992188,64.15380859375,892.9892578125,1325.450927734375,51.79209899902344,1,14.858275413513184,4510.53759765625,4503.60546875,-167.45237731933594,-133.0318603515625,-72.2001953125,915.411376953125,1314.7747802734375,9.033149719238281,1,15.407556533813477,4728.115234375,4935.93798828125,-172.45166015625,-142.09608459472656,-177.866943359375,781.666259765625,708.226806640625,232.37709045410156,1,23.78341293334961,7629.806640625,7408.95703125,-292.23138427734375,-229.889892578125,173.10107421875,834.96044921875,672.6685791015625,81.41130065917969,1,25.193359375,7869.12109375,7472.03125,-310.874755859375,-243.818115234375,492.7607421875,652.43896484375,362.3262939453125,316.06732177734375,1,26.27212142944336,8277.197265625,7133.7021484375,-333.1403503417969,-242.2276611328125,721.914306640625,826.11669921875,294.5654296875,79.97210693359375,1,29.842952728271484,9630.9873046875,8355.3408203125,-379.0852966308594,-272.8410949707031,556.70849609375,970.515380859375,1168.4315185546875,108.46688842773438,1,16.53672218322754,5003.21484375,4936.39501953125,-185.2233428955078,-145.13279724121094,-97.120361328125,872.948486328125,1291.59619140625,16.374237060546875,1,15.932456016540527,5019.31689453125,5124.0830078125,-183.73805236816406,-148.1757049560547,-167.23486328125,868.803955078125,1131.0743408203125,249.0782012939453,1,17.510726928710938,5703.53369140625,5472.7998046875,-207.67274475097656,-156.43019104003906,-227.11962890625,1009.275634765625,1073.208740234375,-22.188785552978516,1,19.05840492248535,5758.1943359375,5711.9970703125,-218.370849609375,-174.43780517578125,59.991943359375,638.31298828125,730.6239013671875,364.3056640625,1,18.350421905517578,5687.98876953125,5897.67724609375,-209.42893981933594,-172.17626953125,-149.1484375,969.695556640625,599.5338134765625,-101.30180358886719,1,22.540821075439453,7023.4501953125,7147.3896484375,-253.82789611816406,-202.5802764892578,-341.869384765625,SN000368420812,Pumba,72492.233,2025-12-19T19:08:12.235Z,1765551347337667800,3D
630.8388671875,18.325927734375,418.79449462890625,1,28.273906707763672,8306.4267578125,7565.34326171875,-340.0779113769531,-262.5532531738281,916.77783203125,847.542236328125,-64.826171875,133.03451538085938,1,28.27142906188965,7882.68994140625,7772.029296875,-311.88494873046875,-253.53916931152344,512.7392578125,949.47216796875,1313.1104736328125,157.64447021484375,1,16.109825134277344,4901.2041015625,5498.81005859375,-176.52732849121094,-156.03700256347656,-258.5859375,763.987060546875,904.86279296875,333.1964111328125,1,18.92349624633789,5892.07666015625,5617.1328125,-224.66957092285156,-173.1402587890625,101.29150390625,1021.37255859375,809.600830078125,-55.162742614746094,1,21.73585319519043,6701.0654296875,6500.2705078125,-250.76747131347656,-194.37106323242188,-41.624267578125,894.992919921875,1330.72021484375,52.71018981933594,1,15.396554946899414,4851.06005859375,4835.5869140625,-176.95303344726562,-138.9083709716797,-182.179443359375,918.05029296875,1321.0413818359375,10.222747802734375,1,15.044061660766602,4503.412109375,4662.06640625,-166.6656951904297,-137.16775512695312,-89.27001953125,781.822021484375,707.9549560546875,229.6999053955078,1,23.74859619140625,7606.982421875,7509.08056640625,-290.1868896484375,-231.4320526123047,133.812744140625,835.16064453125,672.1964111328125,79.32830810546875,1,25.209659576416016,7857.32470703125,7503.62890625,-310.5399169921875,-244.9077606201172,496.377197265625,654.1015625,363.4842529296875,316.44927978515625,1,24.830734252929688,7718.1162109375,6763.45068359375,-307.89801025390625,-225.8216552734375,582.872802734375,825.523193359375,295.2384033203125,80.39356994628906,1,27.54042625427246,8721.810546875,7911.994140625,-336.5011901855469,-249.03692626953125,279.7412109375,968.693359375,1167.523193359375,107.66371154785156,1,16.62710952758789,5004.4365234375,4934.47998046875,-186.39764404296875,-146.48287963867188,-59.718017578125,874.576416015625,1299.5107421875,15.364913940429688,1,16.307077407836914,5051.62060546875,5165.2109375,-188.6121368408203,-153.98086547851562,-45.98095703125,865.599609375,1128.4490966796875,246.1215057373047,1,17.672557830810547,5760.2626953125,5537.658203125,-210.11087036132812,-158.7646026611328,-217.09423828125,1012.652587890625,1072.757080078125,-21.044475555419922,1,19.042144775390625,5723.24560546875,5649.55029296875,-218.30677795410156,-174.11508178710938,101.466796875,638.657470703125,728.9736328125,367.62811279296875,1,17.846435546875,5432.1611328125,5619.1259765625,-201.1011505126953,-165.39747619628906,-105.947021484375,966.01416015625,599.6336669921875,-98.72666931152344,1,22.37195587158203,6931.9111328125,6992.33740234375,-251.54412841796875,-199.3522186279297,-303.33154296875,SN000368420812,Pumba,72492.333,2025-12-19T19:08:12.359Z,1765551347369156000,3D
629.576904296875,9.18994140625,417.57196044921875,1,28.761959075927734,8377.23828125,7723.0751953125,-346.17584228515625,-271.5945129394531,1030.511474609375,855.25244140625,-72.824951171875,132.232421875,1,28.399734497070312,8144.9931640625,7712.78271484375,-319.4997863769531,-248.93177795410156,437.82177734375,952.54443359375,1315.728271484375,156.50991821289062,1,15.917551040649414,4860.5966796875,5519.6669921875,-172.9562225341797,-154.11805725097656,-326.2763671875,766.8369140625,905.1158447265625,333.84002685546875,1,18.93195152282715,5858.0478515625,5569.41748046875,-224.8123321533203,-173.47683715820312,148.470458984375,1029.34423828125,807.8253173828125,-56.716190338134766,1,21.936429977416992,6758.75341796875,6447.6162109375,-255.40386962890625,-195.8571014404297,40.0380859375,894.169921875,1325.97314453125,51.58634948730469,1,15.03960132598877,4612.5302734375,4650.453125,-170.04623413085938,-135.90838623046875,-113.49072265625,916.752685546875,1315.313232421875,8.616744995117188,1,15.366642951965332,4737.2001953125,4925.64404296875,-172.25665283203125,-141.11537170410156,-195.670166015625,782.84326171875,706.232666015625,234.02793884277344,1,23.91399574279785,7684.853515625,7457.4755859375,-294.4600830078125,-231.54893493652344,178.28173828125,837.436767578125,669.706298828125,82.84881591796875,1,24.936861038208008,7752.798828125,7405.18115234375,-306.11395263671875,-241.32473754882812,480.106201171875,654.143798828125,358.0150146484375,317.66021728515625,1,25.632410049438477,8093.69970703125,6927.85888671875,-323.5870361328125,-232.71621704101562,634.245361328125,825.8623046875,289.7593994140625,79.97442626953125,1,27.933612823486328,8877.28125,7755.3447265625,-346.610595703125,-249.6210174560547,420.809326171875,972.70166015625,1168.4061279296875,108.60234069824219,1,16.51019859313965,4933.818359375,4870.76904296875,-184.33604431152344,-145.30516052246094,-39.94140625,874.151123046875,1291.873046875,15.988311767578125,1,16.00439453125,5054.53564453125,5193.98486328125,-184.48538208007812,-149.56314086914062,-186.40478515625,869.17724609375,1131.7091064453125,249.0861358642578,1,17.41324234008789,5635.37744140625,5396.81689453125,-206.07106018066406,-155.34036254882812,-195.173095703125,1011.3701171875,1072.7171630859375,-22.864974975585938,1,19.30825424194336,5758.9833984375,5734.3203125,-221.30935668945312,-178.74069213867188,156.407470703125,634.080078125,731.7359619140625,364.20941162109375,1,18.348737716674805,5629.4892578125,5812.0703125,-209.07264709472656,-171.89674377441406,-87.942626953125,965.78466796875,598.46044921875,-101.12432861328125,1,22.517623901367188,6944.02685546875,7117.501953125,-252.40078735351562,-203.6282958984375,-290.075927734375,SN000368420812,Pumba,72492.5,2025-12-19T19:08:12.501Z,1765551347402204300,3D
629.876708984375,9.171875,417.681640625,1,28.183656692504883,8272.3671875,7508.5380859375,-338.7493896484375,-260.78167724609375,915.2587890625,855.25830078125,-72.830322265625,132.17190551757812,1,29.230289459228516,8417.39453125,7869.4716796875,-332.7945861816406,-257.4538269042969,538.670166015625,952.468505859375,1315.756103515625,156.52816772460938,1,16.182092666625977,5130.21142578125,5317.24267578125,-183.9541473388672,-149.0685272216797,-298.1640625,766.8583984375,905.093017578125,333.828369140625,1,18.99915885925293,5898.0126953125,5607.076171875,-225.88198852539062,-174.07073974609375,134.070068359375,1029.451904296875,807.91748046875,-56.83582305908203,1,21.09396743774414,6140.31884765625,5858.474609375,-239.19737243652344,-186.9086456298828,274.56103515625,894.150146484375,1326.080078125,51.57855224609375,1,15.445911407470703,5023.6982421875,4922.783203125,-179.774169921875,-136.9505615234375,-304.07177734375,916.7529296875,1315.43994140625,8.613426208496094,1,14.765718460083008,4483.63330078125,4579.57666015625,-163.55825805664062,-131.73080444335938,-167.57666015625,782.852294921875,706.2449951171875,234.0174102783203,1,23.874292373657227,7656.419921875,7424.7841796875,-293.6658935546875,-230.9073486328125,187.447265625,837.444580078125,669.72021484375,82.83413696289062,1,24.91849708557129,7821.052734375,7400.232421875,-306.9875183105469,-239.0597381591797,423.921630859375,654.234375,358.015625,317.7593994140625,1,25.047809600830078,7785.970703125,6875.7783203125,-310.4203186035156,-229.17115783691406,581.833740234375,825.8720703125,289.7662353515625,79.94862365722656,1,29.27158546447754,9054.80078125,8228.3525390625,-361.7217712402344,-274.4091796875,700.170654296875,972.651123046875,1168.450439453125,108.59222412109375,1,16.619224548339844,5025.216796875,4928.3701171875,-186.65948486328125,-145.64932250976562,-76.957763671875,874.140625,1292.006103515625,15.94879150390625,1,15.741432189941406,4824.6279296875,5091.36669921875,-177.68161010742188,-148.77682495117188,-125.0302734375,869.134765625,1131.72216796875,249.0782928466797,1,17.5848445892334,5716.44921875,5534.28271484375,-208.16775512695312,-158.29629516601562,-226.828857421875,1011.353271484375,1072.7935791015625,-22.888015747070312,1,19.40975570678711,5869.0849609375,5697.74560546875,-225.23486328125,-177.36341857910156,149.1328125,634.161865234375,731.6639404296875,364.21051025390625,1,17.653911590576172,5287.01220703125,5603.74560546875,-196.22947692871094,-165.67239379882812,-86.33056640625,966.0146484375,598.52685546875,-101.31892395019531,1,23.787445068359375,7379.01171875,7259.2158203125,-275.70538330078125,-216.54978942871094,-60.41748046875,SN000368420812,Pumba,72492.6,2025-12-19T19:08:12.617Z,1765551347433291100,3D
629.876708984375,9.171875,417.681640625,1,29.16962432861328,8602.3154296875,7682.54443359375,-355.9318542480469,-271.9726257324219,1073.064453125,855.25830078125,-72.830322265625,132.17190551757812,1,28.58056640625,8040.87890625,7919.6845703125,-316.4703063964844,-256.2862548828125,467.408935546875,952.468505859375,1315.756103515625,156.52816772460938,1,16.203311920166016,4985.9853515625,5589.61962890625,-178.23171997070312,-156.92141723632812,-307.87353515625,766.8583984375,905.093017578125,333.828369140625,1,19.529804229736328,6090.06689453125,5709.609375,-235.30332946777344,-179.89849853515625,206.69580078125,1029.451904296875,807.91748046875,-56.83582305908203,1,21.431503295898438,6265.365234375,6019.6669921875,-244.08349609375,-191.99522399902344,280.4833984375,894.150146484375,1326.080078125,51.57855224609375,1,15.128739356994629,4619.0791015625,4592.6376953125,-171.94168090820312,-136.2213592529297,-58.830322265625,916.7529296875,1315.43994140625,8.613426208496094,1,15.596352577209473,4772.29833984375,4861.30029296875,-176.62152099609375,-142.97146606445312,-94.786376953125,782.852294921875,706.2449951171875,234.0174102783203,1,23.807132720947266,7565.39599609375,7354.8193359375,-291.9065856933594,-230.8765869140625,242.707763671875,837.444580078125,669.72021484375,82.83413696289062,1,25.393625259399414,7943.6611328125,7611.8837890625,-313.0468444824219,-247.24708557128906,471.76708984375,654.234375,358.015625,317.7593994140625,1,27.04677391052246,8543.0712890625,7212.8505859375,-347.13995361328125,-249.59512329101562,854.20361328125,825.8720703125,289.7662353515625,79.94862365722656,1,29.68853759765625,9203.875,8390.78515625,-368.10137939453125,-280.2679138183594,725.6103515625,972.651123046875,1168.450439453125,108.59222412109375,1,16.566064834594727,4979.0263671875,4905.2255859375,-185.36767578125,-145.5087432861328,-62.141845703125,874.140625,1292.006103515625,15.94879150390625,1,16.426132202148438,5178.8857421875,5206.22412109375,-192.05958557128906,-153.54212951660156,-90.50537109375,869.134765625,1131.72216796875,249.0782928466797,1,17.541757583618164,5737.05859375,5472.85107421875,-208.72853088378906,-156.17431640625,-233.95849609375,1011.353271484375,1072.7935791015625,-22.888015747070312,1,18.965045928955078,5714.0234375,5685.8212890625,-216.55758666992188,-173.46038818359375,55.01220703125,634.161865234375,731.6639404296875,364.21051025390625,1,17.693819046020508,5397.234375,5653.35107421875,-198.2280731201172,-164.4857177734375,-157.611328125,966.0146484375,598.52685546875,-101.31892395019531,1,23.080598831176758,7144.53076171875,7233.87109375,-262.2005310058594,-209.94886779785156,-215.447265625,SN000368420812,Pumba,72492.733,2025-12-19T19:08:12.734Z,1765551347465503900,3D
639.25537109375,14.022705078125,418.71173095703125,1,28.011503219604492,8301.8486328125,7490.54248046875,-337.2159423828125,-256.9408874511719,827.657470703125,848.036376953125,-66.823486328125,137.56790161132812,1,28.196638107299805,7895.349609375,7779.1572265625,-310.3310241699219,-251.22174072265625,445.509765625,944.23046875,1309.32568359375,156.66761779785156,1,15.677553176879883,4747.65966796875,5375.1513671875,-169.35604858398438,-150.57037353515625,-304.683837890625,764.1337890625,902.05078125,334.09930419921875,1,19.07561683654785,6018.208984375,5691.37841796875,-228.13880920410156,-173.78460693359375,58.90185546875,1028.139404296875,809.15087890625,-56.58626174926758,1,21.26421356201172,6204.5654296875,6005.05859375,-240.89381408691406,-190.43052673339844,250.6279296875,893.53662109375,1324.33349609375,49.278472900390625,1,14.8735933303833,4455.5498046875,4454.17578125,-167.14906311035156,-133.7447967529297,-13.64013671875,918.99560546875,1316.0716552734375,7.798431396484375,1,14.830352783203125,4488.1796875,4638.29638671875,-163.79629516601562,-133.58599853515625,-165.360595703125,782.3447265625,706.991943359375,233.49134826660156,1,24.09209632873535,7849.611328125,7463.15283203125,-299.7312316894531,-230.5585174560547,147.4296875,835.37939453125,670.134521484375,83.03974914550781,1,25.258056640625,7985.74462890625,7526.37548828125,-313.07232666015625,-242.72225952148438,420.106201171875,656.87158203125,361.17333984375,320.354736328125,1,26.43169593811035,8305.4580078125,7064.865234375,-336.2874755859375,-242.750244140625,790.989013671875,822.258544921875,292.7855224609375,80.34068298339844,1,28.329479217529297,8841.658203125,8034.21923828125,-347.544189453125,-260.8738708496094,496.222412109375,969.3037109375,1166.0140380859375,108.1925048828125,1,16.762723922729492,5066.72900390625,4987.5947265625,-188.63449096679688,-147.95062255859375,-63.295166015625,876.5224609375,1292.14794921875,10.969261169433594,1,16.11750030517578,5060.357421875,5125.94287109375,-186.7001190185547,-150.00018310546875,-120.24658203125,866.3037109375,1125.7686767578125,246.97203063964844,1,17.081148147583008,5480.56298828125,5279.10107421875,-200.12564086914062,-151.6421356201172,-199.058837890625,1010.484130859375,1072.18701171875,-22.233753204345703,1,19.63926124572754,5929.6904296875,5812.904296875,-228.03515625,-181.48532104492188,166.325439453125,638.8857421875,726.321044921875,371.3822021484375,1,17.950611114501953,5442.5791015625,5602.6552734375,-203.10523986816406,-166.91134643554688,-52.545166015625,965.591796875,601.52685546875,-103.05986022949219,1,23.329999923706055,7132.5107421875,7358.888671875,-263.7750549316406,-216.25009155273438,-148.265625,SN000368420812,Pumba,72492.833,2025-12-19T19:08:12.845Z,1765551347497215700,3D
636.38525390625,14.280517578125,418.76983642578125,1,29.355079650878906,8584.30859375,7833.74365234375,-355.88970947265625,-277.32830810546875,1094.1650390625,852.629638671875,-66.046875,133.1145477294922,1,28.80632781982422,8317.216796875,7831.5283203125,-326.55023193359375,-253.22230529785156,456.62744140625,951.646240234375,1312.8564453125,155.47802734375,1,16.363203048706055,5214.3759765625,5424.478515625,-186.77749633789062,-151.8734588623047,-309.6123046875,763.15234375,906.704833984375,333.774658203125,1,19.296390533447266,6058.615234375,5733.0966796875,-231.33966064453125,-177.1391143798828,114.571044921875,1028.112548828125,808.44287109375,-57.1531982421875,1,21.58991241455078,6321.02978515625,6041.4384765625,-247.0949249267578,-193.7947235107422,310.826904296875,894.613037109375,1327.9285888671875,51.47071838378906,1,14.894166946411133,4618.6796875,4562.52001953125,-169.15550231933594,-131.8551788330078,-150.6708984375,916.698486328125,1317.3638916015625,8.662605285644531,1,14.907796859741211,4479.341796875,4586.697265625,-165.2142791748047,-134.21348571777344,-107.331298828125,782.6806640625,706.945556640625,233.2552947998047,1,23.767974853515625,7664.92578125,7436.7373046875,-292.3251037597656,-229.19558715820312,132.39306640625,838.6474609375,670.7174072265625,83.90362548828125,1,24.459850311279297,7627.89453125,7278.54736328125,-298.85491943359375,-234.31370544433594,395.3720703125,659.90283203125,360.5196533203125,319.82598876953125,1,25.783222198486328,8062.19287109375,6948.9892578125,-324.48553466796875,-235.9550323486328,703.359130859375,827.197021484375,293.7283935546875,79.32131958007812,1,29.11121368408203,9010.7734375,8193.91796875,-359.53851318359375,-272.71368408203125,682.710205078125,968.835693359375,1166.3795166015625,107.09291076660156,1,16.56907081604004,4985.5166015625,4891.30712890625,-185.7609405517578,-145.2745361328125,-57.21142578125,873.426025390625,1295.8116455078125,15.321914672851562,1,16.220928192138672,5160.482421875,5152.6728515625,-189.55348205566406,-149.66407775878906,-150.59423828125,865.627197265625,1129.8282470703125,246.3003692626953,1,17.566905975341797,5718.482421875,5524.26904296875,-208.01187133789062,-157.70423889160156,-234.52587890625,1007.6669921875,1070.9896240234375,-22.760372161865234,1,19.541851043701172,5838.3359375,5688.50634765625,-226.54299926757812,-180.16102600097656,230.85107421875,635.843505859375,732.330078125,369.03594970703125,1,18.075796127319336,5533.7646484375,5662.80078125,-205.33753967285156,-167.22886657714844,-92.2919921875,964.888916015625,601.2650146484375,-103.59443664550781,1,23.14897918701172,7195.900390625,7359.69091796875,-262.7178039550781,-211.97763061523438,-262.41015625,SN000368420812,Pumba,72492.933,2025-12-19T19:08:12.961Z,1765551347529398900,3D
641.149169921875,13.1220703125,418.61700439453125,1,28.609243392944336,8529.8134765625,7641.48828125,-347.47052001953125,-263.5824890136719,883.1083984375,853.815185546875,-68.357177734375,132.5427703857422,1,28.312660217285156,8037.0546875,7707.8076171875,-315.95489501953125,-249.4291229248047,455.04638671875,948.35595703125,1313.47021484375,154.15142822265625,1,16.186986923217773,5032.63037109375,5572.3671875,-179.04165649414062,-155.22061157226562,-339.22216796875,766.205810546875,903.709228515625,333.5789794921875,1,19.079971313476562,5916.50732421875,5609.5849609375,-227.4954071044922,-175.29049682617188,164.44677734375,1027.62548828125,808.297119140625,-57.39221954345703,1,22.615991592407227,7007.07177734375,6657.2060546875,-266.1627502441406,-203.94178771972656,86.83349609375,896.119873046875,1330.4111328125,47.71308898925781,1,14.842529296875,4489.1865234375,4501.3759765625,-166.8389129638672,-133.2020721435547,-65.89013671875,919.997802734375,1320.002685546875,5.743438720703125,1,15.39523696899414,4710.1044921875,4973.50341796875,-171.48655700683594,-142.8713836669922,-187.3798828125,783.234375,705.8782958984375,233.0038604736328,1,24.342493057250977,7926.5615234375,7675.97998046875,-301.9696044921875,-236.15850830078125,125.601806640625,837.7392578125,669.673583984375,82.81231689453125,1,25.05520248413086,7819.94921875,7423.00048828125,-308.48431396484375,-241.6660919189453,474.90673828125,655.760986328125,360.677978515625,320.40203857421875,1,24.29488754272461,7522.921875,6616.822265625,-298.3937072753906,-218.70802307128906,511.4609375,825.72412109375,292.0594482421875,80.30377197265625,1,29.865867614746094,9412.75,8350.3505859375,-374.98907470703125,-277.8305358886719,693.26708984375,968.298095703125,1166.6376953125,106.54690551757812,1,16.6225643157959,5020.0419921875,4924.92431640625,-186.7505340576172,-145.90185546875,-67.494140625,876.13525390625,1298.905029296875,10.238746643066406,1,15.811275482177734,4963.4521484375,5198.4296875,-180.0812225341797,-148.48052978515625,-218.72119140625,866.362548828125,1128.58544921875,246.6261444091797,1,17.44000244140625,5671.5546875,5438.22021484375,-206.65249633789062,-155.6157684326172,-221.04443359375,1006.1962890625,1071.3612060546875,-24.183422088623047,1,19.573030471801758,5909.3798828125,5861.6591796875,-226.28973388671875,-181.7325439453125,133.8095703125,637.10791015625,729.4312744140625,364.82867431640625,1,18.27910041809082,5740.3115234375,5833.1201171875,-210.2253875732422,-168.76455688476562,-188.030517578125,964.4619140625,600.3167724609375,-102.04048156738281,1,22.927413940429688,7106.421875,7280.49072265625,-259.0775146484375,-209.2487335205078,-271.422119140625,SN000368420812,Pumba,72493.033,2025-12-19T19:08:13.063Z,1765551347561329800,3D
633.073486328125,11.83837890625,417.30181884765625,1,28.87276268005371,8536.1455078125,7717.400390625,-349.8240966796875,-268.5124816894531,953.2431640625,853.608154296875,-66.83740234375,131.26754760742188,1,28.89476776123047,8342.134765625,7965.85546875,-326.10107421875,-255.54513549804688,410.6962890625,947.348876953125,1311.970458984375,156.47877502441406,1,17.187620162963867,5558.556640625,5619.7392578125,-201.81553649902344,-160.3616485595703,-240.635986328125,763.896728515625,905.09765625,333.5787353515625,1,18.933151245117188,5884.71533203125,5590.0087890625,-224.93959045410156,-173.00453186035156,119.428955078125,1023.838134765625,804.5635986328125,-55.406532287597656,1,21.261491775512695,6225.7841796875,6052.13671875,-240.80332946777344,-190.74131774902344,221.144287109375,895.73291015625,1330.03759765625,49.82470703125,1,14.501504898071289,4302.537109375,4403.857421875,-159.9999542236328,-130.49365234375,-59.676025390625,920.357177734375,1321.3365478515625,7.855064392089844,1,15.866655349731445,4847.3154296875,5223.94140625,-177.25936889648438,-151.18572998046875,-167.2451171875,783.196044921875,705.632568359375,232.67066955566406,1,23.5069580078125,7511.1240234375,7312.5615234375,-287.377685546875,-226.50015258789062,160.324462890625,835.677001953125,672.1009521484375,81.01414489746094,1,25.251934051513672,7894.8330078125,7570.71484375,-310.7265319824219,-245.40338134765625,455.7900390625,657.680908203125,359.7515869140625,321.39984130859375,1,25.02492332458496,7819.1494140625,6700.904296875,-312.8773193359375,-225.40185546875,621.867431640625,826.308349609375,294.1270751953125,80.5416259765625,1,29.375507354736328,9112.7041015625,8151.279296875,-365.2414855957031,-273.7552490234375,744.56787109375,968.883056640625,1167.8470458984375,107.99617004394531,1,16.555578231811523,4982.291015625,4896.15576171875,-185.5321807861328,-145.2868194580078,-60.775634765625,877.040771484375,1298.8817138671875,11.349311828613281,1,16.845325469970703,5272.0517578125,5288.6826171875,-198.5312042236328,-159.72845458984375,7.725830078125,864.802978515625,1130.040771484375,247.0930633544922,1,16.893381118774414,5428.00341796875,5266.318359375,-196.8121795654297,-149.591064453125,-243.29833984375,1005.880615234375,1067.8179931640625,-20.150405883789062,1,19.313663482666016,5848.7958984375,5601.48046875,-224.93695068359375,-175.0398406982422,164.55517578125,636.816650390625,729.451904296875,366.52099609375,1,17.804447174072266,5450.7705078125,5608.2099609375,-201.03614807128906,-164.11289978027344,-131.320556640625,967.14208984375,594.7987060546875,-101.18006134033203,1,22.20783233642578,6809.1328125,6964.798828125,-247.719482421875,-199.51583862304688,-276.934326171875,SN000368420812,Pumba,72493.166,2025-12-19T19:08:13.175Z,1765551347594299700,3D
634.702392578125,14.3408203125,419.013427734375,1,28.912527084350586,8458.09765625,7706.6318359375,-349.4473571777344,-271.3828125,1038.094970703125,851.714599609375,-65.605712890625,132.98080444335938,1,28.862545013427734,8351.048828125,7874.076171875,-327.0521545410156,-253.54371643066406,431.086669921875,949.00830078125,1312.338134765625,157.72987365722656,1,16.410890579223633,5237.09228515625,5392.6630859375,-188.1824951171875,-151.59951782226562,-291.386474609375,764.486328125,904.38330078125,333.67327880859375,1,19.18590545654297,6006.716796875,5701.12646484375,-229.40289306640625,-176.1955108642578,115.122314453125,1021.734375,806.313720703125,-55.002159118652344,1,21.240245819091797,6183.72998046875,5907.736328125,-241.5143585205078,-189.24664306640625,297.174560546875,895.6201171875,1330.48583984375,52.17189025878906,1,15.387359619140625,4904.5673828125,4914.4580078125,-176.92373657226562,-138.7383575439453,-249.913330078125,919.25537109375,1321.238525390625,9.840408325195312,1,15.310823440551758,4616.564453125,4810.73486328125,-170.55503845214844,-141.19146728515625,-101.544677734375,782.132568359375,707.0120849609375,232.0108184814453,1,23.788421630859375,7717.529296875,7540.083984375,-292.2427978515625,-229.74050903320312,64.041748046875,835.531982421875,671.92578125,81.29838562011719,1,24.635845184326172,7698.75146484375,7326.375,-302.0176696777344,-236.37469482421875,411.78076171875,658.399169921875,361.5384521484375,322.36285400390625,1,25.293275833129883,7888.900390625,6805.1416015625,-316.348876953125,-229.60238647460938,649.9111328125,825.11328125,294.5555419921875,80.21476745605469,1,29.819015502929688,9262.5078125,8362.541015625,-371.4607238769531,-280.8529052734375,763.775390625,968.57275390625,1167.4490966796875,108.09213256835938,1,16.54889678955078,4997.5244140625,4920.19140625,-185.45407104492188,-145.1990509033203,-82.371826171875,875.787109375,1299.421142578125,14.30938720703125,1,16.01545524597168,4939.07763671875,5150.125,-182.8789825439453,-151.6585693359375,-95.58251953125,864.929443359375,1128.924072265625,246.80186462402344,1,17.531320571899414,5688.69921875,5407.2705078125,-208.60340881347656,-156.3107147216797,-177.7802734375,1005.406494140625,1069.4730224609375,-21.330074310302734,1,19.097558975219727,5741.4921875,5730.9248046875,-218.35488891601562,-175.77346801757812,80.300537109375,637.553955078125,729.0537109375,366.65411376953125,1,18.058349609375,5456.6455078125,5732.23828125,-203.0302276611328,-170.0671844482422,-72.56298828125,967.718994140625,595.9140625,-99.4501953125,1,22.72592544555664,6999.05810546875,7152.56201171875,-255.5015106201172,-205.970458984375,-255.94482421875,SN000368420812,Pumba,72493.266,2025-12-19T19:08:13.293Z,1765551347625228500,3D
634.9580078125,16.525146484375,416.83453369140625,1,27.75598907470703,8234.7705078125,7469.0673828125,-332.7742614746094,-253.9018096923828,764.143798828125,850.407958984375,-64.322998046875,131.11993408203125,1,29.67950439453125,8658.0244140625,8027.130859375,-342.0237121582031,-262.4227600097656,544.25927734375,948.737548828125,1311.048095703125,157.0055694580078,1,16.167770385742188,4986.125,5650.8330078125,-177.0498809814453,-157.28732299804688,-347.21875,764.3603515625,904.6737060546875,334.71466064453125,1,18.564414978027344,5722.90087890625,5430.359375,-219.02798461914062,-168.4119110107422,125.38525390625,1015.511962890625,807.1407470703125,-56.911224365234375,1,21.40833282470703,6230.2392578125,5942.09912109375,-244.39381408691406,-191.6913299560547,334.561279296875,898.305908203125,1330.113525390625,50.28985595703125,1,14.920019149780273,4536.68701171875,4504.8994140625,-168.75929260253906,-133.4732666015625,-61.5126953125,923.142578125,1321.4453125,8.582481384277344,1,15.350386619567871,4745.00537109375,4863.55859375,-172.89715576171875,-139.6746826171875,-184.176513671875,781.770751953125,708.41015625,233.1570281982422,1,24.325889587402344,7881.5078125,7678.900390625,-300.8978271484375,-237.02552795410156,146.2900390625,836.0859375,672.6072998046875,83.10975646972656,1,25.613849639892578,8078.439453125,7630.974609375,-318.4706115722656,-248.259521484375,483.346435546875,654.986083984375,363.4090576171875,319.50396728515625,1,26.132123947143555,8226.1796875,7065.84814453125,-330.72271728515625,-239.56063842773438,705.4794921875,823.913818359375,295.662109375,79.49467468261719,1,28.070411682128906,8870.1044921875,7822.1689453125,-347.4766845703125,-253.05503845214844,458.468017578125,969.579345703125,1167.2822265625,107.85275268554688,1,16.634601593017578,5030.93408203125,4972.271484375,-186.59100341796875,-146.6197509765625,-86.375732421875,879.7080078125,1299.413330078125,11.582344055175781,1,15.856727600097656,4835.50732421875,5177.9794921875,-178.5461883544922,-151.9576873779297,-109.96533203125,866.7021484375,1127.707275390625,246.92091369628906,1,16.949520111083984,5429.41357421875,5256.435546875,-197.77638244628906,-150.42950439453125,-213.109130859375,1006.77978515625,1070.1943359375,-21.60596466064453,1,19.221651077270508,5840.6474609375,5713.40771484375,-222.16867065429688,-175.34593200683594,82.978271484375,638.111328125,729.891845703125,371.6190185546875,1,18.220508575439453,5543.232421875,5807.79638671875,-205.8521728515625,-171.80104064941406,-87.06298828125,966.620849609375,595.538818359375,-100.53117370605469,1,23.53246307373047,7339.28759765625,7417.56201171875,-269.42767333984375,-215.36114501953125,-218.892333984375,SN000368420812,Pumba,72493.4,2025-12-19T19:08:13.400Z,1765551347657585700,3D
632.213623046875,13.892333984375,420.3505859375,1,28.105754852294922,8272.2060546875,7606.49951171875,-336.558837890625,-261.0119323730469,842.857177734375,850.5263671875,-66.500732421875,133.74459838867188,1,27.80127716064453,7969.3466796875,7573.45654296875,-309.7657470703125,-240.83331298828125,334.37744140625,951.633056640625,1313.282470703125,156.1517333984375,1,15.832296371459961,4856.248046875,5364.9990234375,-173.57568359375,-150.42843627929688,-300.31689453125,764.057861328125,906.9718017578125,334.8603515625,1,18.887374877929688,5864.267578125,5594.0400390625,-224.01348876953125,-172.9309539794922,114.236083984375,1019.883544921875,805.798583984375,-56.58229064941406,1,22.193513870239258,6876.6865234375,6569.080078125,-259.78094482421875,-199.4437255859375,37.9443359375,894.815673828125,1330.215576171875,52.03497314453125,1,14.759988784790039,4434.5966796875,4415.8466796875,-165.6748809814453,-131.73318481445312,-36.352783203125,917.107421875,1320.454345703125,9.028961181640625,1,15.418668746948242,4683.54052734375,4873.26513671875,-172.383056640625,-142.21322631835938,-124.51416015625,782.885009765625,706.7613525390625,234.06590270996094,1,24.381654739379883,7971.5986328125,7591.025390625,-304.46783447265625,-234.59669494628906,152.198486328125,836.263671875,671.8343505859375,83.10379028320312,1,26.300439834594727,8465.8017578125,7718.970703125,-333.81292724609375,-251.86260986328125,508.52978515625,657.206787109375,360.401123046875,320.06219482421875,1,25.609752655029297,8053.1416015625,6818.53125,-323.7876892089844,-231.5728759765625,691.504150390625,825.67333984375,294.044921875,79.84521484375,1,29.093482971191406,9030.41796875,8326.54296875,-358.1097106933594,-274.00994873046875,610.842041015625,969.192626953125,1167.7021484375,107.12966918945312,1,16.682567596435547,5030.462890625,4962.0107421875,-187.29295349121094,-147.20819091796875,-62.517578125,873.7587890625,1298.674560546875,15.154510498046875,1,16.366573333740234,5128.8505859375,5150.9736328125,-191.0157012939453,-152.92276000976562,-62.67578125,867.0888671875,1130.563232421875,247.66566467285156,1,17.33575439453125,5653.7734375,5458.2783203125,-204.5711669921875,-154.45947265625,-267.829345703125,1008.5771484375,1069.27783203125,-20.98078155517578,1,19.21940040588379,5849.24951171875,5719.44140625,-222.1905059814453,-175.15122985839844,72.973388671875,636.54248046875,732.40576171875,371.15618896484375,1,18.97624969482422,6023.9111328125,6038.92041015625,-222.13919067382812,-176.5184326171875,-146.997314453125,967.43701171875,594.589111328125,-100.34197235107422,1,23.299152374267578,7157.4208984375,7087.19140625,-266.9480285644531,-210.8411865234375,-74.169921875,SN000368420812,Pumba,72493.5,2025-12-19T19:08:13.503Z,1765551347705387900,3D
634.99658203125,13.560546875,420.1881103515625,1,29.166357040405273,8609.712890625,7749.7255859375,-355.2969970703125,-272.86004638671875,1042.785888671875,851.086181640625,-66.751953125,133.61126708984375,1,28.93356704711914,8338.966796875,7806.451171875,-328.8096008300781,-254.26321411132812,504.386962890625,949.927734375,1311.41796875,156.90121459960938,1,16.422739028930664,5216.4619140625,5430.3828125,-187.36338806152344,-152.6848602294922,-292.78076171875,765.4111328125,903.28564453125,333.6077880859375,1,18.988954544067383,5951.6904296875,5565.40625,-227.45016479492188,-172.24855041503906,119.052978515625,1025.041015625,805.3212890625,-58.24173355102539,1,20.912996292114258,6051.3095703125,5831.8505859375,-235.8602294921875,-186.121826171875,274.97509765625,892.9599609375,1325.42333984375,52.369720458984375,1,14.911398887634277,4523.52734375,4537.0859375,-168.03115844726562,-134.1540069580078,-69.228271484375,915.90283203125,1316.4755859375,9.503402709960938,1,15.411397933959961,4660.02587890625,4839.65673828125,-172.45883178710938,-142.39796447753906,-92.682861328125,782.648193359375,706.39013671875,232.70396423339844,1,24.341007232666016,7857.54296875,7645.23388671875,-301.0035705566406,-237.26730346679688,179.69921875,834.641357421875,672.0386962890625,81.04684448242188,1,25.323932647705078,7882.2294921875,7566.83935546875,-311.6572265625,-247.03939819335938,502.34375,655.935546875,360.5830078125,320.1541748046875,1,25.960182189941406,8179.23046875,7064.1171875,-327.5961608886719,-237.8126678466797,660.432861328125,825.467041015625,294.0263671875,80.50563049316406,1,28.967304229736328,8893.5107421875,8353.376953125,-353.34930419921875,-275.3109130859375,623.903076171875,970.328369140625,1167.2669677734375,107.64338684082031,1,16.54913330078125,4981.67041015625,4916.0927734375,-185.19091796875,-145.49179077148438,-71.31005859375,873.502197265625,1292.8238525390625,15.496932983398438,1,16.105884552001953,5026.8046875,5138.685546875,-185.98617553710938,-151.06954956054688,-102.06689453125,868.4560546875,1127.638671875,248.04527282714844,1,17.48923110961914,5734.998046875,5497.345703125,-207.74600219726562,-155.7842559814453,-263.955322265625,1006.384033203125,1068.3551025390625,-21.550594329833984,1,19.318511962890625,5765.05078125,5797.123046875,-220.86151123046875,-179.7918701171875,133.990234375,637.547607421875,728.78076171875,369.57421875,1,18.688919067382812,5943.2138671875,5798.5771484375,-219.87286376953125,-170.22901916503906,-121.442138671875,965.22265625,595.9940185546875,-102.10210418701172,1,23.37249183654785,7228.88330078125,7393.9580078125,-265.4680480957031,-214.89430236816406,-212.37255859375,SN000368420812,Pumba,72493.6,2025-12-19T19:08:13.610Z,1765551347737846100,3D
637.4609375,13.790771484375,417.3604736328125,1,28.656112670898438,8475.6162109375,7764.1396484375,-345.63604736328125,-267.53997802734375,889.92626953125,848.976318359375,-64.700927734375,131.4329376220703,1,28.882858276367188,8367.736328125,7894.34326171875,-327.56292724609375,-254.0084991455078,427.178466796875,950.136962890625,1310.39599609375,157.29502868652344,1,16.234783172607422,4964.68505859375,5548.3759765625,-178.70864868164062,-157.27256774902344,-265.487060546875,766.7958984375,903.9493408203125,334.176025390625,1,19.66863441467285,6203.52685546875,5740.87890625,-238.90518188476562,-180.00674438476562,184.509765625,1032.912841796875,807.78271484375,-55.94274139404297,1,20.778329849243164,6046.0830078125,5890.7138671875,-232.9680938720703,-184.5353546142578,185.670654296875,894.937744140625,1325.5821533203125,52.37568664550781,1,15.291662216186523,4848.1015625,4817.63720703125,-175.7206268310547,-136.96810913085938,-219.333251953125,918.193603515625,1316.3199462890625,9.910820007324219,1,15.509260177612305,4693.4765625,4813.4140625,-174.6258544921875,-142.73878479003906,-62.5908203125,782.77099609375,706.46240234375,233.3572235107422,1,24.15478515625,7869.2724609375,7666.796875,-298.4898681640625,-234.2307586669922,81.7548828125,834.658203125,672.3043212890625,82.13076782226562,1,24.855106353759766,7756.783203125,7497.49560546875,-304.00372314453125,-241.29006958007812,405.194580078125,659.225830078125,361.199462890625,322.75457763671875,1,25.938560485839844,8110.3779296875,7073.865234375,-325.9710388183594,-239.31300354003906,692.46923828125,823.91455078125,295.4246826171875,80.93453979492188,1,29.655712127685547,9255.2890625,8282.3447265625,-370.17108154296875,-277.1630859375,730.03662109375,970.095703125,1166.025634765625,108.67753601074219,1,16.58283805847168,5005.69091796875,4943.5791015625,-185.6914520263672,-145.81747436523438,-84.684814453125,875.418701171875,1293.5020751953125,15.298828125,1,15.887897491455078,4918.56884765625,4973.6923828125,-182.87428283691406,-147.2925567626953,-70.144287109375,867.882080078125,1128.2642822265625,248.4727325439453,1,17.64631462097168,5791.451171875,5523.45751953125,-210.4199981689453,-157.257080078125,-245.751220703125,1005.947998046875,1069.611572265625,-21.420818328857422,1,19.07259178161621,5737.0751953125,5702.4990234375,-218.28294372558594,-175.03346252441406,83.426513671875,637.31103515625,730.556640625,365.5853271484375,1,17.87053871154785,5466.5966796875,5511.984375,-203.3236541748047,-163.32029724121094,-75.247314453125,964.573974609375,602.3876953125,-102.62019348144531,1,22.88188934326172,7203.33251953125,7185.6435546875,-261.18304443359375,-204.46243286132812,-322.52685546875,SN000368420812,Pumba,72493.7,2025-12-19T19:08:13.733Z,1765551347769243100,3D
637.4609375,13.790771484375,417.3604736328125,1,29.202621459960938,8595.2509765625,7777.00146484375,-354.8584289550781,-273.8154602050781,1046.32470703125,848.976318359375,-64.700927734375,131.4329376220703,1,28.059452056884766,7989.265625,7630.330078125,-312.9587097167969,-245.59738159179688,415.339111328125,950.136962890625,1310.39599609375,157.29502868652344,1,15.758550643920898,4820.75,5442.92431640625,-170.906494140625,-151.11685180664062,-344.48291015625,766.7958984375,903.9493408203125,334.176025390625,1,19.017934799194336,5907.4169921875,5589.32080078125,-226.482421875,-173.84243774414062,142.2392578125,1032.912841796875,807.78271484375,-55.94274139404297,1,21.38159942626953,6235.2353515625,5989.60498046875,-243.02328491210938,-191.1807403564453,282.954345703125,894.937744140625,1325.5821533203125,52.37568664550781,1,15.536693572998047,4943.6982421875,4878.2890625,-179.968505859375,-139.6080780029297,-197.814208984375,918.193603515625,1316.3199462890625,9.910820007324219,1,15.005824089050293,4573.390625,4710.220703125,-166.8296661376953,-135.53854370117188,-171.138916015625,782.77099609375,706.46240234375,233.3572235107422,1,24.051708221435547,7706.02587890625,7613.9814453125,-294.68218994140625,-235.55406188964844,159.23828125,834.658203125,672.3043212890625,82.13076782226562,1,25.336219787597656,7871.9541015625,7603.37255859375,-311.2892761230469,-248.1651611328125,502.961181640625,659.225830078125,361.199462890625,322.75457763671875,1,25.180261611938477,7872.01171875,6893.5908203125,-313.4368896484375,-229.4312744140625,574.474853515625,823.91455078125,295.4246826171875,80.93453979492188,1,27.81967544555664,8796.939453125,7764.404296875,-343.5791320800781,-249.88558959960938,420.56884765625,970.095703125,1166.025634765625,108.67753601074219,1,16.54800796508789,4979.72216796875,4875.57958984375,-185.52664184570312,-144.77989196777344,-57.743408203125,875.418701171875,1293.5020751953125,15.298828125,1,15.993780136108398,4945.4072265625,5052.7666015625,-183.77586364746094,-149.54283142089844,-73.744140625,867.882080078125,1128.2642822265625,248.4727325439453,1,17.759159088134766,5816.94921875,5546.4150390625,-212.16647338867188,-158.9310302734375,-219.688720703125,1005.947998046875,1069.611572265625,-21.420818328857422,1,19.275691986083984,5790.0126953125,5729.52880859375,-221.71817016601562,-177.64852905273438,131.22412109375,637.31103515625,730.556640625,365.5853271484375,1,17.986431121826172,5428.3408203125,5739.939453125,-201.46839904785156,-169.6803741455078,-89.01171875,964.573974609375,602.3876953125,-102.62019348144531,1,23.76079559326172,7284.546875,7313.1796875,-273.1702880859375,-219.45162963867188,-26.601318359375,SN000368420812,Pumba,72493.833,2025-12-19T19:08:13.852Z,1765551347802097800,3D
635.93359375,13.038330078125,417.8447265625,1,28.411479949951172,8411.4912109375,7655.5361328125,-342.3605041503906,-263.18829345703125,861.383544921875,851.85986328125,-68.302001953125,130.18482971191406,1,28.445709228515625,8253.197265625,7729.556640625,-321.8569641113281,-247.2967987060547,380.951416015625,950.131591796875,1312.84521484375,157.85635375976562,1,15.586723327636719,4761.83154296875,5321.021484375,-168.98934936523438,-147.8140411376953,-334.511474609375,765.749755859375,903.190185546875,333.7659912109375,1,19.0300350189209,5929.6806640625,5607.77734375,-226.83901977539062,-173.79855346679688,126.2802734375,1031.989990234375,810.478271484375,-57.03860092163086,1,21.392841339111328,6223.15771484375,5970.462890625,-243.17669677734375,-191.3618927001953,303.109619140625,895.540771484375,1329.6357421875,52.43547058105469,1,15.498519897460938,4908.099609375,4846.9287109375,-179.17062377929688,-139.33836364746094,-179.843017578125,918.9150390625,1320.193359375,9.894981384277344,1,15.594735145568848,4719.609375,4905.140625,-175.04676818847656,-144.8042449951172,-81.237060546875,783.19970703125,706.8443603515625,231.8802947998047,1,24.242137908935547,7867.42138671875,7631.8603515625,-300.0331726074219,-235.18910217285156,135.214111328125,833.536376953125,671.1962890625,79.91876220703125,1,25.24750518798828,7922.52587890625,7505.341796875,-312.24822998046875,-244.02842712402344,471.64599609375,657.34716796875,361.2254638671875,321.70135498046875,1,24.357681274414062,7563.1513671875,6639.8173828125,-299.76654052734375,-219.2250518798828,506.7607421875,825.6337890625,293.0596923828125,80.83441162109375,1,28.416339874267578,9007.20703125,8004.50146484375,-352.5585021972656,-258.4571838378906,455.8232421875,970.394775390625,1167.2862548828125,107.80662536621094,1,16.723405838012695,5035.3232421875,4963.81640625,-187.8358612060547,-147.71182250976562,-50.582275390625,875.594482421875,1298.010986328125,14.960334777832031,1,16.243911743164062,5044.62060546875,5123.55029296875,-188.10960388183594,-152.42568969726562,-53.8984375,867.333984375,1127.795654296875,246.92564392089844,1,17.55492401123047,5699.7412109375,5450.08349609375,-208.4124755859375,-156.84588623046875,-197.867431640625,1009.041748046875,1073.735107421875,-24.07912826538086,1,19.185901641845703,5794.6748046875,5713.46044921875,-220.80764770507812,-175.8087158203125,95.230712890625,638.989501953125,727.3223876953125,367.25372314453125,1,18.157604217529297,5785.04833984375,5728.4912109375,-210.5945587158203,-163.9671173095703,-231.60107421875,964.83837890625,603.6724853515625,-102.5014877319336,1,23.79762840270996,7384.31298828125,7330.39599609375,-275.32916259765625,-217.97877502441406,-79.524169921875,SN000368420812,Pumba,72493.966,2025-12-19T19:08:13.967Z,1765551347833758500,3D
639.39453125,12.150146484375,420.55670166015625,1,28.43090057373047,8292.90234375,7520.8740234375,-342.0699462890625,-264.3326110839844,999.70947265625,852.00341796875,-69.063720703125,130.9585723876953,1,29.13556671142578,8338.40234375,7896.015625,-330.2174987792969,-258.7489318847656,551.767822265625,951.532958984375,1314.160400390625,155.97515869140625,1,15.70208740234375,4818.47314453125,5385.2470703125,-170.89088439941406,-149.46389770507812,-342.16650390625,765.010986328125,903.964599609375,334.1429443359375,1,19.04755973815918,5933.66064453125,5630.599609375,-226.89111328125,-174.365234375,123.040283203125,1034.36962890625,810.245849609375,-56.53926467895508,1,22.228750228881836,6830.4677734375,6534.11328125,-259.0627746582031,-199.6643829345703,71.876220703125,894.052978515625,1325.72412109375,51.30809020996094,1,14.705500602722168,4453.2373046875,4450.57373046875,-164.9722900390625,-131.02877807617188,-82.9033203125,916.56689453125,1314.9739990234375,8.580131530761719,1,15.183146476745605,4664.28857421875,4843.77099609375,-169.3759765625,-138.47560119628906,-200.167236328125,782.503662109375,707.5003662109375,234.1234893798828,1,23.831035614013672,7636.943359375,7515.818359375,-291.6346740722656,-232.0346221923828,144.42822265625,835.389892578125,670.5224609375,83.24311828613281,1,25.511756896972656,7891.5107421875,7575.8408203125,-314.3382263183594,-250.2199249267578,579.60693359375,659.90087890625,360.2181396484375,322.97674560546875,1,24.939563751220703,7671.443359375,6863.32958984375,-306.9349670410156,-229.82635498046875,609.216552734375,825.000732421875,292.232177734375,79.944580078125,1,30.384719848632812,9818.109375,8493.798828125,-387.8336486816406,-279.14520263671875,613.21142578125,971.151611328125,1167.068359375,108.04443359375,1,16.521381378173828,4957.90673828125,4890.0849609375,-184.62008666992188,-145.11105346679688,-60.57421875,873.77490234375,1292.246337890625,15.618408203125,1,16.033546447753906,5016.10546875,5116.7763671875,-184.99632263183594,-149.67613220214844,-121.515625,867.864501953125,1128.2059326171875,247.3836212158203,1,17.38725471496582,5662.328125,5429.84765625,-205.73594665527344,-154.6531219482422,-239.896240234375,1009.068603515625,1073.5062255859375,-24.03937530517578,1,19.071300506591797,5674.9521484375,5707.927734375,-217.11361694335938,-176.6561279296875,122.17431640625,634.958740234375,730.2548828125,367.13128662109375,1,17.79894256591797,5387.24658203125,5638.0771484375,-199.24037170410156,-165.75746154785156,-111.564208984375,962.48388671875,604.8878173828125,-101.97810363769531,1,21.974061965942383,6808.8515625,6965.9501953125,-244.7268829345703,-195.829833984375,-375.7783203125,SN000368420812,Pumba,72494.066,2025-12-19T19:08:14.072Z,1765551347865534600,3D
634.687744140625,16.845458984375,428.23699951171875,1,29.709699630737305,8666.626953125,7847.9345703125,-361.8729553222656,-281.3553161621094,1189.768310546875,850.015869140625,-68.981689453125,130.84234619140625,1,29.110200881958008,8511.2529296875,7923.6826171875,-332.7456970214844,-254.61949157714844,419.9033203125,945.9375,1308.415771484375,156.74395751953125,1,15.982372283935547,4894.474609375,5484.09033203125,-174.83766174316406,-153.80084228515625,-306.18505859375,764.2412109375,904.6298828125,334.814697265625,1,19.302997589111328,6052.44140625,5672.1748046875,-232.0771942138672,-176.5110321044922,146.714111328125,1030.8564453125,807.35302734375,-57.12146759033203,1,21.878070831298828,6735.80322265625,6415.09423828125,-253.9234161376953,-194.10752868652344,19.66943359375,893.705810546875,1324.412353515625,50.21461486816406,1,15.391335487365723,4911.92333984375,4899.45556640625,-177.22463989257812,-138.3157196044922,-249.111328125,918.54150390625,1316.431884765625,8.293533325195312,1,15.143030166625977,4550.0888671875,4748.158203125,-167.77865600585938,-138.96168518066406,-110.61669921875,784.81298828125,705.991943359375,234.9524688720703,1,24.283164978027344,7853.95166015625,7606.37841796875,-300.685546875,-235.8667449951172,173.6357421875,836.72119140625,669.32421875,84.0311279296875,1,25.572568893432617,7979.51318359375,7615.140625,-316.1972961425781,-249.59194946289062,531.435546875,655.616943359375,361.40185546875,321.52874755859375,1,25.176475524902344,7877.9853515625,6783.9306640625,-314.7459716796875,-227.475341796875,610.41552734375,827.06689453125,291.818115234375,79.83636474609375,1,28.266090393066406,8915.2451171875,7972.9609375,-348.99822998046875,-257.38311767578125,452.584716796875,970.2138671875,1165.4530029296875,107.55935668945312,1,16.63048553466797,5009.73486328125,4937.61328125,-186.4281463623047,-146.36672973632812,-65.310791015625,876.056884765625,1292.57177734375,11.891471862792969,1,15.711389541625977,4806.87646484375,5000.3544921875,-178.0760955810547,-147.3566436767578,-89.810546875,868.460205078125,1127.4381103515625,247.64613342285156,1,16.8115291595459,5311.6845703125,5357.1884765625,-192.35838317871094,-152.239501953125,-245.773681640625,1007.0341796875,1070.0372314453125,-23.443771362304688,1,19.240901947021484,5775.40576171875,5739.45703125,-220.86575317382812,-177.5706329345703,121.19775390625,636.33056640625,730.635498046875,371.41558837890625,1,18.234912872314453,5613.1748046875,5887.390625,-206.5574951171875,-171.79727172851562,-150.968017578125,964.722900390625,600.429931640625,-101.91162109375,1,22.270179748535156,6845.22265625,7030.0185546875,-248.75624084472656,-201.08175659179688,-287.631103515625,SN000368420812,Pumba,72494.2,2025-12-19T19:08:14.210Z,1765551347897431900,3D
638.099853515625,9.900390625,421.46868896484375,1,30.254364013671875,8939.6884765625,8005.189453125,-372.84442138671875,-286.9627990722656,1212.65380859375,850.48388671875,-72.367919921875,133.3577880859375,1,28.726280212402344,8310.82421875,7823.6982421875,-325.2244567871094,-251.63246154785156,420.6865234375,951.7978515625,1311.3253173828125,158.34397888183594,1,16.640766143798828,5236.55859375,5413.48681640625,-190.91461181640625,-155.6617431640625,-200.166015625,766.29248046875,903.23095703125,335.60870361328125,1,18.754886627197266,5869.447265625,5583.71240234375,-222.47976684570312,-170.46253967285156,56.943359375,1032.8583984375,805.5242919921875,-56.522579193115234,1,21.6975154876709,6650.56298828125,6437.4658203125,-249.71597290039062,-193.53665161132812,-13.43017578125,898.02099609375,1330.726806640625,52.63804626464844,1,15.492537498474121,4929.3271484375,4887.93115234375,-179.00979614257812,-139.37783813476562,-211.658935546875,921.65283203125,1321.818603515625,9.992111206054688,1,15.121810913085938,4620.40234375,4799.93701171875,-168.16238403320312,-137.7002716064453,-185.623291015625,782.899658203125,705.3299560546875,232.7815704345703,1,24.007469177246094,7972.900390625,7613.0537109375,-299.00640869140625,-228.3865203857422,-30.405517578125,837.802490234375,668.3486328125,82.31776428222656,1,25.445270538330078,8102.75,7574.26025390625,-317.2007751464844,-243.8223876953125,410.94775390625,658.3662109375,358.4212646484375,323.15960693359375,1,25.90650177001953,8066.94287109375,7142.7822265625,-323.94378662109375,-240.9031982421875,679.470703125,826.250244140625,289.43701171875,80.11956787109375,1,30.071969985961914,9352.5771484375,8620.5,-373.24237060546875,-286.62890625,710.462890625,971.17626953125,1166.2947998046875,107.30342102050781,1,16.51465606689453,4960.2705078125,4897.0673828125,-184.43394470214844,-144.9785614013672,-69.686767578125,877.965087890625,1299.9581298828125,14.344627380371094,1,15.954757690429688,4940.2236328125,5144.92626953125,-181.99635314941406,-150.34686279296875,-126.24951171875,868.228759765625,1127.8028564453125,247.28684997558594,1,17.442184448242188,5650.505859375,5468.9775390625,-205.7081756591797,-156.35455322265625,-226.0595703125,1010.2451171875,1069.3477783203125,-22.89083480834961,1,19.096790313720703,5803.59765625,5695.6728515625,-219.97547912597656,-173.814697265625,56.521240234375,637.5830078125,728.749755859375,372.103271484375,1,18.64402961730957,5688.62744140625,6165.4033203125,-209.99417114257812,-180.92967224121094,-131.20166015625,967.234619140625,597.728515625,-102.21392822265625,1,22.741207122802734,7007.2822265625,7087.8876953125,-257.03515625,-205.54566955566406,-215.415771484375,SN000368420812,Pumba,72494.333,2025-12-19T19:08:14.347Z,1765551347929318900,3D
637.718505859375,8.896240234375,423.24395751953125,1,28.955766677856445,8488.4599609375,7761.9482421875,-349.5123596191406,-271.7073974609375,1002.40576171875,850.361083984375,-71.96728515625,133.3852081298828,1,28.994495391845703,8164.4599609375,8004.88671875,-323.6155090332031,-261.9669189453125,549.99658203125,944.031494140625,1314.199462890625,156.34771728515625,1,15.405330657958984,4761.880859375,5325.98974609375,-166.4816436767578,-144.83294677734375,-417.6796875,764.6376953125,904.9852294921875,337.867919921875,1,19.129478454589844,5941.00390625,5611.61083984375,-228.32086181640625,-175.23126220703125,161.26611328125,1034.93896484375,808.750732421875,-55.66082000732422,1,22.497209548950195,6987.9765625,6649.326171875,-263.93878173828125,-201.82667541503906,36.987548828125,893.42333984375,1325.320556640625,47.7418212890625,1,14.915325164794922,4517.4326171875,4554.0322265625,-167.6531982421875,-134.4801788330078,-74.140380859375,919.2080078125,1315.6708984375,6.450103759765625,1,15.85476303100586,4866.5087890625,5126.755859375,-178.62327575683594,-149.0535888671875,-145.986572265625,783.055908203125,705.5845947265625,235.38380432128906,1,24.177326202392578,7800.177734375,7580.56689453125,-298.4767761230469,-234.8579864501953,167.532470703125,837.5419921875,669.4061279296875,84.33816528320312,1,25.470420837402344,7859.076171875,7593.97265625,-312.6170959472656,-250.14344787597656,563.064208984375,658.943115234375,357.06689453125,322.17529296875,1,25.514545440673828,7929.982421875,6948.56982421875,-318.2289123535156,-234.3462371826172,660.97314453125,824.3212890625,290.0771484375,79.31845092773438,1,29.8387451171875,9482.919921875,8428.7158203125,-374.8513488769531,-276.7276611328125,601.169921875,970.03857421875,1168.32958984375,110.52774047851562,1,16.548519134521484,5024.17236328125,4944.2646484375,-185.50343322753906,-144.735595703125,-113.968994140625,876.58984375,1291.576416015625,10.315689086914062,1,16.16469955444336,5068.0087890625,5188.82421875,-186.81307983398438,-151.67893981933594,-126.05859375,866.343505859375,1130.3526611328125,250.2876434326172,1,16.902252197265625,5350.3798828125,5405.7255859375,-193.67556762695312,-153.5299835205078,-250.394775390625,1009.4287109375,1072.4580078125,-20.440326690673828,1,19.371599197387695,5825.146484375,5900.10546875,-221.3794708251953,-180.7228546142578,76.184814453125,636.53125,729.54345703125,373.614013671875,1,18.395828247070312,5647.78076171875,5785.4921875,-210.396484375,-171.8872833251953,-66.89404296875,964.09033203125,602.8089599609375,-103.32772827148438,1,22.51463508605957,7059.685546875,7182.7822265625,-253.6009521484375,-201.66322326660156,-394.589111328125,SN000368420812,Pumba,72494.466,2025-12-19T19:08:14.476Z,1765551347961374200,3D
639.203125,14.104736328125,425.17041015625,1,29.867311477661133,8778.8671875,7930.14697265625,-365.0216369628906,-282.49267578125,1154.092041015625,855.740966796875,-67.870849609375,134.55752563476562,1,30.213237762451172,8581.8427734375,8368.427734375,-343.29345703125,-277.88336181640625,681.4140625,950.654541015625,1309.794189453125,156.7980499267578,1,16.586101531982422,5229.6494140625,5474.83056640625,-189.5847625732422,-156.17764282226562,-235.645263671875,763.463134765625,906.6688232421875,333.41375732421875,1,19.338298797607422,5971.1884765625,5658.427734375,-231.22982788085938,-178.85533142089844,220.00146484375,1029.337158203125,807.58642578125,-57.42194747924805,1,21.465259552001953,6237.07080078125,6043.41455078125,-243.4503936767578,-193.25112915039062,294.8271484375,894.965576171875,1324.22900390625,51.7320556640625,1,15.601036071777344,4984.02001953125,4961.3408203125,-180.6360321044922,-141.0529022216797,-226.00390625,918.359130859375,1315.34521484375,9.136276245117188,1,15.885578155517578,4906.2216796875,5125.9326171875,-179.69644165039062,-148.5025177001953,-159.959716796875,782.9052734375,706.368408203125,232.60108947753906,1,24.691238403320312,8100.46533203125,7691.412109375,-309.61175537109375,-237.9910430908203,161.91552734375,839.33251953125,669.638671875,83.22544860839844,1,25.79527473449707,8284.541015625,7590.2099609375,-325.0387878417969,-245.54429626464844,443.90771484375,659.762939453125,360.764892578125,324.703857421875,1,26.37955093383789,8252.70703125,7084.98583984375,-334.0553283691406,-243.05047607421875,782.855224609375,826.221435546875,292.0235595703125,79.258544921875,1,30.66498565673828,9489.9453125,8743.3955078125,-382.3003234863281,-295.1861267089844,839.26708984375,971.742431640625,1165.708251953125,107.55311584472656,1,16.570863723754883,5000.6181640625,4906.990234375,-185.92515563964844,-145.24325561523438,-70.615478515625,875.860107421875,1291.805419921875,14.573280334472656,1,16.078529357910156,5001.0537109375,5171.95849609375,-184.40835571289062,-151.31483459472656,-122.2001953125,867.620849609375,1129.780517578125,246.51295471191406,1,16.944862365722656,5346.58056640625,5407.525390625,-194.31112670898438,-154.55548095703125,-224.606689453125,1013.798583984375,1070.7833251953125,-21.79322052001953,1,19.22401237487793,5797.00439453125,5727.609375,-221.1278076171875,-176.52577209472656,102.94140625,637.5009765625,731.052001953125,369.75299072265625,1,18.56555938720703,5939.791015625,5895.0771484375,-216.89585876464844,-169.58731079101562,-215.825927734375,970.09326171875,598.474365234375,-102.30004119873047,1,23.67328643798828,7381.9912109375,7212.12890625,-275.1119079589844,-214.24826049804688,-83.832763671875,SN000368420812,Pumba,72494.6,2025-12-19T19:08:14.611Z,1765551347993289500,3D
640.7109375,10.947021484375,420.35455322265625,1,28.38047218322754,8296.091796875,7541.1513671875,-341.0500793457031,-263.5223693847656,961.9423828125,851.8095703125,-70.7646484375,132.6052703857422,1,28.87860679626465,8253.92578125,7865.373046875,-325.32989501953125,-255.6944122314453,495.20458984375,947.3134765625,1308.373046875,157.72018432617188,1,17.248043060302734,5419.4599609375,5757.890625,-198.11021423339844,-166.4405975341797,-189.87158203125,764.1669921875,904.999267578125,335.24932861328125,1,19.03583526611328,5903.81982421875,5618.734375,-226.54519653320312,-174.9769287109375,148.78515625,1031.108642578125,807.40966796875,-56.78631591796875,1,22.44881820678711,6939.9443359375,6614.49853515625,-263.09326171875,-201.97653198242188,68.865478515625,895.664306640625,1324.8153076171875,50.71852111816406,1,15.728137016296387,5028.6728515625,4993.267578125,-182.67771911621094,-142.46641540527344,-214.039794921875,920.83349609375,1317.041015625,8.846420288085938,1,15.470857620239258,4661.322265625,4830.09814453125,-173.17506408691406,-142.9425048828125,-70.543212890625,783.1826171875,705.21923828125,233.19166564941406,1,23.696149826049805,7474.62158203125,7368.236328125,-288.5666809082031,-231.37789916992188,245.269775390625,839.861328125,668.4677734375,83.67376708984375,1,25.419559478759766,7866.8505859375,7518.921875,-312.9678955078125,-247.95147705078125,564.99267578125,658.132080078125,358.7576904296875,321.52435302734375,1,25.596332550048828,7945.751953125,6947.52734375,-319.647216796875,-235.3436279296875,688.30126953125,826.27587890625,290.354248046875,80.11039733886719,1,29.701936721801758,9591.375,8198.017578125,-377.9928283691406,-268.5921325683594,569.95849609375,971.5654296875,1165.5848388671875,108.41299438476562,1,16.644638061523438,4986.26953125,4939.1552734375,-186.08184814453125,-147.08338928222656,-47.504638671875,878.276123046875,1293.0653076171875,12.063301086425781,1,15.917217254638672,4889.78564453125,5091.158203125,-181.17800903320312,-150.07257080078125,-90.439208984375,867.69677734375,1128.53369140625,247.62611389160156,1,17.01471519470215,5459.228515625,5272.00146484375,-198.93006896972656,-150.93832397460938,-212.064453125,1014.070068359375,1070.8895263671875,-21.247570037841797,1,19.479032516479492,5886.47119140625,5707.4697265625,-226.17373657226562,-178.0118408203125,158.5751953125,638.2470703125,729.0491943359375,371.91094970703125,1,17.881549835205078,5387.5205078125,5732.88525390625,-199.39442443847656,-168.79714965820312,-106.819580078125,966.083740234375,599.9599609375,-102.84700012207031,1,22.71127700805664,7061.220703125,7188.455078125,-256.04498291015625,-204.81178283691406,-315.490966796875,SN000368420812,Pumba,72494.7,2025-12-19T19:08:14.721Z,1765551348025926100,3D
639.721923828125,11.233642578125,420.83209228515625,1,28.97870635986328,8599.580078125,7731.4228515625,-352.1717529296875,-268.88525390625,951.91259765625,846.29541015625,-70.2470703125,142.70399475097656,1,28.46115493774414,8087.03857421875,7596.205078125,-320.0152893066406,-248.78033447265625,527.2734375,950.09326171875,1309.422607421875,157.75067138671875,1,16.59896469116211,5216.154296875,5450.076171875,-189.4735565185547,-155.92626953125,-222.462646484375,766.8046875,901.47607421875,334.5745849609375,1,19.08292579650879,5972.697265625,5640.2607421875,-228.11221313476562,-174.34657287597656,114.793701171875,1035.3037109375,803.7982177734375,-55.70157241821289,1,22.35735321044922,6875.4541015625,6495.8857421875,-261.99462890625,-200.05609130859375,112.92626953125,894.768798828125,1324.343505859375,52.255889892578125,1,15.419075012207031,4939.978515625,4874.10546875,-178.33677673339844,-137.6207733154297,-247.248046875,918.524658203125,1315.9775390625,9.627822875976562,1,15.228013038635254,4637.87841796875,4775.56640625,-170.12353515625,-138.59103393554688,-142.423828125,783.325439453125,705.1856689453125,233.50059509277344,1,24.13991928100586,7945.46826171875,7606.1220703125,-300.386474609375,-231.1876678466797,49.55517578125,842.337890625,667.9039306640625,84.86160278320312,1,25.543865203857422,7957.93798828125,7544.6025390625,-315.9462585449219,-248.1641082763672,550.06298828125,655.596923828125,358.8900146484375,320.05712890625,1,24.8758602142334,7753.404296875,6818.72265625,-308.02294921875,-225.98838806152344,543.02880859375,824.189697265625,289.6739501953125,79.32328796386719,1,27.491466522216797,8895.0419921875,8048.14892578125,-337.2539978027344,-245.94805908203125,88.5751953125,972.307373046875,1165.770263671875,108.161376953125,1,16.756425857543945,5058.0048828125,4962.65185546875,-188.6347198486328,-147.60816955566406,-52.397216796875,876.08349609375,1292.014892578125,14.635543823242188,1,16.063167572021484,4991.3271484375,5104.02685546875,-184.82052612304688,-150.2362518310547,-96.40234375,866.83154296875,1126.5872802734375,246.2388153076172,1,17.73145866394043,5804.2763671875,5569.7265625,-211.29664611816406,-159.1444091796875,-232.705322265625,1011.602783203125,1067.0477294921875,-20.52791976928711,1,19.36302947998047,5875.9931640625,5730.9580078125,-224.14186096191406,-176.67762756347656,104.308349609375,638.84228515625,726.15478515625,368.2003173828125,1,18.45111846923828,5923.4140625,5857.947265625,-215.42405700683594,-167.3999786376953,-244.16455078125,963.7880859375,598.6580810546875,-103.3958740234375,1,22.367080688476562,6892.22265625,7114.986328125,-249.4764862060547,-202.33702087402344,-322.362548828125,SN000368420812,Pumba,72494.833,2025-12-19T19:08:14.840Z,1765551348057514400,3D
639.742431640625,12.761962890625,420.1278076171875,1,29.432716369628906,8786.908203125,7789.19189453125,-361.1028137207031,-272.97259521484375,1014.18017578125,846.1982421875,-68.992919921875,142.57424926757812,1,29.07339859008789,8412.927734375,7922.13671875,-330.72100830078125,-256.6646728515625,475.45166015625,952.32958984375,1311.0621337890625,157.37969970703125,1,16.92272186279297,5254.26513671875,5600.24853515625,-192.59544372558594,-162.56251525878906,-166.5380859375,766.406982421875,903.8365478515625,333.67694091796875,1,19.27550506591797,5995.66015625,5650.9541015625,-230.72901916503906,-176.85586547851562,172.89306640625,1034.440185546875,804.7911376953125,-55.917686462402344,1,22.164443969726562,6806.0302734375,6588.23876953125,-256.6249084472656,-199.40428161621094,21.6142578125,897.40185546875,1329.1328125,52.317962646484375,1,15.596519470214844,4884.1572265625,4897.88818359375,-179.37326049804688,-142.25340270996094,-143.251953125,920.574951171875,1320.0009765625,9.588348388671875,1,15.81076431274414,4812.43994140625,5003.45703125,-178.45074462890625,-147.65765380859375,-84.239501953125,783.123046875,706.469482421875,233.8951873779297,1,24.480464935302734,8004.919921875,7681.646484375,-305.10638427734375,-236.56288146972656,131.807861328125,839.23779296875,668.8160400390625,84.42498779296875,1,25.643566131591797,8055.64892578125,7607.857421875,-318.1907958984375,-248.28402709960938,502.55810546875,656.308349609375,360.1951904296875,320.09649658203125,1,25.037029266357422,7743.2939453125,6911.12890625,-309.0009460449219,-230.47145080566406,588.04296875,825.89404296875,290.7786865234375,80.01985168457031,1,28.317718505859375,8766.6669921875,8073.36083984375,-345.6007995605469,-263.15228271484375,525.368896484375,971.544189453125,1166.0833740234375,107.27914428710938,1,16.531841278076172,4990.2958984375,4914.57763671875,-184.93263244628906,-144.7189178466797,-90.613525390625,877.165283203125,1297.9600830078125,14.604942321777344,1,16.040124893188477,4923.60400390625,5166.30078125,-182.53610229492188,-152.44586181640625,-87.62353515625,866.0986328125,1128.7520751953125,245.29664611816406,1,17.31882667541504,5620.96240234375,5382.0361328125,-204.6078338623047,-153.7459716796875,-225.67138671875,1012.06689453125,1067.9197998046875,-21.1439208984375,1,19.337671279907227,5921.91162109375,5800.421875,-223.79916381835938,-176.1892852783203,35.662841796875,639.916748046875,727.5416259765625,366.22406005859375,1,18.089889526367188,5545.2587890625,5816.0703125,-203.88929748535156,-169.50665283203125,-154.63134765625,968.577392578125,597.677490234375,-102.0842514038086,1,22.39248275756836,6837.33154296875,7046.7197265625,-249.67819213867188,-203.1069793701172,-247.198486328125,SN000368420812,Pumba,72494.933,2025-12-19T19:08:14.950Z,1765551348105473000,3D
637.77197265625,14.184814453125,424.9490966796875,1,27.848026275634766,8207.22265625,7509.1005859375,-332.60614013671875,-256.19439697265625,792.98095703125,845.67431640625,-67.591552734375,142.70977783203125,1,29.341646194458008,8501.587890625,8032.1845703125,-334.697998046875,-260.7825927734375,496.63134765625,945.15283203125,1309.1318359375,158.7677459716797,1,16.835830688476562,5308.4521484375,5583.724609375,-192.623779296875,-159.55426025390625,-233.202392578125,764.7666015625,903.0924072265625,335.04339599609375,1,19.32388687133789,5965.09326171875,5644.7099609375,-230.9761505126953,-178.41134643554688,219.210205078125,1034.919921875,807.1380615234375,-55.68195343017578,1,22.505247116088867,6894.67822265625,6542.73876953125,-263.4600830078125,-202.39561462402344,137.537109375,895.33349609375,1324.3648681640625,50.92680358886719,1,15.583967208862305,4939.11328125,4912.0498046875,-180.11679077148438,-141.02708435058594,-187.18017578125,921.12255859375,1316.0797119140625,9.622344970703125,1,15.505577087402344,4670.1640625,4776.84130859375,-174.50633239746094,-142.5812225341797,-37.458740234375,784.467529296875,705.016357421875,233.10728454589844,1,24.00031089782715,7778.8720703125,7528.75,-296.3831481933594,-231.68310546875,124.72509765625,839.845947265625,669.05908203125,83.18272399902344,1,26.02802276611328,8137.8134765625,7687.580078125,-324.0787353515625,-254.17617797851562,595.165771484375,657.508544921875,359.5955810546875,320.3209228515625,1,25.68401336669922,8100.9609375,6953.00390625,-323.8377990722656,-233.44711303710938,633.523193359375,824.853271484375,291.5736083984375,79.66127014160156,1,28.423446655273438,8976.076171875,7922.8154296875,-352.71649169921875,-257.6521911621094,499.93017578125,970.479248046875,1165.6968994140625,110.4404296875,1,16.75757598876953,5012.01611328125,4897.5849609375,-188.59178161621094,-147.75135803222656,3.555419921875,878.547119140625,1292.2362060546875,12.428840637207031,1,16.028697967529297,4974.044921875,5076.3798828125,-184.56588745117188,-149.89584350585938,-83.2978515625,866.342041015625,1127.5843505859375,248.77552795410156,1,17.43422508239746,5545.681640625,5391.662109375,-204.71414184570312,-157.7047576904297,-128.233642578125,1008.5498046875,1069.4080810546875,-19.92502212524414,1,19.360103607177734,5798.8212890625,5734.439453125,-222.59031677246094,-178.47158813476562,149.172607421875,637.630615234375,728.0892333984375,370.0064697265625,1,18.31626319885254,5757.8720703125,5575.1923828125,-213.8156280517578,-164.63717651367188,-90.919189453125,962.847412109375,602.593017578125,-102.60874938964844,1,22.805679321289062,7129.435546875,7302.9814453125,-257.247314453125,-206.56346130371094,-360.756591796875,SN000368420812,Pumba,72495.033,2025-12-19T19:08:15.055Z,1765551348137669800,3D
640.947265625,11.664794921875,418.81243896484375,1,28.30972671508789,8275.869140625,7537.927734375,-339.86065673828125,-262.8908996582031,947.74755859375,845.57275390625,-69.16552734375,142.10739135742188,1,28.218685150146484,8018.9423828125,7731.1630859375,-314.45086669921875,-249.10751342773438,427.76123046875,946.71728515625,1313.39599609375,155.3217315673828,1,16.08546257019043,4899.875,5430.6904296875,-177.04627990722656,-154.69143676757812,-239.732666015625,767.478759765625,902.4404296875,334.20758056640625,1,19.347888946533203,6057.9208984375,5675.7255859375,-232.71168518066406,-177.15249633789062,160.90869140625,1033.767333984375,809.060791015625,-56.40194320678711,1,21.9302921295166,6684.6015625,6592.0029296875,-251.34872436523438,-198.6381378173828,-1.76416015625,897.049072265625,1329.858642578125,47.28138732910156,1,15.34585189819336,4824.7880859375,4826.91015625,-175.76519775390625,-138.398681640625,-188.7568359375,922.46142578125,1320.401611328125,5.857673645019531,1,15.175191879272461,4559.333984375,4767.7333984375,-167.99468994140625,-139.3878173828125,-114.97802734375,783.0146484375,706.8175048828125,233.75465393066406,1,24.102046966552734,7771.791015625,7550.1171875,-297.22003173828125,-233.70468139648438,161.308349609375,839.59521484375,669.3079833984375,84.24162292480469,1,24.90812873840332,7778.0654296875,7459.2626953125,-305.1749572753906,-240.59866333007812,417.49658203125,656.969970703125,359.8687744140625,320.0565185546875,1,24.85091781616211,7761.744140625,6864.96240234375,-307.3616027832031,-226.1666717529297,510.69873046875,824.5224609375,290.9552001953125,79.64559936523438,1,28.741872787475586,9039.16796875,8294.2763671875,-353.74273681640625,-267.1772155761719,455.21826171875,970.021240234375,1167.70361328125,107.75106811523438,1,16.589370727539062,4981.67578125,4909.19189453125,-185.67454528808594,-145.8868408203125,-55.27685546875,878.962646484375,1298.0701904296875,8.920181274414062,1,15.923041343688965,4851.8984375,5068.41650390625,-180.72811889648438,-150.6046905517578,-58.071533203125,866.377197265625,1128.414794921875,246.86094665527344,1,16.881006240844727,5337.9755859375,5352.02001953125,-193.8800506591797,-152.74716186523438,-228.148681640625,1010.150634765625,1072.5113525390625,-22.844078063964844,1,19.329498291015625,5804.1064453125,5763.01806640625,-222.15928649902344,-178.54757690429688,128.271728515625,636.914794921875,728.6513671875,365.62078857421875,1,18.37434959411621,5617.2978515625,5817.740234375,-209.12510681152344,-172.70579528808594,-70.99609375,968.111572265625,601.63330078125,-102.53612518310547,1,23.446918487548828,7151.60546875,7271.2470703125,-267.11279296875,-216.87271118164062,-61.50439453125,SN000368420812,Pumba,72495.166,2025-12-19T19:08:15.174Z,1765551348169313200,3D
637.103271484375,12.170166015625,424.6673583984375,1,27.64502716064453,8178.0400390625,7464.24072265625,-329.77862548828125,-252.68385314941406,735.690673828125,846.413818359375,-69.7802734375,140.37054443359375,1,29.505067825317383,8377.5927734375,8105.5888671875,-333.6816711425781,-267.5533447265625,617.649169921875,948.4375,1310.99072265625,156.7926483154297,1,16.378339767456055,5119.5087890625,5436.7158203125,-185.07861328125,-154.57879638671875,-247.558837890625,765.18310546875,903.8255615234375,334.86566162109375,1,19.136577606201172,5986.7900390625,5625.3681640625,-229.03131103515625,-174.38229370117188,127.6923828125,1033.382568359375,807.6993408203125,-56.184288024902344,1,21.024642944335938,6091.2080078125,5918.05029296875,-236.446533203125,-187.5810089111328,244.683349609375,898.6328125,1329.297119140625,49.26020812988281,1,15.538566589355469,4897.09912109375,4966.38671875,-178.11019897460938,-142.13633728027344,-201.268310546875,923.798828125,1320.1646728515625,7.678741455078125,1,15.862581253051758,4852.9833984375,5119.3076171875,-178.49127197265625,-149.29953002929688,-133.479248046875,782.73046875,705.3619384765625,233.4539031982422,1,23.834327697753906,7665.38720703125,7377.150390625,-293.89501953125,-229.33477783203125,183.852294921875,840.6494140625,668.257568359375,84.55281066894531,1,25.02963638305664,7797.0576171875,7465.9287109375,-307.0868225097656,-242.29310607910156,457.162841796875,659.376708984375,358.415771484375,321.79058837890625,1,25.68296241760254,7986.04833984375,6962.44677734375,-321.4971923828125,-236.20907592773438,699.32470703125,825.7509765625,290.3154296875,80.0413818359375,1,30.621397018432617,9678.8955078125,8574.828125,-387.3454284667969,-287.5197448730469,770.72607421875,970.68408203125,1165.904296875,108.44761657714844,1,16.52733612060547,4994.97705078125,4936.8984375,-184.86245727539062,-145.0847625732422,-98.79541015625,880.1572265625,1298.2138671875,10.588912963867188,1,15.772228240966797,4842.5166015625,5090.5849609375,-178.45343017578125,-148.87599182128906,-121.770263671875,866.317626953125,1128.316650390625,247.1211395263672,1,16.681922912597656,5266.04296875,5281.89501953125,-190.75994873046875,-150.1170196533203,-241.811279296875,1010.325439453125,1070.8277587890625,-22.055095672607422,1,19.215333938598633,5764.5537109375,5887.5380859375,-218.44009399414062,-179.52212524414062,54.35400390625,637.2666015625,729.0701904296875,369.905029296875,1,18.09535789489746,5496.3076171875,5794.0771484375,-203.48876953125,-170.64230346679688,-106.847900390625,966.774658203125,600.838134765625,-102.31292724609375,1,22.709096908569336,6964.27734375,7067.84765625,-255.9056854248047,-205.5519561767578,-199.178466796875,SN000368420812,Pumba,72495.266,2025-12-19T19:08:15.288Z,1765551348201604600,3D
645.402587890625,11.47900390625,421.431396484375,1,29.342403411865234,8677.6884765625,7883.984375,-356.8983459472656,-275.7167663574219,1011.08642578125,852.03759765625,-69.2490234375,141.17074584960938,1,28.848447799682617,8361.943359375,7864.869140625,-327.48980712890625,-253.2998809814453,431.969482421875,949.751220703125,1310.020751953125,157.8516082763672,1,16.976055145263672,5325.126953125,5611.380859375,-194.62399291992188,-162.10092163085938,-187.72998046875,763.06787109375,901.126220703125,333.19757080078125,1,19.509157180786133,6054.71826171875,5709.35009765625,-234.3947296142578,-180.41729736328125,220.68408203125,1033.189208984375,807.0487060546875,-55.927406311035156,1,22.28116226196289,6898.02734375,6570.6357421875,-260.392578125,-199.2525634765625,31.676025390625,901.290283203125,1329.3330078125,49.88114929199219,1,15.315096855163574,4862.8193359375,4891.5830078125,-175.31858825683594,-138.0065460205078,-251.010498046875,926.913818359375,1320.424072265625,8.530792236328125,1,16.329029083251953,5043.6689453125,5208.37255859375,-187.1348876953125,-153.81495666503906,-84.91552734375,784.07568359375,704.8065185546875,233.3712921142578,1,24.065841674804688,7734.6328125,7597.6943359375,-295.5635986328125,-234.81866455078125,152.760009765625,839.968994140625,668.129150390625,83.59149169921875,1,25.60390853881836,7952.607421875,7648.3369140625,-315.3377685546875,-250.785400390625,536.553466796875,656.93896484375,359.8145751953125,323.98040771484375,1,26.908103942871094,8541.3994140625,7063.70556640625,-346.8023986816406,-244.752685546875,845.12744140625,823.770263671875,290.2261962890625,80.21331787109375,1,29.823997497558594,9264.14453125,8444.544921875,-370.418212890625,-281.94976806640625,727.19677734375,972.098876953125,1165.2496337890625,109.03483581542969,1,16.786556243896484,5067.45751953125,4947.06201171875,-189.4519500732422,-147.71331787109375,-37.112060546875,883.160888671875,1298.6143798828125,10.756599426269531,1,15.58494758605957,4779.455078125,4946.2236328125,-176.47955322265625,-145.0194549560547,-108.505126953125,867.7646484375,1124.6962890625,247.2940216064453,1,17.566837310791016,5724.5419921875,5480.234375,-208.74386596679688,-157.00411987304688,-217.834716796875,1013.677490234375,1070.3516845703125,-20.930511474609375,1,19.54912757873535,5922.7431640625,5765.1279296875,-227.2574920654297,-179.39987182617188,149.222412109375,638.464599609375,724.6981201171875,371.63726806640625,1,18.16754150390625,5620.12158203125,5673.5322265625,-208.2273406982422,-167.1018829345703,-104.27685546875,966.553466796875,600.61474609375,-103.89891052246094,1,22.79006576538086,6989.96337890625,7246.623046875,-255.34202575683594,-209.0363311767578,-249.911376953125,SN000368420812,Pumba,72495.4,2025-12-19T19:08:15.418Z,1765551348233400700,3D
642.3388671875,10.191162109375,420.99285888671875,1,29.182382583618164,8722.849609375,7799.70068359375,-356.107421875,-270.0662841796875,928.576171875,852.642333984375,-70.7802734375,139.83018493652344,1,28.53221893310547,8214.603515625,7812.68408203125,-320.7877197265625,-250.28424072265625,393.71142578125,951.022216796875,1313.7435302734375,157.01808166503906,1,16.578380584716797,5160.34375,5393.86279296875,-188.78323364257812,-155.99029541015625,-175.703857421875,763.2158203125,901.1080322265625,334.36297607421875,1,19.489835739135742,6013.59326171875,5664.677734375,-233.90499877929688,-180.38999938964844,255.7626953125,1032.7978515625,807.6236572265625,-55.51005554199219,1,21.131877899169922,6171.1806640625,5969.169921875,-238.7013702392578,-188.1805419921875,219.639892578125,901.98974609375,1330.466796875,48.652618408203125,1,15.076045989990234,4724.2314453125,4718.4990234375,-171.52365112304688,-134.55870056152344,-203.864013671875,927.197509765625,1319.826416015625,7.3577117919921875,1,14.689177513122559,4399.076171875,4571.6884765625,-160.8025360107422,-132.02647399902344,-153.386474609375,784.26611328125,704.65283203125,233.93809509277344,1,24.02277946472168,7827.28955078125,7510.8876953125,-297.69683837890625,-230.5092010498047,107.865966796875,840.385986328125,668.1236572265625,83.90811157226562,1,25.334537506103516,8111.34619140625,7530.1513671875,-316.2088317871094,-240.850341796875,367.367431640625,656.170654296875,358.9735107421875,323.201416015625,1,25.766212463378906,8055.8251953125,6767.7666015625,-326.2615051269531,-233.00198364257812,770.169921875,824.815185546875,289.567626953125,80.18472290039062,1,28.556373596191406,8893.0546875,7995.73291015625,-352.1376037597656,-263.0293884277344,584.31982421875,971.98779296875,1166.267333984375,109.98025512695312,1,16.6484432220459,5049.2060546875,4929.501953125,-187.39892578125,-145.47940063476562,-82.373779296875,883.043212890625,1298.78076171875,10.581878662109375,1,15.83700180053711,4841.21240234375,5033.224609375,-179.83172607421875,-148.92633056640625,-74.44970703125,867.658203125,1125.3179931640625,248.49293518066406,1,17.914207458496094,5884.05810546875,5596.11328125,-214.77264404296875,-160.53038024902344,-217.030029296875,1013.609375,1071.3785400390625,-20.36129379272461,1,19.371536254882812,5859.134765625,5719.14794921875,-224.07794189453125,-177.03335571289062,123.22314453125,638.313720703125,724.337890625,372.34368896484375,1,18.192157745361328,5718.8095703125,5841.4111328125,-208.16610717773438,-167.4558868408203,-229.416015625,965.2666015625,601.12060546875,-103.64541625976562,1,21.80756187438965,6478.44921875,6308.9248046875,-244.00880432128906,-190.62847900390625,12.6748046875,SN000368420812,Pumba,72495.5,2025-12-19T19:08:15.527Z,1765551348265523700,3D
644.18310546875,8.972412109375,420.107666015625,1,29.49889373779297,8833.208984375,7817.33544921875,-362.301025390625,-273.142333984375,996.14453125,850.181884765625,-72.665771484375,142.73634338378906,1,28.851707458496094,8377.7353515625,7912.015625,-326.7780456542969,-253.0933074951172,388.72412109375,951.41845703125,1315.0181884765625,156.73780822753906,1,16.367450714111328,5076.455078125,5307.921875,-185.51333618164062,-153.25753784179688,-179.418212890625,766.309326171875,904.0369873046875,334.31903076171875,1,19.214675903320312,6006.146484375,5660.681640625,-230.14923095703125,-175.93328857421875,140.58056640625,1036.520751953125,807.64306640625,-56.21320724487305,1,21.938222885131836,6759.58251953125,6545.4775390625,-253.5628662109375,-196.47486877441406,-21.947021484375,898.932373046875,1330.97705078125,49.36390686035156,1,15.333623886108398,4846.3271484375,4850.564453125,-175.65606689453125,-137.9646453857422,-219.2412109375,923.55859375,1321.564453125,7.198890686035156,1,15.904815673828125,4859.64208984375,4952.93505859375,-180.97879028320312,-147.0706787109375,-59.32568359375,786.1689453125,705.7454833984375,234.11415100097656,1,24.287017822265625,7713.4755859375,7492.6240234375,-299.2683410644531,-237.26449584960938,301.9501953125,840.768798828125,668.995361328125,82.88555908203125,1,25.290620803833008,7929.71142578125,7532.1767578125,-312.1597595214844,-244.39080810546875,459.792724609375,655.14892578125,358.991943359375,321.17919921875,1,25.831636428833008,8139.8095703125,6921.3779296875,-326.86053466796875,-234.43960571289062,685.238037109375,826.73291015625,288.906982421875,79.99311828613281,1,29.582862854003906,9216.279296875,8267.732421875,-368.4723815917969,-276.4351806640625,722.423583984375,973.615966796875,1168.938232421875,108.12007141113281,1,16.601016998291016,4987.1689453125,4907.7021484375,-185.904541015625,-145.87091064453125,-54.503173828125,880.105712890625,1298.8409423828125,11.324981689453125,1,15.92814826965332,4872.77490234375,5060.666015625,-181.3147735595703,-150.1221923828125,-64.67822265625,867.527587890625,1130.1715087890625,246.5651397705078,1,17.032756805419922,5480.51171875,5264.669921875,-199.50123596191406,-150.43028259277344,-219.67431640625,1015.675537109375,1072.421142578125,-21.87187957763672,1,19.520593643188477,5929.3017578125,5818.0703125,-226.2235870361328,-179.39944458007812,106.786865234375,634.4541015625,729.7763671875,364.519775390625,1,18.924894332885742,5810.6337890625,6371.5263671875,-213.2090301513672,-185.42991638183594,-176.847900390625,970.3466796875,599.5643310546875,-103.4210205078125,1,22.982269287109375,7124.3203125,7242.6767578125,-260.57244873046875,-209.13235473632812,-244.20458984375,SN000368420812,Pumba,72495.633,2025-12-19T19:08:15.636Z,1765551348297886000,3D
640.91650390625,11.345947265625,425.6416015625,1,30.080120086669922,8804.65234375,8011.20703125,-366.96795654296875,-286.1562194824219,1186.462646484375,847.927001953125,-70.700439453125,142.3146514892578,1,28.108638763427734,8056.8115234375,7668.095703125,-313.8753356933594,-244.7086944580078,361.49609375,947.8525390625,1311.67431640625,160.03515625,1,16.726219177246094,5299.35400390625,5563.1513671875,-191.4138641357422,-157.8510284423828,-261.96630859375,765.99462890625,902.8045654296875,335.0467529296875,1,19.419139862060547,6058.3291015625,5684.9140625,-233.52056884765625,-178.4197998046875,187.210693359375,1032.637939453125,810.3653564453125,-56.457801818847656,1,22.117874145507812,6804.4765625,6616.06201171875,-255.7421875,-199.21530151367188,-5.712158203125,896.869384765625,1323.836181640625,51.992584228515625,1,15.504837989807129,4939.615234375,4901.521484375,-179.2049102783203,-139.54811096191406,-218.028564453125,922.31396484375,1314.278564453125,10.591583251953125,1,16.044340133666992,4938.3447265625,5070.1318359375,-183.0980224609375,-149.5540771484375,-87.30322265625,787.581298828125,703.9254150390625,236.17860412597656,1,24.544342041015625,7923.3662109375,7658.005859375,-304.585693359375,-239.03060913085938,216.314208984375,843.72265625,667.93994140625,86.06611633300781,1,25.323854446411133,7883.091796875,7538.8466796875,-311.66131591796875,-246.15985107421875,501.437744140625,657.65380859375,357.8447265625,320.7498779296875,1,25.37083625793457,7986.6083984375,6826.302734375,-319.0661315917969,-229.041748046875,618.051513671875,828.355224609375,289.506591796875,79.15296936035156,1,29.530624389648438,9225.9912109375,8326.2109375,-367.1083068847656,-276.0418701171875,665.11328125,972.240478515625,1166.23876953125,112.92243957519531,1,16.69173812866211,5015.666015625,4935.13427734375,-187.34010314941406,-147.15121459960938,-42.482177734375,879.626953125,1290.525634765625,14.520088195800781,1,15.995342254638672,4935.70263671875,5096.9072265625,-183.06997680664062,-150.44984436035156,-85.02880859375,867.817138671875,1129.1090087890625,251.74412536621094,1,17.285663604736328,5538.4609375,5380.109375,-202.7301483154297,-155.2200164794922,-184.9765625,1010.65625,1073.640380859375,-19.839527130126953,1,19.303661346435547,5817.3544921875,5745.19677734375,-222.06051635742188,-177.26466369628906,108.490966796875,636.896484375,727.7462158203125,365.98321533203125,1,18.63663673400879,5969.1884765625,5834.9287109375,-219.23863220214844,-169.31455993652344,-174.86962890625,966.996337890625,603.0260009765625,-103.36273193359375,1,22.887861251831055,7193.1845703125,7327.5458984375,-259.2300109863281,-206.78411865234375,-374.582275390625,SN000368420812,Pumba,72495.733,2025-12-19T19:08:15.761Z,1765551348329480000,3D
639.0908203125,11.822021484375,419.83441162109375,1,28.485797882080078,8413.162109375,7641.220703125,-343.2013244628906,-263.7274169921875,887.19921875,850.6279296875,-70.513916015625,141.58628845214844,1,28.029178619384766,7937.609375,7723.8916015625,-310.1661682128906,-247.36288452148438,387.264892578125,954.391357421875,1312.3837890625,157.10494995117188,1,16.975540161132812,5267.9677734375,5622.81640625,-193.4442901611328,-163.65870666503906,-155.517333984375,765.034912109375,904.9873046875,334.049560546875,1,19.238542556762695,5972.82275390625,5628.921875,-230.15805053710938,-176.55125427246094,182.454833984375,1032.49072265625,808.8193359375,-57.17449951171875,1,22.057186126708984,6738.6455078125,6487.98095703125,-255.57269287109375,-198.23085021972656,70.774658203125,898.03369140625,1324.4901123046875,51.87762451171875,1,15.478200912475586,4905.3544921875,4804.931640625,-179.2266387939453,-138.27023315429688,-174.54833984375,920.851806640625,1313.50244140625,9.3665771484375,1,15.454389572143555,4729.05517578125,4787.125,-174.55599975585938,-140.18771362304688,-109.265380859375,785.158935546875,705.4539794921875,235.2889862060547,1,24.27349853515625,7908.23388671875,7551.6142578125,-301.84368896484375,-233.1102752685547,144.33056640625,841.893310546875,667.48681640625,86.04489135742188,1,25.623319625854492,8117.7861328125,7541.654296875,-319.8193359375,-245.39990234375,479.01220703125,655.941650390625,359.608642578125,320.4451904296875,1,25.066070556640625,7828.7939453125,6751.6474609375,-312.7673645019531,-226.3430633544922,606.21240234375,828.333251953125,289.3135986328125,78.99374389648438,1,29.551176071166992,9177.169921875,8306.6064453125,-366.6329040527344,-277.150390625,710.275634765625,973.328125,1164.996337890625,109.43084716796875,1,16.6898193359375,5009.8623046875,4924.9814453125,-187.2848663330078,-147.04859924316406,-37.068115234375,877.765625,1291.2021484375,15.997955322265625,1,16.056285858154297,4969.81396484375,5090.77490234375,-184.34703063964844,-150.25625610351562,-85.2412109375,868.26318359375,1129.3206787109375,247.9027862548828,1,17.775123596191406,5832.9677734375,5573.603515625,-212.3775634765625,-159.2623748779297,-232.679931640625,1017.107666015625,1072.39501953125,-21.027259826660156,1,19.131406784057617,5767.74560546875,5625.3046875,-220.56973266601562,-174.1168975830078,120.950927734375,635.2822265625,730.8062744140625,365.84381103515625,1,18.550016403198242,5934.0654296875,5826.283203125,-217.34524536132812,-168.3412628173828,-193.78271484375,967.278076171875,601.7037353515625,-104.75190734863281,1,22.479597091674805,6956.83544921875,7069.119140625,-252.8300018310547,-202.10223388671875,-291.841552734375,SN000368420812,Pumba,72495.833,2025-12-19T19:08:15.864Z,1765551348361334500,3D
640.353515625,13.466064453125,419.4122314453125,1,29.035171508789062,8578.4296875,7824.9755859375,-351.5357360839844,-271.90771484375,957.20849609375,845.7578125,-67.281982421875,138.32337951660156,1,29.399314880371094,8261.2607421875,8114.75341796875,-329.55615234375,-268.1471252441406,626.10302734375,945.36962890625,1312.991455078125,160.1713104248047,1,16.724504470825195,5189.90625,5511.74072265625,-189.74339294433594,-159.3565673828125,-180.755859375,761.51220703125,906.39208984375,333.1595458984375,1,19.602550506591797,6072.1064453125,5721.0654296875,-235.87057495117188,-181.79537963867188,247.89697265625,1027.133544921875,810.81201171875,-53.518043518066406,1,20.839155197143555,6053.99609375,5915.6337890625,-233.37158203125,-185.4193572998047,189.19482421875,899.690185546875,1329.016845703125,50.57756042480469,1,15.476165771484375,4935.86328125,4838.24365234375,-179.3460693359375,-137.99139404296875,-208.653076171875,926.580322265625,1319.611083984375,10.204414367675781,1,15.074483871459961,4564.849609375,4700.1181640625,-167.5070343017578,-136.4803009033203,-138.013916015625,786.125732421875,705.9365234375,235.38905334472656,1,24.092979431152344,7749.12451171875,7571.9248046875,-296.3882141113281,-234.38949584960938,162.022216796875,844.1328125,670.07666015625,86.37211608886719,1,25.317625045776367,7911.9423828125,7551.794921875,-311.8380432128906,-245.41607666015625,471.309814453125,656.28369140625,361.0462646484375,321.04779052734375,1,25.204774856567383,7775.9462890625,6839.15966796875,-312.7253112792969,-231.41305541992188,670.73828125,825.971435546875,292.65380859375,78.64645385742188,1,28.44319725036621,9091.0556640625,8058.720703125,-353.2859191894531,-257.06304931640625,375.36767578125,970.220947265625,1167.750244140625,113.61457824707031,1,16.576335906982422,5001.90966796875,4928.25244140625,-185.5015106201172,-145.29588317871094,-86.24267578125,883.177490234375,1297.145751953125,11.722084045410156,1,15.920954704284668,4931.5908203125,5069.26318359375,-182.18292236328125,-148.70230102539062,-109.2841796875,865.8828125,1131.6405029296875,252.0642852783203,1,17.356555938720703,5648.826171875,5331.35693359375,-206.27587890625,-152.9892120361328,-205.15625,1011.93359375,1073.9490966796875,-16.919265747070312,1,19.11685562133789,5720.376953125,5784.9580078125,-217.2025146484375,-176.95826721191406,68.48779296875,638.259765625,728.4691162109375,367.7947998046875,1,18.2105655670166,5698.3603515625,5786.24072265625,-209.0681610107422,-167.87669372558594,-174.041015625,967.1767578125,602.883544921875,-102.93812561035156,1,22.537229537963867,6907.919921875,7132.91015625,-251.83067321777344,-205.07774353027344,-263.926025390625,SN000368420812,Pumba,72495.966,2025-12-19T19:08:15.986Z,1765551348393474500,3D
635.65869140625,11.37158203125,423.5537109375,1,29.08231544494629,8572.84765625,7895.431640625,-351.20916748046875,-273.8883056640625,953.349853515625,850.8125,-69.327880859375,131.39044189453125,1,28.976118087768555,8402.5556640625,7897.208984375,-329.7467346191406,-255.1837615966797,456.0810546875,950.260498046875,1314.027587890625,159.74227905273438,1,16.835071563720703,5290.8623046875,5621.16943359375,-192.1740264892578,-160.94863891601562,-226.195068359375,764.5859375,905.546630859375,334.0037841796875,1,18.966140747070312,5788.6083984375,5927.6025390625,-219.79400634765625,-181.284423828125,68.77197265625,1025.154296875,810.1571044921875,-55.279441833496094,1,20.851139068603516,6087.2744140625,5818.318359375,-235.69960021972656,-183.82411193847656,224.796142578125,896.94384765625,1324.3365478515625,52.45878601074219,1,15.335359573364258,4810.9755859375,4853.52294921875,-175.019775390625,-138.92039489746094,-196.227294921875,921.802734375,1314.8839111328125,10.601753234863281,1,16.635135650634766,5423.96484375,5832.60205078125,-190.67755126953125,-159.20790100097656,-441.971435546875,785.43017578125,706.677490234375,235.3654022216797,1,23.89715576171875,7503.13427734375,7382.1044921875,-291.42340087890625,-234.02159118652344,304.391357421875,838.60888671875,672.175537109375,83.59617614746094,1,25.02022361755371,7770.88232421875,7498.712890625,-305.865478515625,-242.98814392089844,449.36083984375,659.885498046875,359.0472412109375,322.423095703125,1,26.00672149658203,8152.98681640625,7022.671875,-328.2967224121094,-238.66879272460938,716.388671875,828.07275390625,293.0291748046875,79.83061218261719,1,30.214799880981445,9245.275390625,8601.7265625,-373.4549255371094,-291.36737060546875,851.37255859375,974.106201171875,1169.0098876953125,112.78218078613281,1,16.632707595825195,4968.751953125,4927.5908203125,-185.8636016845703,-147.2847900390625,-32.893798828125,879.591796875,1290.349365234375,15.549041748046875,1,15.690935134887695,4762.72021484375,4992.068359375,-176.8633575439453,-147.66778564453125,-74.891357421875,868.9990234375,1131.424560546875,251.66355895996094,1,17.247257232666016,5504.42626953125,5651.0703125,-198.41441345214844,-159.6095428466797,-285.5576171875,1012.259033203125,1074.436767578125,-18.989944458007812,1,19.47144889831543,5897.47509765625,5789.453125,-225.48890686035156,-179.11399841308594,122.13134765625,638.5244140625,728.4261474609375,367.67742919921875,1,17.72440528869629,5382.876953125,5623.302734375,-198.42047119140625,-164.4938507080078,-133.29296875,971.953857421875,598.8829345703125,-101.78663635253906,1,23.067123413085938,7114.10302734375,7326.4541015625,-260.46441650390625,-212.00527954101562,-235.034423828125,SN000368420812,Pumba,72496.133,2025-12-19T19:08:16.134Z,1765551348425087800,3D
635.617431640625,10.810302734375,422.66412353515625,1,29.159461975097656,8586.349609375,7699.5654296875,-355.0311584472656,-272.11260986328125,1063.156982421875,851.860107421875,-71.14990234375,128.7925262451172,1,28.19875717163086,7993.7275390625,7631.15478515625,-314.50225830078125,-247.33901977539062,460.96533203125,949.60791015625,1312.2650146484375,158.9611053466797,1,17.049585342407227,5224.20068359375,5596.9873046875,-193.89520263671875,-165.49771118164062,-85.96435546875,764.978515625,904.2906494140625,334.2813720703125,1,18.669124603271484,5729.439453125,5463.1416015625,-220.18211364746094,-170.5338897705078,155.47509765625,1025.054443359375,809.7113037109375,-55.66781997680664,1,20.9372501373291,6079.4052734375,5909.8359375,-235.67018127441406,-186.9182586669922,233.631591796875,898.421630859375,1330.807861328125,52.097381591796875,1,15.246101379394531,4771.462890625,4767.447265625,-174.08912658691406,-137.01808166503906,-177.76708984375,922.760009765625,1320.972412109375,10.1749267578125,1,16.43768310546875,5325.5341796875,5721.70361328125,-187.5824432373047,-156.62327575683594,-421.745849609375,786.7119140625,703.62646484375,235.64463806152344,1,23.91061019897461,7734.251953125,7444.91064453125,-295.2568664550781,-229.84408569335938,143.0791015625,841.0068359375,668.2252197265625,84.94338989257812,1,25.33032989501953,7895.28076171875,7526.69482421875,-312.3654479980469,-246.09886169433594,509.542724609375,658.9326171875,357.7987060546875,322.337158203125,1,25.76140594482422,8110.21875,6906.388671875,-325.35693359375,-233.50149536132812,672.344970703125,824.880615234375,290.2802734375,79.5877685546875,1,30.104280471801758,9632.478515625,8372.623046875,-381.93511962890625,-276.84869384765625,649.33935546875,969.870361328125,1166.04345703125,110.32090759277344,1,16.615436553955078,4972.95947265625,4899.52001953125,-185.92616271972656,-146.31838989257812,-36.058349609375,878.779296875,1299.81982421875,13.915328979492188,1,15.417413711547852,4638.88671875,4885.1640625,-172.1131591796875,-144.33197021484375,-77.814453125,868.142333984375,1129.5908203125,250.95240783691406,1,17.00149917602539,5370.30078125,5342.55859375,-196.2163543701172,-153.8582763671875,-191.05029296875,1011.83740234375,1073.453857421875,-20.70716094970703,1,19.133071899414062,5781.02001953125,5660.9892578125,-220.36288452148438,-174.3120880126953,97.537841796875,638.929931640625,727.8758544921875,367.982421875,1,18.459474563598633,5914.7119140625,5799.5380859375,-216.04974365234375,-166.82705688476562,-212.567138671875,969.804443359375,599.4071044921875,-101.40900421142578,1,23.56441879272461,7304.591796875,7258.857421875,-271.01776123046875,-214.18621826171875,-122.89501953125,SN000368420812,Pumba,72496.233,2025-12-19T19:08:16.250Z,1765551348457544200,3D
635.201416015625,10.760986328125,418.40380859375,1,30.830957412719727,9081.935546875,8137.0849609375,-381.24664306640625,-294.7447814941406,1313.67724609375,853.734130859375,-71.234130859375,132.13809204101562,1,28.547454833984375,8166.8427734375,7677.69287109375,-321.6637268066406,-249.5474853515625,482.339599609375,947.502685546875,1313.199951171875,160.01620483398438,1,16.6527099609375,5208.3759765625,5422.3466796875,-190.40797424316406,-156.62074279785156,-181.791748046875,765.14013671875,901.3857421875,335.677734375,1,19.096389770507812,5884.0244140625,5547.7490234375,-227.6804656982422,-175.18148803710938,211.123046875,1029.321533203125,808.5877685546875,-54.22391128540039,1,21.724689483642578,6705.79443359375,6490.0732421875,-250.8900909423828,-193.99417114257812,-43.466552734375,895.83642578125,1325.22705078125,52.57666015625,1,15.303705215454102,4774.48681640625,4766.64892578125,-175.0667724609375,-138.071533203125,-149.152587890625,920.3095703125,1313.845703125,11.180877685546875,1,16.360116958618164,5312.7685546875,5680.330078125,-186.9698028564453,-155.20989990234375,-426.1376953125,786.942138671875,703.2330322265625,235.6042938232422,1,24.203126907348633,7708.916015625,7544.986328125,-297.269775390625,-236.56527709960938,241.41845703125,842.1845703125,667.2313232421875,85.55516052246094,1,25.023218154907227,7742.07470703125,7391.416015625,-306.7484130859375,-242.20523071289062,514.55712890625,656.784423828125,358.390380859375,321.15460205078125,1,26.11772918701172,8177.900390625,6868.5693359375,-331.8185119628906,-237.2432098388672,802.050048828125,828.44873046875,289.5450439453125,79.84918212890625,1,30.332286834716797,9465.3876953125,8626.66796875,-378.8063659667969,-288.45831298828125,754.111328125,968.722412109375,1165.148681640625,113.32850646972656,1,16.616657257080078,4971.22705078125,4893.8505859375,-186.0654296875,-146.40237426757812,-29.288818359375,876.847900390625,1291.972412109375,16.075172424316406,1,15.711857795715332,4756.951171875,4996.509765625,-177.23330688476562,-148.5340118408203,-55.456787109375,867.590087890625,1127.1824951171875,253.5739288330078,1,17.367765426635742,5544.36279296875,5751.623046875,-199.3860626220703,-161.98019409179688,-303.166748046875,1010.214111328125,1071.5010986328125,-17.641441345214844,1,19.322946548461914,5821.7177734375,5783.23388671875,-222.158447265625,-178.329345703125,106.272216796875,636.6875,726.5860595703125,367.34234619140625,1,18.425785064697266,5612.208984375,6111.447265625,-206.0979766845703,-178.0300750732422,-164.966796875,972,599.625244140625,-102.50350189208984,1,23.17824935913086,7142.07958984375,7347.638671875,-261.90118408203125,-213.12342834472656,-222.293701171875,SN000368420812,Pumba,72496.366,2025-12-19T19:08:16.372Z,1765551348506073100,3D
640.873779296875,3.95947265625,420.138671875,1,29.496749877929688,8713.392578125,7838.9296875,-360.2272644042969,-276.8335876464844,1076.86181640625,858.462646484375,-75.115234375,133.68634033203125,1,28.724689483642578,8247.728515625,7819.314453125,-323.68505859375,-252.54359436035156,448.426513671875,952.384765625,1316.23291015625,159.56076049804688,1,16.496431350708008,5122.4453125,5460.04541015625,-186.37428283691406,-156.76141357421875,-208.276611328125,765.493408203125,904.4561767578125,335.466552734375,1,18.472925186157227,5697.81787109375,5437.1416015625,-217.1181640625,-167.41201782226562,93.396484375,1026.26904296875,808.6632080078125,-56.53697967529297,1,21.02410888671875,6101.9814453125,5866.91015625,-237.47474670410156,-186.8145294189453,265.298583984375,897.62451171875,1321.46240234375,52.026641845703125,1,15.605419158935547,4947.12451171875,4931.87158203125,-180.25111389160156,-141.4165496826172,-192.71826171875,922.101806640625,1309.8856201171875,10.212432861328125,1,16.38153839111328,5288.119140625,5745.6796875,-185.8682403564453,-156.9652557373047,-431.8798828125,786.905029296875,703.6478271484375,236.64051818847656,1,24.070049285888672,7770.1689453125,7543.130859375,-296.6506652832031,-232.85987854003906,144.479248046875,838.95068359375,668.9296875,83.72505187988281,1,25.732120513916016,8077.0361328125,7607.8427734375,-319.74835205078125,-249.22238159179688,527.497802734375,658.90966796875,354.955078125,323.3800048828125,1,25.14871597290039,7821.98046875,6754.46484375,-313.77215576171875,-228.00164794921875,648.0078125,827.501220703125,288.089599609375,80.58609008789062,1,29.590185165405273,9165.0302734375,8343.388671875,-366.47235107421875,-278.6300964355469,720.10107421875,975.25146484375,1167.8739013671875,114.42694091796875,1,16.7279109954834,4990.92431640625,4912.111328125,-187.7070770263672,-148.07638549804688,0.541748046875,879.719970703125,1285.6007080078125,16.84930419921875,1,15.908329010009766,4893.15673828125,5097.6533203125,-181.00892639160156,-149.89932250976562,-100.24560546875,871.9208984375,1131.6077880859375,255.46311950683594,1,17.656352996826172,5716.8359375,5445.841796875,-210.0996856689453,-158.02011108398438,-163.274169921875,1012.747802734375,1073.965087890625,-19.054000854492188,1,19.323017120361328,5876.66259765625,5718.99169921875,-223.9676055908203,-176.06747436523438,97.6796875,635.230224609375,728.3770751953125,364.84368896484375,1,18.885486602783203,6039.236328125,6085.1298828125,-220.6156005859375,-175.29197692871094,-216.610107421875,973.87158203125,596.0263671875,-102.576171875,1,23.288684844970703,7092.59423828125,7132.41796875,-264.92669677734375,-212.7288360595703,-60.269287109375,SN000368420812,Pumba,72496.466,2025-12-19T19:08:16.480Z,1765551348537707100,3D
636.150634765625,15.55712890625,418.1676025390625,1,29.282913208007812,8683.0966796875,7772.13671875,-356.9391174316406,-272.1396484375,1005.749267578125,848.97021484375,-63.780029296875,130.87367248535156,1,28.634634017944336,8212.5673828125,7751.1708984375,-322.1059265136719,-250.16941833496094,440.009521484375,946.7861328125,1313.0360107421875,160.05799865722656,1,16.925870895385742,5266.8515625,5541.7587890625,-193.708251953125,-161.5948028564453,-145.372314453125,765.958251953125,903.3377685546875,336.4063720703125,1,18.851673126220703,5817.439453125,5513.25634765625,-223.57472229003906,-172.14561462402344,158.125732421875,1019.870361328125,814.1358642578125,-55.570377349853516,1,21.602230072021484,6661.64453125,6304.513671875,-250.5680694580078,-190.06735229492188,0.955322265625,896.482177734375,1321.81005859375,52.326690673828125,1,15.306079864501953,4788.12841796875,4781.54541015625,-174.9122772216797,-137.68783569335938,-171.268310546875,921.43310546875,1309.7767333984375,11.703079223632812,1,15.984917640686035,5114.2041015625,5579.35107421875,-179.14031982421875,-151.7213134765625,-437.852783203125,784.844482421875,705.2374267578125,235.2229461669922,1,24.202421188354492,7702.58642578125,7533.5048828125,-297.2694396972656,-236.5157470703125,249.30517578125,838.561279296875,671.252197265625,85.04592895507812,1,25.15473175048828,7755.498046875,7421.90673828125,-308.51702880859375,-244.70120239257812,556.412841796875,658.014404296875,361.19775390625,320.6253662109375,1,25.9383544921875,8102.64404296875,7066.1923828125,-325.5063171386719,-238.86550903320312,686.756103515625,826.216552734375,295.416748046875,79.3206787109375,1,28.28522491455078,8920.7978515625,7881.7021484375,-350.1109619140625,-255.75747680664062,482.56689453125,968.944580078125,1165.0440673828125,116.05967712402344,1,16.46561050415039,4909.5712890625,4872.70458984375,-182.9728546142578,-144.80197143554688,-54.841796875,878.386962890625,1287.634521484375,16.614578247070312,1,15.877946853637695,4817.3037109375,5021.45166015625,-179.78265380859375,-149.6332244873047,-46.21923828125,869.609619140625,1127.9375,256.72369384765625,1,17.1928768157959,5463.74609375,5612.69921875,-197.12559509277344,-158.75479125976562,-277.492431640625,1005.85693359375,1075.823974609375,-17.61748504638672,1,19.179908752441406,5791.6337890625,5776.955078125,-219.74147033691406,-176.53736877441406,63.705078125,638.77099609375,728.7947998046875,366.9781494140625,1,18.73224449157715,5762.44140625,6215.2900390625,-211.93148803710938,-181.3850555419922,-159.088623046875,972.598388671875,603.0255126953125,-100.13780975341797,1,23.268993377685547,7172.6318359375,7394.623046875,-262.7313537597656,-214.14234924316406,-232.8623046875,SN000368420812,Pumba,72496.6,2025-12-19T19:08:16.601Z,1765551348569475300,3D
633.22412109375,17.64013671875,418.798828125,1,27.662506103515625,8215.375,7406.3369140625,-331.89910888671875,-251.82821655273438,759.341552734375,848.99462890625,-61.748779296875,129.0743408203125,1,28.7562313079834,8093.927734375,7904.607421875,-320.919189453125,-258.88922119140625,548.581787109375,945.078369140625,1311.859619140625,160.73025512695312,1,16.825782775878906,5152.78662109375,5518.419921875,-190.6377716064453,-162.4170379638672,-104.832763671875,766.070556640625,904.909423828125,336.200927734375,1,18.83434295654297,5714.3154296875,5744.29541015625,-218.547119140625,-177.6876983642578,120.169921875,1019.95263671875,813.3765869140625,-52.343902587890625,1,21.4477596282959,6602.0439453125,6403.6083984375,-246.77078247070312,-191.1182403564453,-50.588134765625,896.8447265625,1324.07275390625,52.49249267578125,1,15.290849685668945,4738.4775390625,4784.22021484375,-173.79855346679688,-138.7109832763672,-146.237548828125,922.6337890625,1313.6192626953125,12.002494812011719,1,16.499492645263672,5298.61474609375,5634.845703125,-188.7959442138672,-156.78111267089844,-347.92724609375,785.165283203125,706.323974609375,235.43382263183594,1,23.737682342529297,7594.625,7321.2041015625,-291.7998962402344,-228.35650634765625,202.71630859375,837.37841796875,672.979736328125,84.72373962402344,1,25.511934280395508,7918.375,7649.3994140625,-313.6898498535156,-250.36895751953125,524.625244140625,658.16455078125,362.7894287109375,321.3033447265625,1,25.385467529296875,7924.3369140625,6844.123046875,-317.8149719238281,-230.9432830810547,654.28369140625,825.9072265625,297.407470703125,79.44833374023438,1,29.638120651245117,9277.130859375,8168.75390625,-371.7465515136719,-274.67547607421875,754.998291015625,968.75,1166.0706787109375,115.46571350097656,1,16.572925567626953,4948.41796875,4900.6669921875,-184.9685821533203,-146.3108673095703,-37.1826171875,879.6826171875,1291.0814208984375,15.298263549804688,1,15.680472373962402,4727.91455078125,4923.4873046875,-176.7794647216797,-147.12875366210938,-34.235107421875,869.289794921875,1129.302978515625,256.04718017578125,1,17.321163177490234,5503.3359375,5647.0771484375,-199.1300048828125,-160.43344116210938,-260.452880859375,1004.0107421875,1075.1939697265625,-17.64057159423828,1,19.212146759033203,5864.64599609375,5744.6611328125,-222.32872009277344,-175.36114501953125,58.32080078125,637.58251953125,731.4649658203125,366.3531494140625,1,17.49500274658203,5277.607421875,5517.62060546875,-194.6601104736328,-161.557861328125,-126.578857421875,970.505615234375,602.3331298828125,-93.901611328125,1,22.91678810119629,7102.70751953125,7239.27734375,-259.0007629394531,-208.0843505859375,-269.2978515625,SN000368420812,Pumba,72496.7,2025-12-19T19:08:16.721Z,1765551348601509700,3D
632.109130859375,14.086669921875,424.48638916015625,1,28.40974235534668,8427.7607421875,7671.3564453125,-342.8955078125,-263.5684814453125,858.774658203125,850.523193359375,-66.609375,132.83924865722656,1,27.981678009033203,8002.6689453125,7692.033203125,-311.59906005859375,-245.13304138183594,353.53955078125,948.770263671875,1316.530029296875,159.39312744140625,1,16.971033096313477,5257.98828125,5634.25390625,-193.17677307128906,-164.13864135742188,-151.942626953125,766.66357421875,903.5538330078125,335.69049072265625,1,19.180723190307617,5919.27197265625,5553.3330078125,-229.36639404296875,-175.79791259765625,223.0234375,1017.932861328125,810.66943359375,-50.5059814453125,1,22.2740421295166,6818.73291015625,6430.39501953125,-261.45660400390625,-200.0718536376953,165.78466796875,896.283935546875,1322.07470703125,51.76861572265625,1,15.388181686401367,4836.921875,4821.16943359375,-176.55429077148438,-138.6401824951172,-177.737060546875,921.087158203125,1310.05908203125,10.726997375488281,1,16.78600311279297,5448.2109375,5806.45703125,-193.41696166992188,-160.6980743408203,-381.429443359375,786.77783203125,705.65673828125,235.3374786376953,1,24.19698715209961,7786.123046875,7564.17431640625,-298.5937194824219,-235.1695098876953,188.95166015625,840.5966796875,672.1385498046875,84.12991333007812,1,25.049541473388672,7735.3759765625,7468.6064453125,-306.4229736328125,-244.44248962402344,512.094970703125,659.2001953125,359.9425048828125,321.90887451171875,1,25.649776458740234,8029.849609375,6950.3349609375,-322.086181640625,-234.52113342285156,664.191650390625,827.473876953125,294.2705078125,79.22415161132812,1,29.943618774414062,9276.88671875,8381.5498046875,-373.3396911621094,-283.09515380859375,808.09130859375,972.027587890625,1168.2830810546875,115.87692260742188,1,16.64818572998047,4984.7919921875,4924.5986328125,-186.40972900390625,-147.12249755859375,-34.806884765625,878.57373046875,1286.605712890625,16.707115173339844,1,15.935297012329102,4870.64794921875,5024.455078125,-181.6896514892578,-149.5973663330078,-49.5888671875,870.57763671875,1129.7498779296875,256.24200439453125,1,16.867769241333008,5392.34033203125,5337.49609375,-194.8238983154297,-150.9331817626953,-264.688720703125,1007.68798828125,1074.574951171875,-16.8681640625,1,19.325244903564453,5909.1904296875,5658.7421875,-225.77166748046875,-174.97207641601562,116.84521484375,639.395751953125,727.5885009765625,366.262451171875,1,18.721986770629883,5877.15576171875,5894.6298828125,-217.83460998535156,-173.6869354248047,-106.56884765625,974.953125,596.522216796875,-90.68649291992188,1,22.77117156982422,7018.7236328125,7288.20703125,-254.96775817871094,-208.4734649658203,-298.183349609375,SN000368420812,Pumba,72496.833,2025-12-19T19:08:16.837Z,1765551348633456000,3D
633.501220703125,19.148681640625,423.52227783203125,1,28.001375198364258,8187.5087890625,7406.1162109375,-336.03790283203125,-258.2939453125,931.262451171875,849.259521484375,-62.3251953125,132.37240600585938,1,28.936368942260742,8105.9814453125,7962.4326171875,-322.57196044921875,-262.1302185058594,588.343994140625,944.625732421875,1312.982177734375,161.04959106445312,1,16.762374877929688,5223.6474609375,5426.0576171875,-192.28057861328125,-158.35150146484375,-138.80029296875,768.60693359375,903.6070556640625,336.7869873046875,1,18.58673095703125,5735.39306640625,5426.890625,-219.47044372558594,-168.272705078125,124.475341796875,1023.131591796875,814.614501953125,-52.757118225097656,1,21.500553131103516,6565.6640625,6443.5595703125,-246.24900817871094,-193.38150024414062,-22.485595703125,896.668212890625,1324.10009765625,52.38972473144531,1,15.292201042175293,4778.7099609375,4752.17041015625,-174.9783477783203,-137.32620239257812,-157.335205078125,922.933349609375,1314.1591796875,11.993614196777344,1,16.345401763916016,5204.1611328125,5622.72412109375,-185.142578125,-156.2935333251953,-351.1650390625,785.51513671875,708.1016845703125,235.10386657714844,1,24.09068489074707,7661.1083984375,7426.3271484375,-296.3892822265625,-234.13177490234375,271.87646484375,841.203857421875,672.9521484375,85.810302734375,1,25.643054962158203,7969.5986328125,7522.4794921875,-317.8636169433594,-249.3409881591797,599.050048828125,660.654541015625,363.3638916015625,321.57666015625,1,24.594463348388672,7659.470703125,6615.1875,-304.9712219238281,-220.4516143798828,559.086669921875,828.202880859375,296.931884765625,79.01771545410156,1,29.922016143798828,9173.8642578125,8562.736328125,-368.67974853515625,-287.5872497558594,782.21142578125,970.696044921875,1167.7169189453125,115.76202392578125,1,16.572574615478516,4952.67626953125,4847.9228515625,-185.6603546142578,-145.3825225830078,-19.56689453125,880.397705078125,1290.676513671875,15.077400207519531,1,15.645513534545898,4721.79248046875,4893.0615234375,-176.52769470214844,-146.1842041015625,-34.9375,869.895751953125,1128.8026123046875,255.26307678222656,1,17.293800354003906,5480.1689453125,5610.66357421875,-198.79229736328125,-160.0015106201172,-242.743408203125,1010.794677734375,1076.7373046875,-16.142425537109375,1,19.016361236572266,5760.4208984375,5729.1435546875,-217.81890869140625,-174.1617431640625,38.906005859375,639.933349609375,729.936279296875,367.0335693359375,1,18.50006675720215,5933.80126953125,5858.56982421875,-216.1670379638672,-167.85804748535156,-232.48974609375,979.366943359375,602.2730712890625,-95.6814956665039,1,22.827667236328125,7024.66845703125,7248.8388671875,-255.78237915039062,-208.02342224121094,-278.552490234375,SN000368420812,Pumba,72496.933,2025-12-19T19:08:16.950Z,1765551348665348000,3D
629.086181640625,18.484619140625,421.1090087890625,1,29.5662841796875,8791.044921875,7943.8828125,-361.84466552734375,-278.37042236328125,1033.53466796875,849.30078125,-62.828857421875,130.0333709716797,1,28.373680114746094,8086.8466796875,7777.1767578125,-317.30194091796875,-250.86366271972656,437.526123046875,942.4033203125,1311.350830078125,160.6387176513672,1,15.533170700073242,4708.83984375,5192.3447265625,-169.14114379882812,-146.6094970703125,-263.392822265625,767.294189453125,903.7320556640625,336.54583740234375,1,19.2728271484375,5945.44921875,5585.6142578125,-230.53025817871094,-176.99473571777344,228.951416015625,1022.01318359375,813.8424072265625,-53.075477600097656,1,21.78658676147461,6663.0009765625,6516.626953125,-250.89239501953125,-196.80784606933594,9.973388671875,899.692138671875,1328.8892822265625,50.88958740234375,1,15.107975006103516,4682.90380859375,4703.669921875,-171.36228942871094,-135.85107421875,-157.649658203125,926.997314453125,1319.039306640625,11.281929016113281,1,16.248754501342773,5188.6416015625,5542.2470703125,-184.59561157226562,-153.91172790527344,-349.9345703125,787.309814453125,705.0179443359375,234.99778747558594,1,24.304147720336914,7675.279296875,7477.578125,-299.031494140625,-238.30899047851562,341.750732421875,840.036376953125,671.6258544921875,84.56657409667969,1,25.852523803710938,8091.298828125,7708.71240234375,-320.6835021972656,-252.76234436035156,540.66748046875,658.5361328125,362.7220458984375,322.32672119140625,1,27.08426284790039,8572.31640625,7134.4541015625,-349.0134582519531,-248.1937255859375,879.818603515625,827.970703125,296.2484130859375,80.39312744140625,1,30.433610916137695,9570.802734375,8561.349609375,-383.047119140625,-286.8271179199219,763.1259765625,967.5634765625,1165.905517578125,115.04083251953125,1,16.573896408081055,4953.18359375,4879.15185546875,-185.34912109375,-145.91262817382812,-30.51806640625,883.291259765625,1297.8076171875,11.793098449707031,1,16.097257614135742,4870.85009765625,5014.23388671875,-183.9274139404297,-152.07151794433594,24.32763671875,869.353515625,1128.3839111328125,256.05645751953125,1,17.570606231689453,5636.4326171875,5409.41259765625,-207.8419189453125,-157.88052368164062,-137.781005859375,1008.59521484375,1075.386962890625,-16.326507568359375,1,19.32182502746582,5884.052734375,5788.9384765625,-223.4136199951172,-177.1394500732422,70.0830078125,640.119384765625,729.5418701171875,367.16650390625,1,18.210376739501953,5522.9853515625,5878.115234375,-204.4098358154297,-173.07427978515625,-109.5966796875,975.896728515625,602.603271484375,-96.81805419921875,1,23.215946197509766,7122.3828125,7354.939453125,-261.5175476074219,-213.790771484375,-210.392578125,SN000368420812,Pumba,72497.033,2025-12-19T19:08:17.052Z,1765551348697682100,3D
633.60693359375,18.9990234375,417.6947021484375,1,28.3400821685791,8398.5380859375,7689.41796875,-341.4892883300781,-263.73114013671875,848.603759765625,849.0986328125,-61.30859375,130.775390625,1,28.637786865234375,8332.76171875,7857.85595703125,-324.438720703125,-250.65191650390625,367.23876953125,948.39599609375,1315.08349609375,159.75563049316406,1,16.6249942779541,5188.3798828125,5453.82666015625,-189.5450897216797,-157.4327850341797,-185.467529296875,765.7412109375,905.697265625,335.76959228515625,1,18.432165145874023,5671.20947265625,5394.9697265625,-216.57200622558594,-166.70791625976562,108.495849609375,1031.0869140625,813.0186767578125,-51.75927734375,1,21.36472511291504,6508.0380859375,6280.203125,-245.2586669921875,-189.92367553710938,16.597900390625,897.90185546875,1327.702880859375,52.53166198730469,1,15.062417984008789,4700.8408203125,4645.3955078125,-171.83364868164062,-133.83831787109375,-164.41064453125,922.42138671875,1316.172607421875,11.517440795898438,1,16.042455673217773,5126.65625,5547.9814453125,-180.6143341064453,-152.0288848876953,-404.54638671875,787.09423828125,707.4156494140625,235.68446350097656,1,24.019935607910156,7639.599609375,7383.5146484375,-295.51129150390625,-232.75489807128906,269.61865234375,839.154052734375,673.4468994140625,84.96871948242188,1,25.373918533325195,7918.8642578125,7512.8154296875,-313.45770263671875,-245.93533325195312,516.328857421875,657.049560546875,364.62060546875,320.81103515625,1,25.585691452026367,8069.3564453125,6827.0986328125,-323.4438171386719,-230.64105224609375,659.8984375,825.84521484375,297.7469482421875,79.14682006835938,1,28.707050323486328,8941.21875,8178.07763671875,-352.8772277832031,-267.1918029785156,548.7373046875,969.44970703125,1167.4732666015625,114.44267272949219,1,16.632720947265625,4971.6416015625,4865.01708984375,-186.72488403320312,-146.33554077148438,-7.9599609375,878.929931640625,1294.864013671875,16.049468994140625,1,15.892919540405273,4795.25537109375,5022.77001953125,-179.80355834960938,-150.73434448242188,-18.041259765625,869.850830078125,1129.558837890625,254.84425354003906,1,17.64037322998047,5736.1923828125,5462.1435546875,-210.01626586914062,-157.498779296875,-190.185791015625,1008.62060546875,1074.4046630859375,-16.36871337890625,1,18.82758140563965,5732.3173828125,5580.79736328125,-216.5631866455078,-169.4390106201172,32.35302734375,638.71142578125,731.35400390625,367.687744140625,1,18.400100708007812,5658.92822265625,6082.423828125,-206.99513244628906,-176.07936096191406,-193.5224609375,975.931884765625,604.019287109375,-96.91995239257812,1,22.269681930541992,6772.630859375,7061.291015625,-246.13168334960938,-202.16136169433594,-283.96533203125,SN000368420812,Pumba,72497.166,2025-12-19T19:08:17.172Z,1765551348729173400,3D
632.750732421875,20.080078125,418.21624755859375,1,28.063276290893555,8334.28515625,7454.4736328125,-339.202392578125,-256.80712890625,852.9990234375,847.028564453125,-60.946044921875,128.3992919921875,1,28.82561492919922,8314.2138671875,7819.13330078125,-327.1478576660156,-253.73464965820312,480.157470703125,947.898193359375,1313.756103515625,158.83120727539062,1,16.960247039794922,5248.8017578125,5572.8466796875,-193.57455444335938,-163.21359252929688,-127.296142578125,766.476318359375,904.281982421875,336.37054443359375,1,19.068082809448242,5825.134765625,5833.2001953125,-222.7581329345703,-180.41891479492188,121.458251953125,1030.37548828125,813.7137451171875,-51.45079040527344,1,22.09840965270996,6817.0380859375,6495.8173828125,-257.68865966796875,-197.42507934570312,43.078125,896.66796875,1323.23876953125,51.986541748046875,1,15.143426895141602,4717.6640625,4624.90869140625,-173.50450134277344,-134.51463317871094,-130.026611328125,920.864501953125,1310.7568359375,11.216796875,1,16.50142478942871,5263.9501953125,5584.4951171875,-188.94412231445312,-157.07467651367188,-299.783447265625,787.810791015625,706.2254638671875,235.3224334716797,1,24.008813858032227,7578.9794921875,7461.548828125,-293.383544921875,-235.3018341064453,274.723876953125,839.156982421875,672.284912109375,84.82522583007812,1,24.727508544921875,7655.67041015625,7325.810546875,-302.2994689941406,-238.73289489746094,474.883056640625,658.261962890625,364.6444091796875,321.645263671875,1,25.356334686279297,7909.9150390625,6826.025390625,-317.5739440917969,-230.77362060546875,664.270263671875,825.43798828125,297.59716796875,79.36979675292969,1,29.98162269592285,9399.4091796875,8246.1123046875,-377.8089294433594,-278.8299255371094,803.34423828125,969.09033203125,1165.23681640625,115.03689575195312,1,16.757408142089844,5024.6591796875,4927.49462890625,-188.5963592529297,-148.06552124023438,-12.07958984375,877.625732421875,1289.437255859375,16.639739990234375,1,16.32242202758789,5075.4111328125,5171.6484375,-189.0538330078125,-153.6089324951172,-61.012451171875,867.864990234375,1127.95166015625,253.6998748779297,1,17.510086059570312,5692.49609375,5407.05859375,-208.15036010742188,-155.56103515625,-197.51025390625,1010.445556640625,1074.563232421875,-15.854904174804688,1,19.048173904418945,5808.71484375,5687.013671875,-219.6083526611328,-172.85491943359375,37.96240234375,641.175537109375,729.4813232421875,368.6531982421875,1,18.070388793945312,5583.88232421875,5668.1171875,-206.341552734375,-166.28778076171875,-121.563720703125,970.35107421875,607.1033935546875,-98.4813232421875,1,24.0457820892334,7425.0888671875,7615.8115234375,-275.35992431640625,-224.71450805664062,-129.324951171875,SN000368420812,Pumba,72497.266,2025-12-19T19:08:17.284Z,1765551348761378600,3D
637.302001953125,12.07421875,422.9114990234375,1,28.421236038208008,8303.27734375,7628.876953125,-341.3677673339844,-266.2273254394531,963.4423828125,850.09912109375,-68.1005859375,130.80682373046875,1,28.452733993530273,7984.5869140625,7770.048828125,-316.7524108886719,-254.76571655273438,546.877197265625,946.660888671875,1317.441650390625,161.655029296875,1,16.698741912841797,5149.0380859375,5465.33203125,-189.50184631347656,-159.5740509033203,-137.801025390625,766.590087890625,902.924072265625,336.31463623046875,1,19.015167236328125,5909.625,5563.21826171875,-226.82534790039062,-173.37899780273438,150.84814453125,1031.884521484375,814.039306640625,-51.570770263671875,1,21.909038543701172,6698.5771484375,6382.26171875,-254.38418579101562,-195.4398193359375,81.35302734375,897.814453125,1327.383544921875,52.35752868652344,1,15.334920883178711,4803.4091796875,4792.20166015625,-175.54779052734375,-138.08445739746094,-169.27978515625,923.889892578125,1316.3900146484375,11.690650939941406,1,16.568798065185547,5313.0810546875,5512.83203125,-191.5192413330078,-155.8178253173828,-275.724853515625,786.443115234375,705.726806640625,235.3412322998047,1,24.209415435791016,7717.6357421875,7464.025390625,-298.54571533203125,-235.30479431152344,272.822509765625,838.254638671875,672.7940673828125,82.92399597167969,1,25.832843780517578,8107.8330078125,7616.158203125,-321.9325256347656,-250.7514190673828,561.42724609375,657.210693359375,359.9605712890625,322.82537841796875,1,25.456462860107422,8034.1005859375,6915.61376953125,-320.09228515625,-230.78604125976562,592.798828125,826.95703125,294.026611328125,80.34269714355469,1,30.308513641357422,9490.3310546875,8485.1640625,-380.9880676269531,-285.7388000488281,795.26708984375,971.152099609375,1169.9000244140625,116.72651672363281,1,16.851722717285156,5021.103515625,4998.5400390625,-188.85833740234375,-150.70309448242188,1.045166015625,880.804931640625,1293.30078125,15.450508117675781,1,15.762895584106445,4766.0244140625,4918.619140625,-178.73748779296875,-147.63475036621094,-16.8974609375,868.7265625,1130.4915771484375,256.61993408203125,1,17.015369415283203,5443.14599609375,5433.88818359375,-196.59359741210938,-153.66331481933594,-269.426025390625,1008.248291015625,1077.519775390625,-16.80738067626953,1,19.814918518066406,6219.26953125,5763.826171875,-236.5096893310547,-176.97647094726562,85.885009765625,641.156982421875,725.28857421875,368.1844482421875,1,18.29724884033203,5685.22900390625,5867.96484375,-208.66470336914062,-170.45626831054688,-171.000244140625,972.3232421875,604.4915771484375,-97.13810729980469,1,22.93535614013672,7067.115234375,7187.197265625,-259.5155334472656,-208.82655334472656,-207.8583984375,SN000368420812,Pumba,72497.433,2025-12-19T19:08:17.440Z,1765551348793176900,3D
635.529052734375,16.28125,418.420654296875,1,29.601531982421875,8782.33984375,8017.45751953125,-360.6832580566406,-279.5508728027344,1005.956298828125,845.439208984375,-63.21923828125,138.02821350097656,1,29.638961791992188,8631.787109375,7991.03125,-341.4074401855469,-261.7969665527344,556.57275390625,950.137939453125,1316.521484375,161.20213317871094,1,17.02824592590332,5268.365234375,5598.50537109375,-194.6807403564453,-164.44891357421875,-115.0556640625,765.443603515625,901.2867431640625,335.3115234375,1,18.98452377319336,5867.83984375,5539.099609375,-225.86961364746094,-173.4215087890625,171.3115234375,1026.5927734375,813.336181640625,-52.44483947753906,1,21.528980255126953,6563.92333984375,6367.1240234375,-246.91807556152344,-191.99252319335938,1.917724609375,898.11669921875,1326.31103515625,53.99598693847656,1,15.202890396118164,4731.8369140625,4664.9111328125,-174.0709991455078,-135.7627410888672,-128.935302734375,922.552490234375,1314.65576171875,12.782440185546875,1,15.713737487792969,5072.0322265625,5408.3701171875,-176.94729614257812,-145.8067626953125,-457.931640625,788.792724609375,706.6297607421875,235.48695373535156,1,23.87702178955078,7575.826171875,7491.51171875,-291.1773376464844,-233.60145568847656,205.543212890625,841.697509765625,672.9688720703125,84.44233703613281,1,25.315746307373047,7872.61083984375,7573.77490234375,-311.22088623046875,-247.15611267089844,499.888916015625,657.787109375,362.9481201171875,320.79595947265625,1,26.495433807373047,8386.333984375,7063.5673828125,-338.58526611328125,-241.77938842773438,766.244140625,826.708251953125,296.14306640625,79.16081237792969,1,28.58732795715332,8858.71875,8048.7255859375,-351.25274658203125,-265.1370544433594,597.8330078125,972.41650390625,1168.4739990234375,116.04486083984375,1,17.201702117919922,5193.74951171875,5109.994140625,-195.48013305664062,-154.21865844726562,5.0966796875,879.4755859375,1292.365966796875,18.122047424316406,1,15.91894245147705,4829.86279296875,5036.92578125,-180.57957458496094,-150.50425720214844,-35.49609375,872.662841796875,1125.2646484375,256.1661376953125,1,17.257394790649414,5491.994140625,5659.31396484375,-198.04710388183594,-159.98411560058594,-282.204833984375,1008.63037109375,1075.869384765625,-16.749298095703125,1,18.894912719726562,5724.7646484375,5589.0009765625,-217.31419372558594,-170.9781494140625,66.656494140625,639.48486328125,725.4771728515625,368.10284423828125,1,18.29766845703125,5614.6533203125,6103.8251953125,-204.3392333984375,-175.49124145507812,-226.287109375,972.806640625,603.005615234375,-96.45652770996094,1,22.229707717895508,6826.185546875,7060.46044921875,-246.9079132080078,-200.58905029296875,-325.08251953125,SN000368420812,Pumba,72497.533,2025-12-19T19:08:17.544Z,1765551348825593600,3D
630.805908203125,20.879638671875,417.53887939453125,1,29.29242515563965,8689.98046875,7870.54931640625,-356.9403076171875,-274.7859191894531,997.109375,849.013916015625,-61.013916015625,132.72825622558594,1,28.244117736816406,8090.41455078125,7707.1943359375,-316.6923522949219,-247.82369995117188,412.853515625,944.4833984375,1313.4296875,160.336669921875,1,16.780832290649414,5288.2822265625,5514.5703125,-192.61294555664062,-158.40113830566406,-208.42138671875,765.508544921875,899.12646484375,334.76068115234375,1,18.513343811035156,5793.845703125,5465.984375,-219.09719848632812,-166.2411346435547,39.177734375,1022.036865234375,814.134033203125,-53.01927185058594,1,21.32440948486328,6532.60498046875,6370.66796875,-243.82394409179688,-189.7096710205078,-61.578857421875,896.868896484375,1323.9320068359375,51.69378662109375,1,15.410028457641602,4822.30078125,4806.08984375,-176.76974487304688,-139.14068603515625,-152.356201171875,923.016357421875,1313.2740478515625,11.509742736816406,1,16.59181785583496,5296.25927734375,5826.3828125,-187.7720947265625,-161.39340209960938,-378.93212890625,787.271484375,707.9031982421875,235.33070373535156,1,24.01380729675293,7663.740234375,7508.49267578125,-294.3625793457031,-233.95877075195312,201.42919921875,841.36962890625,672.9613037109375,85.715576171875,1,25.510286331176758,7935.578125,7563.5673828125,-314.9398498535156,-248.5308837890625,544.599365234375,655.998291015625,365.6220703125,319.15606689453125,1,25.302125930786133,7923.3359375,6872.05859375,-316.4385681152344,-230.11575317382812,609.906005859375,828.802734375,297.584716796875,78.95584106445312,1,29.593246459960938,9602.525390625,8219.7841796875,-376.66400146484375,-267.067138671875,511.99267578125,970.0927734375,1167.2484130859375,115.71676635742188,1,16.596668243408203,4944.68505859375,4888.9482421875,-185.32305908203125,-146.57492065429688,-20.773681640625,880.2802734375,1290.36474609375,14.782722473144531,1,15.69825553894043,4788.7138671875,4968.37158203125,-177.7217254638672,-146.80288696289062,-78.8720703125,870.725830078125,1122.56396484375,254.84083557128906,1,17.219348907470703,5446.85546875,5611.40625,-196.92401123046875,-159.25796508789062,-263.07470703125,1007.201171875,1075.7015380859375,-16.711219787597656,1,19.003416061401367,5708.11962890625,5646.923828125,-217.6609344482422,-173.9403533935547,98.923095703125,643.28271484375,722.155517578125,369.52947998046875,1,18.864381790161133,6022.26953125,5867.86962890625,-222.4746856689453,-171.85325622558594,-133.810791015625,978.9423828125,601.89892578125,-95.15052032470703,1,22.658893585205078,7087.369140625,7153.01171875,-256.30908203125,-202.84365844726562,-339.3662109375,SN000368420812,Pumba,72497.666,2025-12-19T19:08:17.672Z,1765551348857595700,3D
636.157958984375,16.4658203125,423.44940185546875,1,27.60120391845703,8211.6806640625,7512.05859375,-330.3235168457031,-253.22503662109375,711.67529296875,847.585205078125,-64.443603515625,132.5845947265625,1,28.29981231689453,7993.57568359375,7933.3955078125,-312.7641296386719,-254.29635620117188,403.49560546875,947.854248046875,1313.330810546875,159.52191162109375,1,16.511133193969727,5080.25390625,5476.96484375,-185.70127868652344,-158.41378784179688,-177.953125,766.404296875,899.985107421875,335.39862060546875,1,19.00253677368164,5870.5888671875,5569.3662109375,-225.70925903320312,-174.0056610107422,162.57568359375,1021.090087890625,809.037353515625,-52.55058288574219,1,21.616853713989258,6615.34912109375,6374.662109375,-249.49618530273438,-193.0204620361328,23.1494140625,904.3408203125,1327.708251953125,49.25453186035156,1,15.509361267089844,4887.1171875,4798.8330078125,-179.37448120117188,-139.1272430419922,-146.895263671875,931.537109375,1316.82275390625,9.666305541992188,1,15.737909317016602,4993.65283203125,5424.6796875,-175.53102111816406,-148.21331787109375,-407.072998046875,785.2685546875,707.168701171875,234.82872009277344,1,24.20656967163086,7677.0703125,7525.71240234375,-297.09185791015625,-237.25732421875,275.241455078125,839.285888671875,671.7183837890625,84.81494140625,1,25.470420837402344,7834.6611328125,7728.39111328125,-310.5318908691406,-252.74436950683594,524.41796875,663.099365234375,361.295166015625,322.25067138671875,1,24.768878936767578,7667.8681640625,6718.9541015625,-306.6129455566406,-225.23593139648438,602.980712890625,827.500732421875,295.2589111328125,79.36930847167969,1,28.656055450439453,8837.306640625,8227.89453125,-349.6591796875,-269.56048583984375,571.728271484375,972.077392578125,1166.3221435546875,114.91201782226562,1,16.591049194335938,4965.02490234375,4879.97607421875,-185.80010986328125,-145.9439697265625,-30.346435546875,887.7841796875,1295.4029541015625,11.0198974609375,1,15.672958374023438,4715.54296875,4950.28564453125,-176.13711547851562,-147.71697998046875,-40.08935546875,871.581787109375,1123.862060546875,254.3368377685547,1,17.64484405517578,5737.78857421875,5446.6591796875,-210.03616333007812,-156.98175048828125,-191.494384765625,1011.6923828125,1071.46484375,-15.328895568847656,1,19.401569366455078,5903.59814453125,5758.0673828125,-225.34580993652344,-177.70054626464844,109.721923828125,638.4091796875,725.8277587890625,367.26129150390625,1,18.293960571289062,5668.943359375,5806.2255859375,-208.697265625,-169.39944458007812,-149.567626953125,974.498291015625,597.1583251953125,-95.92335510253906,1,23.24044418334961,7102.16455078125,7444.451171875,-260.3859558105469,-216.0293731689453,-222.670654296875,SN000368420812,Pumba,72497.766,2025-12-19T19:08:17.784Z,1765551348905440600,3D
632.751708984375,14.91552734375,421.60467529296875,1,27.21953582763672,8055.6025390625,7445.861328125,-322.5618896484375,-248.87538146972656,649.223876953125,850.3544921875,-65.408203125,131.32977294921875,1,28.911697387695312,8308.59765625,7873.3984375,-327.4562072753906,-256.0205993652344,497.3916015625,947.342041015625,1312.565673828125,161.3759307861328,1,16.507015228271484,5005.05078125,5447.78125,-184.44412231445312,-159.4971160888672,-125.7763671875,767.0048828125,899.7344970703125,335.994873046875,1,18.782329559326172,5859.88134765625,5567.32421875,-222.59715270996094,-170.56414794921875,72.793701171875,1021.44384765625,810.2347412109375,-51.514644622802734,1,21.706165313720703,6670.279296875,6399.099609375,-251.25245666503906,-193.36923217773438,12.837646484375,898.331298828125,1323.77392578125,52.86082458496094,1,15.30642318725586,4769.8291015625,4769.32763671875,-174.65670776367188,-137.8599090576172,-156.90185546875,924.241943359375,1313.602294921875,12.141563415527344,1,15.773075103759766,5054.021484375,5326.84228515625,-178.0917510986328,-145.6210479736328,-397.502685546875,785.66650390625,706.26904296875,235.23216247558594,1,24.01205825805664,7615.9033203125,7465.91015625,-294.1512451171875,-234.6569061279297,254.091796875,838.227783203125,671.9122314453125,84.17486572265625,1,25.0461368560791,7795.404296875,7500.8310546875,-306.9673767089844,-243.274658203125,455.254150390625,660.2236328125,360.885009765625,322.47265625,1,25.11319351196289,7839.849609375,6696.4638671875,-314.1209716796875,-225.84776306152344,637.293701171875,826.17626953125,294.8634033203125,79.83355712890625,1,28.59718894958496,8790.193359375,8118.6416015625,-349.2771911621094,-268.0003356933594,617.853515625,971.90576171875,1166.7786865234375,115.54933166503906,1,16.587299346923828,4934.5849609375,4863.12646484375,-185.26104736328125,-146.19290161132812,-10.22216796875,881.507080078125,1290.2860107421875,15.662025451660156,1,15.4857177734375,4614.3017578125,4914.5732421875,-172.04476928710938,-146.2889404296875,-49.392333984375,869.78857421875,1124.9962158203125,254.4053497314453,1,17.61273956298828,5783.4482421875,5454.80517578125,-210.37940979003906,-155.51116943359375,-237.087646484375,1012.09912109375,1073.2327880859375,-15.394950866699219,1,19.130149841308594,5814.0634765625,5684.390625,-220.57028198242188,-173.72503662109375,63.193359375,639.6142578125,724.5386962890625,366.892822265625,1,18.789268493652344,6029.4541015625,5922.9755859375,-221.0089111328125,-171.34962463378906,-191.3603515625,972.21240234375,598.724365234375,-95.51390075683594,1,22.43915367126465,6903.46337890625,7071.6240234375,-250.55003356933594,-201.8408966064453,-300.74853515625,SN000368420812,Pumba,72497.866,2025-12-19T19:08:17.887Z,1765551348937931600,3D
641.05078125,12.10546875,419.7947998046875,1,28.057086944580078,8285.482421875,7724.75927734375,-334.777099609375,-261.7335205078125,767.23681640625,849.772705078125,-68.345947265625,131.13475036621094,1,29.094520568847656,8495.6728515625,7912.75390625,-332.69000244140625,-254.95166015625,437.467041015625,954.6767578125,1311.960205078125,163.15538024902344,1,16.947509765625,5295.1884765625,5518.5615234375,-194.89297485351562,-161.04193115234375,-141.47119140625,766.306640625,902.8446044921875,335.88592529296875,1,18.86847686767578,5827.22900390625,5512.14990234375,-223.7568359375,-171.87994384765625,151.970703125,1031.39501953125,809.3626708984375,-51.76958084106445,1,21.918079376220703,6744.234375,6446.17236328125,-254.92010498046875,-195.89190673828125,42.11865234375,898.83056640625,1320.6171875,57.43519592285156,1,15.211664199829102,4780.6416015625,4668.8408203125,-174.9239044189453,-134.6533203125,-161.54638671875,922.4638671875,1310.261474609375,15.262443542480469,1,16.09917449951172,5171.15087890625,5503.736328125,-182.67465209960938,-151.1746826171875,-391.770263671875,785.57666015625,705.463623046875,233.1051483154297,1,24.005718231201172,7575.55810546875,7511.31201171875,-292.7024230957031,-236.11422729492188,256.417724609375,841.369384765625,671.19775390625,82.77113342285156,1,24.87574577331543,7682.19140625,7455.96826171875,-303.17962646484375,-242.51263427734375,470.966552734375,658.903564453125,360.1331787109375,322.5968017578125,1,27.075023651123047,8617.69921875,7154.7158203125,-349.4145202636719,-247.17401123046875,836.497314453125,829.8232421875,293.226318359375,80.88027954101562,1,29.206418991088867,9098.0771484375,8279.21875,-361.28155517578125,-273.3617248535156,631.564453125,975.907470703125,1166.1719970703125,115.40830993652344,1,16.42339515686035,4921.86279296875,4813.9990234375,-183.4615020751953,-143.06289672851562,-53.9921875,880.3740234375,1286.177001953125,21.73381805419922,1,15.890007019042969,4871.359375,4975.8857421875,-181.5908966064453,-147.9754180908203,-53.739990234375,871.706298828125,1127.4739990234375,253.9323272705078,1,17.534107208251953,5678.7041015625,5402.23828125,-208.11497497558594,-156.01943969726562,-181.46044921875,1010.82373046875,1072.62109375,-17.65752410888672,1,18.835914611816406,5707.4384765625,5643.8642578125,-215.19342041015625,-170.80172729492188,18.01904296875,639.97216796875,726.7122802734375,369.3360595703125,1,19.07672119140625,6104.9755859375,6095.0517578125,-224.06680297851562,-176.80987548828125,-184.229736328125,972.970947265625,599.738037109375,-96.17052459716797,1,23.975255966186523,7379.46923828125,7707.7353515625,-272.4204406738281,-225.9633331298828,-169.826416015625,SN000368420812,Pumba,72497.966,2025-12-19T19:08:17.993Z,1765551348969536700,3D
638.69287109375,14.507568359375,423.827880859375,1,29.113523483276367,8492.5234375,7977.31640625,-349.01129150390625,-277.38970947265625,980.73486328125,845.699462890625,-64.166259765625,140.1240234375,1,28.839683532714844,8150.3173828125,7922.9423828125,-322.56036376953125,-258.8419189453125,532.64697265625,947.20703125,1309.22021484375,163.8411865234375,1,16.988330841064453,5315.1123046875,5536.4970703125,-195.26956176757812,-161.1175537109375,-153.817626953125,765.42041015625,900.756103515625,335.685791015625,1,19.20698356628418,5866.6953125,5927.9267578125,-224.11170959472656,-183.01405334472656,114.478515625,1028.87646484375,808.008056640625,-50.82844161987305,1,21.740779876708984,6674.3037109375,6386.779296875,-251.39678955078125,-192.98927307128906,12.651611328125,897.086181640625,1321.525146484375,56.09132385253906,1,15.284858703613281,4749.42626953125,4743.06005859375,-174.2848358154297,-137.5616912841797,-143.768310546875,922.69921875,1312.3131103515625,15.018882751464844,1,16.346542358398438,5286.52734375,5652.4052734375,-186.2932586669922,-154.7562255859375,-415.78759765625,785.878662109375,704.0411376953125,233.78868103027344,1,24.07044219970703,7582.5771484375,7417.77734375,-294.8017883300781,-235.58163452148438,317.238525390625,840.353515625,671.29931640625,83.23524475097656,1,25.248994827270508,7865.74169921875,7553.0498046875,-310.2291259765625,-245.61631774902344,475.61181640625,659.066650390625,360.13427734375,323.16339111328125,1,26.350309371948242,8180.3623046875,7004.41015625,-333.4129943847656,-243.2155303955078,851.813232421875,826.67529296875,294.6871337890625,79.97099304199219,1,29.432579040527344,9169.3779296875,8215.59765625,-366.097900390625,-274.10272216796875,702.258544921875,970.8720703125,1165.251953125,116.44696044921875,1,16.77532386779785,5013.42041015625,4943.248046875,-188.09629821777344,-148.4452362060547,-14.598876953125,880.322998046875,1288.458740234375,18.56719970703125,1,15.732032775878906,4746.44921875,4968.43115234375,-177.13694763183594,-148.0605010986328,-45.499267578125,868.83642578125,1125.983642578125,255.6808624267578,1,17.492666244506836,5624.8056640625,5745.404296875,-202.40415954589844,-161.7801055908203,-303.484375,1007.47216796875,1069.9866943359375,-14.461685180664062,1,19.069156646728516,5815.162109375,5666.06982421875,-220.0918426513672,-172.52365112304688,45.95849609375,640.544189453125,724.5057373046875,369.13690185546875,1,18.574329376220703,5844.83251953125,6046.5224609375,-213.14276123046875,-173.93466186523438,-221.71240234375,972.431396484375,598.9986572265625,-96.91031646728516,1,22.243755340576172,6755.2998046875,7033.02099609375,-245.83740234375,-201.7551727294922,-272.097900390625,SN000368420812,Pumba,72498.1,2025-12-19T19:08:18.104Z,1765551349001413700,3D
633.680908203125,16.35498046875,421.78924560546875,1,28.74730682373047,8555.0380859375,7705.65625,-348.8612976074219,-266.0692443847656,897.74365234375,847.37841796875,-65.201904296875,129.74183654785156,1,28.656051635742188,8122.97705078125,7928.6796875,-320.0229797363281,-257.1327209472656,482.6181640625,952.519775390625,1316.52978515625,159.59637451171875,1,16.922374725341797,5249.4423828125,5564.251953125,-193.03749084472656,-162.25430297851562,-145.880615234375,769.329833984375,902.627685546875,337.06353759765625,1,18.81045150756836,5819.2060546875,5542.69091796875,-222.57443237304688,-171.70291137695312,122.7822265625,1033.3701171875,810.993408203125,-50.785301208496094,1,22.20652198791504,6760.78515625,6549.8935546875,-257.313232421875,-201.23056030273438,100.828857421875,900.050537109375,1327.3189697265625,52.664703369140625,1,15.186193466186523,4724.42578125,4751.81494140625,-172.49737548828125,-136.7698516845703,-171.825439453125,923.994384765625,1315.116455078125,11.303375244140625,1,16.37997055053711,5220.8212890625,5693.95654296875,-185.05502319335938,-157.5511016845703,-374.852294921875,785.973876953125,706.79736328125,233.9414520263672,1,24.389516830444336,7858.78515625,7570.03125,-302.3248291015625,-236.5887451171875,221.964111328125,839.384033203125,672.73486328125,83.11196899414062,1,25.13336181640625,7837.337890625,7485.27392578125,-309.0339660644531,-243.4142303466797,471.435302734375,658.550048828125,362.3355712890625,321.98565673828125,1,25.454256057739258,7947.44189453125,6809.52490234375,-319.47418212890625,-230.88441467285156,680.456298828125,828.12646484375,295.6407470703125,80.15153503417969,1,29.219186782836914,9193.5849609375,8266.6689453125,-363.362060546875,-271.09295654296875,581.359375,972.35107421875,1167.7235107421875,114.38377380371094,1,16.71785545349121,4979.01416015625,4913.609375,-187.2338104248047,-148.0906524658203,-0.2734375,880.48046875,1293.7314453125,16.926185607910156,1,15.684165954589844,4732.412109375,4956.60986328125,-176.4591827392578,-147.5173797607422,-50.456298828125,871.34375,1127.8297119140625,254.3353729248047,1,17.261812210083008,5442.80615234375,5605.904296875,-197.66806030273438,-160.210205078125,-233.38134765625,1010.400146484375,1073.451171875,-16.85839080810547,1,19.192710876464844,5767.3408203125,5665.3681640625,-220.8943328857422,-175.74974060058594,132.214599609375,639.230224609375,729.4202880859375,367.915771484375,1,17.566816329956055,5339.51611328125,5614.1767578125,-195.3717803955078,-162.45169067382812,-180.210693359375,971.669189453125,603.1131591796875,-96.36032104492188,1,23.12485694885254,7127.287109375,7402.98046875,-260.0670166015625,-213.19984436035156,-264.609130859375,SN000368420812,Pumba,72498.2,2025-12-19T19:08:18.221Z,1765551349033394800,3D
638.26708984375,13.384521484375,421.166015625,1,28.751087188720703,8564.60546875,7827.443359375,-348.0200500488281,-268.24444580078125,857.88818359375,852.275146484375,-66.9755859375,129.4443817138672,1,29.495681762695312,8474.12890625,8238.65234375,-333.8918151855469,-267.2959899902344,504.15673828125,950.187255859375,1315.3427734375,159.97608947753906,1,16.570789337158203,5132.31640625,5548.1904296875,-186.38619995117188,-158.97238159179688,-220.188720703125,767.0771484375,904.518310546875,336.4766845703125,1,18.968429565429688,5852.189453125,5495.47265625,-225.75360107421875,-172.69566345214844,187.00537109375,1029.673095703125,812.6771240234375,-51.8619499206543,1,22.101608276367188,6819.8681640625,6509.1611328125,-257.4112854003906,-197.3489532470703,30.374267578125,898.109619140625,1322.716552734375,52.37510681152344,1,15.20211124420166,4744.16455078125,4788.94921875,-172.70242309570312,-137.2189178466797,-189.6640625,922.922119140625,1311.0693359375,11.282859802246094,1,16.78483772277832,5515.982421875,5828.4853515625,-194.40533447265625,-159.4127655029297,-433.227294921875,786.892333984375,705.6636962890625,234.00413513183594,1,24.582183837890625,7768.16796875,7656.18359375,-302.2408447265625,-243.33941650390625,332.22802734375,840.869140625,671.86572265625,83.06465148925781,1,25.548274993896484,7918.4130859375,7590.7294921875,-314.9052734375,-250.1134033203125,564.859619140625,660.32763671875,360.3896484375,322.40875244140625,1,25.1813907623291,7898.45068359375,6866.1826171875,-314.3677978515625,-228.52381896972656,572.332275390625,829.58056640625,294.235595703125,80.17941284179688,1,29.601318359375,9282.99609375,8301.3125,-369.65997314453125,-275.79644775390625,678.5361328125,973.238525390625,1167.5057373046875,115.47264099121094,1,16.775218963623047,5013.0341796875,4973.3251953125,-187.93975830078125,-149.1753387451172,-19.324462890625,880.249755859375,1287.884033203125,16.822242736816406,1,15.485620498657227,4676.8779296875,4953.0703125,-172.9828338623047,-145.68145751953125,-96.39794921875,871.163818359375,1129.73828125,255.22398376464844,1,17.568466186523438,5590.52001953125,5790.5537109375,-202.24673461914062,-164.55630493164062,-265.92724609375,1009.760009765625,1075.766845703125,-17.940940856933594,1,19.261913299560547,5826.8681640625,5698.75244140625,-222.52732849121094,-175.99853515625,112.06591796875,639.499267578125,728.9749755859375,366.85906982421875,1,18.533262252807617,5682.6376953125,6060.22998046875,-209.51295471191406,-177.4374237060547,-139.661865234375,973.392333984375,602.4957275390625,-95.38401794433594,1,22.394245147705078,6918.140625,7124.3271484375,-250.02467346191406,-202.0857391357422,-336.512451171875,SN000368420812,Pumba,72498.333,2025-12-19T19:08:18.334Z,1765551349065618500,3D
635.693359375,11.408203125,416.05419921875,1,28.263378143310547,8319.134765625,7576.6513671875,-339.53076171875,-261.61553955078125,882.83642578125,849.43017578125,-66.872802734375,129.1733856201172,1,28.13150405883789,7950.46533203125,7735.763671875,-311.56390380859375,-248.86122131347656,417.554443359375,945.033935546875,1312.9893798828125,160.78150939941406,1,16.428565979003906,5033.27783203125,5434.56201171875,-184.0630340576172,-157.29701232910156,-173.62255859375,770.126708984375,904.74951171875,338.68963623046875,1,19.221439361572266,5951.8828125,5589.060546875,-230.02923583984375,-176.1713409423828,204.31103515625,1028.9169921875,813.9951171875,-51.456695556640625,1,22.041244506835938,6716.64013671875,6499.00048828125,-255.06253051757812,-198.9600830078125,81.298095703125,896.791015625,1324.5020751953125,51.96318054199219,1,15.392597198486328,4854.33056640625,4763.45556640625,-177.546142578125,-137.31869506835938,-166.57666015625,922.809326171875,1313.91259765625,11.423423767089844,1,15.779203414916992,5068.306640625,5400.16162109375,-177.71435546875,-146.6912841796875,-427.8486328125,784.873291015625,704.33447265625,233.8769073486328,1,24.302888870239258,7836.0166015625,7458.3427734375,-302.1100158691406,-234.0200653076172,243.248779296875,840.092041015625,671.0374755859375,83.54365539550781,1,25.441377639770508,7835.267578125,7743.626953125,-309.95916748046875,-252.46104431152344,504.681396484375,659.99072265625,358.905517578125,321.63531494140625,1,25.565563201904297,7994.5986328125,6885.40234375,-320.86737060546875,-232.697265625,667.80029296875,828.72509765625,293.9794921875,80.47361755371094,1,30.151851654052734,9394.7880859375,8644.130859375,-374.7767028808594,-287.273681640625,708.6533203125,969.199462890625,1166.5382080078125,115.65119934082031,1,16.662601470947266,4950.42626953125,4896.99169921875,-186.13937377929688,-147.5665283203125,-0.875732421875,879.779541015625,1291.1240234375,14.755752563476562,1,15.822479248046875,4788.93359375,4998.4970703125,-178.84095764160156,-149.09814453125,-42.037353515625,868.627685546875,1131.6524658203125,256.42266845703125,1,17.16553497314453,5418.5712890625,5541.546875,-196.74119567871094,-158.25013732910156,-233.86669921875,1007.51171875,1076.5848388671875,-17.706314086914062,1,19.102855682373047,5790.595703125,5669.154296875,-220.2100830078125,-173.9178924560547,80.51220703125,640.64013671875,730.2974853515625,364.5782470703125,1,18.746448516845703,6023.33984375,5800.84716796875,-221.8673095703125,-169.0227813720703,-155.287841796875,969.2841796875,605.0860595703125,-94.9413070678711,1,22.52234649658203,6937.3740234375,7175.1357421875,-251.345947265625,-204.36402893066406,-316.7080078125,SN000368420812,Pumba,72498.433,2025-12-19T19:08:18.455Z,1765551349097435200,3D
635.6064453125,17.662109375,424.10546875,1,29.366859436035156,8673.5107421875,7982.70068359375,-356.0201110839844,-277.7956237792969,987.18408203125,849.78466796875,-62.997802734375,131.76943969726562,1,28.859119415283203,8315.4951171875,7925.025390625,-326.01226806640625,-255.45314025878906,440.953857421875,947.177978515625,1313.42578125,160.88082885742188,1,16.349855422973633,5014.232421875,5438.9228515625,-182.73892211914062,-156.67092895507812,-193.756591796875,767.907958984375,905.319091796875,338.61334228515625,1,19.067209243774414,5934.1171875,5544.1015625,-228.0574188232422,-173.18923950195312,161.138671875,1029.93798828125,814.414794921875,-51.46696472167969,1,22.074420928955078,6754.1630859375,6415.6806640625,-257.3132019042969,-197.4916229248047,109.065673828125,897.29296875,1324.5244140625,53.10359191894531,1,15.260589599609375,4743.9775390625,4717.8603515625,-174.3757781982422,-137.1704559326172,-133.975830078125,922.478515625,1313.5185546875,12.3043212890625,1,16.05404281616211,5109.2080078125,5410.71484375,-182.1027374267578,-150.56369018554688,-333.447509765625,784.080810546875,706.0491943359375,232.62229919433594,1,24.378620147705078,7829.94677734375,7614.2880859375,-301.1635437011719,-237.82955932617188,219.44970703125,841.432373046875,672.48193359375,83.61235046386719,1,25.621150970458984,7956.2666015625,7588.92236328125,-316.4999694824219,-250.27066040039062,570.4921875,659.393310546875,361.9716796875,321.766357421875,1,26.147275924682617,8128.64990234375,6852.009765625,-331.4762878417969,-238.62991333007812,852.15869140625,828.703369140625,296.447021484375,79.96327209472656,1,29.476266860961914,9217.98046875,8226.3505859375,-367.565673828125,-273.9755859375,690.256103515625,970.01708984375,1166.7037353515625,115.79045104980469,1,17.24523162841797,5216.81298828125,5100.89794921875,-196.57138061523438,-154.22251892089844,12.4912109375,879.47021484375,1291.1064453125,16.51020050048828,1,16.419883728027344,5125.92236328125,5207.28857421875,-190.7183380126953,-154.3887939453125,-68.85302734375,868.806884765625,1130.0509033203125,255.42698669433594,1,17.39980697631836,5556.3828125,5683.40283203125,-200.90357971191406,-161.25054931640625,-267.873779296875,1008.88330078125,1076.19189453125,-16.58837890625,1,19.01653289794922,5768.958984375,5607.60595703125,-219.53749084472656,-172.2376708984375,85.202392578125,639.793212890625,731.2113037109375,368.558349609375,1,18.380014419555664,5710.3076171875,6068.45263671875,-207.8727264404297,-174.33946228027344,-228.543701171875,972.825927734375,605.6844482421875,-96.26261138916016,1,23.176773071289062,7156.28271484375,7457.57763671875,-261.0922546386719,-214.76388549804688,-266.849609375,SN000368420812,Pumba,72498.533,2025-12-19T19:08:18.562Z,1765551349129671900,3D
629.87060546875,15.9462890625,415.02020263671875,1,28.142789840698242,8337.640625,7601.44384765625,-338.3423156738281,-260.01123046875,820.326904296875,849.39990234375,-62.669921875,129.324951171875,1,28.487926483154297,8143.6318359375,7743.728515625,-320.2212219238281,-250.8296661376953,463.436279296875,948.77099609375,1315.17822265625,160.12681579589844,1,16.407621383666992,5046.5859375,5499.44775390625,-183.3096923828125,-157.6897735595703,-215.19921875,768.541748046875,904.0750732421875,340.217041015625,1,18.817413330078125,5827.177734375,5502.92041015625,-223.3451385498047,-171.08999633789062,138.37548828125,1034.940185546875,813.664306640625,-51.472293853759766,1,21.80514144897461,6683.8623046875,6478.45947265625,-251.61764526367188,-195.58175659179688,8.017333984375,900.5712890625,1328.726318359375,51.7906494140625,1,15.07391357421875,4688.82421875,4731.05078125,-170.677978515625,-135.54537963867188,-187.71435546875,925.930419921875,1317.294921875,11.183250427246094,1,16.308561325073242,5244.5556640625,5730.8095703125,-184.15956115722656,-156.4309539794922,-434.148193359375,785.66552734375,706.5145263671875,233.88978576660156,1,24.07573699951172,7614.56787109375,7450.205078125,-295.180419921875,-235.52981567382812,289.865234375,839.6455078125,673.190673828125,83.47257995605469,1,25.274377822875977,7869.7646484375,7538.4833984375,-310.8663024902344,-245.78274536132812,491.705078125,658.95166015625,362.4471435546875,321.08251953125,1,24.77594566345215,7728.0556640625,6745.9375,-307.1689758300781,-223.91726684570312,546.345703125,824.80615234375,297.027099609375,79.42677307128906,1,28.83690643310547,8837.908203125,8211.130859375,-352.22442626953125,-272.2270812988281,656.0009765625,970.473876953125,1167.5029296875,115.08238220214844,1,16.68433380126953,5001.22021484375,4927.47265625,-187.1298828125,-147.33616638183594,-31.43212890625,882.18359375,1296.1650390625,14.6656494140625,1,15.702796936035156,4719.9345703125,4985.59375,-176.24200439453125,-148.7068634033203,-42.097412109375,870.286376953125,1127.9012451171875,255.18638610839844,1,17.508209228515625,5580.5458984375,5702.4677734375,-202.5067596435547,-162.69122314453125,-244.881103515625,1009.7724609375,1075.189453125,-16.310150146484375,1,19.31733512878418,5929.85791015625,5838.91796875,-223.68247985839844,-176.8314208984375,21.837158203125,639.41357421875,730.879150390625,371.9322509765625,1,18.729196548461914,5958.970703125,5863.4599609375,-219.73426818847656,-171.27394104003906,-145.67724609375,974.020751953125,605.9471435546875,-96.5694808959961,1,23.465612411499023,6890.68359375,6971.81103515625,-265.6325988769531,-218.24685668945312,215.022705078125,SN000368420812,Pumba,72498.666,2025-12-19T19:08:18.668Z,1765551349161354000,3D
629.87158203125,15.946044921875,415.02276611328125,1,28.944438934326172,8628.18359375,7675.849609375,-353.84588623046875,-267.95263671875,971.624755859375,849.402587890625,-62.670166015625,129.32460021972656,1,28.611797332763672,8062.357421875,7940.396484375,-318.00946044921875,-257.82147216796875,491.530517578125,948.765625,1315.1771240234375,160.12513732910156,1,16.46450424194336,5047.3349609375,5476.076171875,-184.35531616210938,-158.2539825439453,-181.478515625,768.546630859375,904.0718994140625,340.2183837890625,1,18.587860107421875,5748.17919921875,5449.8798828125,-219.37461853027344,-168.24632263183594,105.35302734375,1034.937255859375,813.6644287109375,-51.47442626953125,1,21.574195861816406,6558.66796875,6455.6875,-246.16836547851562,-193.9763946533203,-16.355224609375,900.56494140625,1328.7215576171875,51.7890625,1,15.284159660339355,4744.2216796875,4761.302734375,-174.15272521972656,-138.19149780273438,-141.671875,925.92431640625,1317.29052734375,11.181724548339844,1,15.934469223022461,5176.16845703125,5484.54052734375,-180.86607360839844,-148.10324096679688,-457.9765625,785.665771484375,706.513671875,233.88990783691406,1,23.97823715209961,7667.0576171875,7459.1083984375,-294.70330810546875,-232.7378387451172,208.568603515625,839.6455078125,673.1900634765625,83.47273254394531,1,25.60153579711914,7971.431640625,7539.630859375,-317.233154296875,-248.9857177734375,575.85986328125,658.952880859375,362.44677734375,321.08453369140625,1,25.67972755432129,8038.1611328125,6896.1962890625,-323.2384948730469,-233.9350128173828,692.017578125,824.807861328125,297.0264892578125,79.42694091796875,1,30.662267684936523,9615.1923828125,8654.310546875,-386.0018005371094,-291.2333068847656,805.650390625,970.47216796875,1167.5025634765625,115.08177185058594,1,16.572559356689453,4940.6640625,4877.1103515625,-185.12380981445312,-146.15797424316406,-22.365234375,882.178466796875,1296.158935546875,14.664688110351562,1,15.482969284057617,4626.55322265625,4916.1484375,-172.45994567871094,-146.27871704101562,-50.940185546875,870.2861328125,1127.89990234375,255.18653869628906,1,17.687721252441406,5804.9609375,5493.49365234375,-211.50538635253906,-157.07269287109375,-226.627197265625,1009.77001953125,1075.1895751953125,-16.311134338378906,1,19.244396209716797,5869.462890625,5700.7529296875,-223.16696166992188,-174.85617065429688,80.11181640625,639.423583984375,730.873046875,371.9368896484375,1,18.668893814086914,5787.919921875,6257.40234375,-210.94949340820312,-180.23391723632812,-223.412841796875,974.014404296875,605.948486328125,-96.57229614257812,1,22.597766876220703,7032.7529296875,7201.001953125,-253.9537811279297,-203.91824340820312,-349.289306640625,SN000368420812,Pumba,72498.766,2025-12-19T19:08:18.774Z,1765551349193423000,3D
629.415771484375,16.24365234375,420.83673095703125,1,29.653778076171875,8700.4375,7799,-363.1379699707031,-279.8681335449219,1189.4375,851.166748046875,-64.688720703125,129.47496032714844,1,28.230052947998047,8064.24609375,7574.7314453125,-317.3961486816406,-245.93435668945312,468.84765625,951.38623046875,1311.3487548828125,163.51429748535156,1,16.81576156616211,5206.06591796875,5496.150390625,-191.76588439941406,-160.65013122558594,-133.91748046875,763.5029296875,905.5767822265625,338.4097900390625,1,18.95431137084961,5793.50390625,5827.61376953125,-220.5270538330078,-178.9526824951172,86.99853515625,1036.3740234375,812.66357421875,-50.70532989501953,1,21.617612838745117,6547.1376953125,6337.77392578125,-247.95394897460938,-193.18795776367188,57.208251953125,900.855712890625,1323.435791015625,55.99583435058594,1,15.504805564880371,4835.3388671875,4784.115234375,-178.52264404296875,-140.05230712890625,-110.526611328125,926.0224609375,1313.313720703125,14.890670776367188,1,16.290390014648438,5116.6474609375,5611.41162109375,-182.93898010253906,-157.31324768066406,-315.012939453125,786.239013671875,705.89111328125,233.0476531982422,1,24.667343139648438,7898.1015625,7687.06884765625,-305.4482421875,-242.17022705078125,276.41650390625,841.07861328125,672.115966796875,82.94180297851562,1,25.40457534790039,7900.7080078125,7550.47265625,-313.1548767089844,-247.5463104248047,528.934814453125,661.52392578125,361.1873779296875,321.52435302734375,1,25.322248458862305,7812.20654296875,6806.271484375,-315.3247375488281,-231.96087646484375,711.651611328125,829.83349609375,295.59814453125,80.84013366699219,1,30.09870147705078,9393.416015625,8633.720703125,-374.59112548828125,-286.7919006347656,704.173828125,974.245361328125,1165.83203125,116.51339721679688,1,16.636659622192383,4947.67919921875,4881.08203125,-186.0592803955078,-147.11544799804688,-0.1142578125,883.251953125,1290.3076171875,18.950035095214844,1,15.859920501708984,4785.556640625,5024.791015625,-179.14573669433594,-150.4301300048828,-27.74072265625,871.512451171875,1127.2598876953125,255.0567169189453,1,17.321619033813477,5489.5751953125,5648.8955078125,-198.8273162841797,-160.75704956054688,-253.312744140625,1013.795166015625,1074.581787109375,-15.575088500976562,1,18.79656410217285,5661.609375,5620.80810546875,-214.2733612060547,-171.11045837402344,44.6884765625,635.44140625,732.2080078125,374.108642578125,1,18.200040817260742,5574.9892578125,5966.76953125,-204.22789001464844,-173.07955932617188,-180.515625,973.531982421875,605.7506103515625,-97.44678497314453,1,23.34996795654297,7219.974609375,7443.2373046875,-264.53973388671875,-215.6412811279297,-232.035888671875,SN000368420812,Pumba,72498.866,2025-12-19T19:08:18.887Z,1765551349225212900,3D
634.365234375,18.910400390625,417.58697509765625,1,28.25310707092285,8284.6650390625,7760.869140625,-337.1982727050781,-265.8819885253906,848.475341796875,849.000244140625,-61.924560546875,128.49005126953125,1,28.767160415649414,8121.4443359375,7979.826171875,-320.4756774902344,-259.3132019042969,499.568359375,946.185546875,1311.870361328125,160.8682098388672,1,16.953369140625,5194.75,5995.5810546875,-187.1030731201172,-170.43360900878906,-274.3134765625,766.04052734375,904.793212890625,339.19140625,1,19.04399299621582,5874.544921875,5619.44091796875,-226.04437255859375,-175.74847412109375,168.716064453125,1032.905517578125,814.40283203125,-51.17644500732422,1,22.539709091186523,6928.9052734375,6591.33544921875,-264.198974609375,-203.17587280273438,119.2998046875,898.697509765625,1323.6314697265625,52.296051025390625,1,15.023693084716797,4637.9912109375,4729.7587890625,-168.89073181152344,-135.664306640625,-183.510009765625,924.86474609375,1313.3544921875,12.024284362792969,1,16.346364974975586,5165.580078125,5637.537109375,-184.14990234375,-157.31417846679688,-335.919677734375,786.979736328125,707.21142578125,233.83641052246094,1,24.080671310424805,7765.203125,7488.66796875,-297.50225830078125,-232.51210021972656,178.88427734375,840.891845703125,672.7353515625,84.0423583984375,1,25.404151916503906,8007.017578125,7520.05517578125,-315.40069580078125,-244.43753051757812,470.740234375,659.984130859375,364.196533203125,321.2127685546875,1,25.39590072631836,7940.791015625,6825.150390625,-318.301513671875,-230.20530700683594,649.898681640625,827.41748046875,297.3438720703125,79.91944885253906,1,29.872249603271484,9262.8251953125,8336.4521484375,-372.3481750488281,-281.15826416015625,792.80615234375,970.98974609375,1166.3172607421875,115.34213256835938,1,16.7120304107666,4987.505859375,4921.4462890625,-187.09165954589844,-147.75106811523438,-15.56787109375,882.080322265625,1290.494140625,15.00982666015625,1,16.24469757080078,4833.6103515625,5137.6005859375,-183.56236267089844,-157.0876922607422,58.7041015625,869.170166015625,1127.146728515625,253.7029571533203,1,17.405662536621094,5669.97021484375,5443.806640625,-205.74465942382812,-154.7265625,-249.12109375,1009.8984375,1075.656005859375,-16.880149841308594,1,19.365921020507812,5872.361328125,5709.6884765625,-224.5122528076172,-176.66842651367188,121.101806640625,639.81787109375,730.445068359375,372.9453125,1,18.3116455078125,5574.052734375,5897.9140625,-206.74961853027344,-174.1919708251953,-95.7919921875,973.120361328125,606.934326171875,-96.5704345703125,1,23.767425537109375,7398.0849609375,7541.095703125,-272.2738342285156,-219.87779235839844,-197.93310546875,SN000368420812,Pumba,72499,2025-12-19T19:08:19.000Z,1765551349257627300,3D
633.432373046875,18.029296875,417.40093994140625,1,28.089359283447266,8337.3408203125,7635.388671875,-337.3684997558594,-259.83428955078125,788.411376953125,850.02783203125,-62.110107421875,128.66769409179688,1,28.750919342041016,8237.41796875,7770.884765625,-325.2726745605469,-253.54629516601562,513.826171875,946.17236328125,1312.1466064453125,159.9644775390625,1,16.141672134399414,4951.47998046875,5432.900390625,-178.7816162109375,-154.49937438964844,-246.609130859375,766.398681640625,905.42822265625,339.6561279296875,1,19.067092895507812,5871.74853515625,5500.330078125,-227.59555053710938,-174.22142028808594,223.62841796875,1033.302490234375,813.781005859375,-50.6092643737793,1,21.743797302246094,6630.09814453125,6439.0048828125,-250.10768127441406,-195.03277587890625,25.068603515625,897.60595703125,1323.725341796875,51.84934997558594,1,15.389629364013672,4804.73779296875,4801.15869140625,-176.1231689453125,-139.01022338867188,-151.862548828125,923.37451171875,1313.3897705078125,11.335800170898438,1,15.181159019470215,4621.1123046875,4748.7744140625,-169.22454833984375,-137.44888305664062,-151.272705078125,787.09033203125,706.695068359375,233.4387664794922,1,25.170093536376953,8334.1494140625,8162.646484375,-314.5453796386719,-247.38931274414062,33.88037109375,841.786865234375,672.6412353515625,83.83082580566406,1,25.284456253051758,7780.7470703125,7532.849609375,-309.4302673339844,-248.0021209716797,555.171875,661.757080078125,363.24072265625,321.50347900390625,1,26.07147216796875,8171.94775390625,7172.18359375,-327.6421813964844,-241.4727783203125,671.042236328125,828.1865234375,297.23974609375,80.79249572753906,1,29.68979263305664,9251.80078125,8352.11328125,-369.7579345703125,-278.91656494140625,720.69287109375,971.101318359375,1166.43115234375,114.82081604003906,1,16.684633255004883,5000.74951171875,4911.951171875,-187.2563934326172,-147.0478515625,-26.647705078125,880.626708984375,1290.52490234375,14.7821044921875,1,15.743431091308594,4769.248046875,5065.3134765625,-176.62564086914062,-149.27481079101562,-90.898193359375,870.033935546875,1127.41162109375,253.8094940185547,1,17.27610206604004,5468.6533203125,5612.3916015625,-198.29483032226562,-159.973876953125,-244.860595703125,1012.15087890625,1075.179443359375,-16.202964782714844,1,19.164875030517578,5779.2236328125,5714.435546875,-220.2595672607422,-175.87997436523438,96.340087890625,636.577880859375,733.39990234375,371.63421630859375,1,18.583616256713867,5734.30517578125,5920.50830078125,-212.84548950195312,-174.95272827148438,-93.677490234375,971.94873046875,606.917236328125,-96.67627716064453,1,22.090360641479492,6806.5498046875,7015.111328125,-245.30026245117188,-198.1370849609375,-353.8720703125,SN000368420812,Pumba,72499.1,2025-12-19T19:08:19.108Z,1765551349305706300,3D
632.233642578125,13.156005859375,424.491455078125,1,28.647018432617188,8563.96484375,7634.1171875,-349.0705871582031,-263.75189208984375,893.49365234375,848.620849609375,-69.545166015625,132.6562042236328,1,27.707014083862305,7814.21533203125,7503.73681640625,-306.59100341796875,-242.0548095703125,422.6962890625,954.449462890625,1318.69580078125,160.1639404296875,1,16.75588607788086,5258.7666015625,5487.2080078125,-192.07781982421875,-158.29417419433594,-189.3330078125,765.266845703125,904.5059814453125,339.27606201171875,1,18.753849029541016,5795.15673828125,5484.53125,-222.1903839111328,-170.59832763671875,140.049072265625,1035.31982421875,810.701904296875,-50.045597076416016,1,21.87137222290039,6664.13037109375,6435.8203125,-252.43199157714844,-196.2382354736328,59.644287109375,900.60986328125,1327.4942626953125,53.03923034667969,1,15.558416366577148,4978.1162109375,4924.2646484375,-180.1864471435547,-139.65086364746094,-233.517333984375,924.521728515625,1315.186767578125,11.387069702148438,1,17.06283950805664,5603.70703125,5923.384765625,-198.5707244873047,-163.35284423828125,-404.624755859375,785.456787109375,705.7978515625,233.41712951660156,1,25.488845825195312,8372.142578125,8263.2841796875,-318.2519836425781,-253.26600646972656,109.327392578125,842.9052734375,671.7666015625,83.14759826660156,1,24.93022918701172,7581.93359375,7517.7060546875,-301.1166687011719,-246.51077270507812,527.697265625,655.351318359375,359.85888671875,320.12249755859375,1,25.328767776489258,7951.39990234375,6835.80078125,-317.5567626953125,-229.0990447998047,611.9716796875,828.791015625,292.8170166015625,80.55354309082031,1,28.80640983581543,8934.3427734375,8127.48046875,-354.712890625,-268.27838134765625,618.1513671875,974.846435546875,1169.3250732421875,115.42677307128906,1,16.726669311523438,4998.91162109375,4884.5712890625,-188.11117553710938,-147.37452697753906,3.975341796875,881.20263671875,1293.0225830078125,17.65174102783203,1,15.846806526184082,4847.5068359375,4980.79443359375,-180.5525360107422,-147.94827270507812,-58.39794921875,869.561767578125,1129.111572265625,253.57215881347656,1,17.532154083251953,5604.90869140625,5736.51171875,-202.73141479492188,-162.85458374023438,-267.819580078125,1013.782470703125,1074.679443359375,-16.20592498779297,1,19.204275131225586,5765.373046875,5675.048828125,-220.87228393554688,-176.1067657470703,133.940185546875,636.881103515625,729.115478515625,372.88177490234375,1,18.30086898803711,5714.67529296875,5923.61328125,-208.93875122070312,-171.09381103515625,-198.68798828125,971.43017578125,602.3824462890625,-96.1711196899414,1,23.066749572753906,7177.6689453125,7413.2158203125,-260.505859375,-211.6894073486328,-312.95849609375,SN000368420812,Pumba,72499.2,2025-12-19T19:08:19.230Z,1765551349337484300,3D
635.730712890625,14.881591796875,421.25830078125,1,29.121618270874023,8511.3681640625,7663.7431640625,-353.84442138671875,-273.0726013183594,1117.3515625,852.03369140625,-65.320556640625,133.76022338867188,1,28.17790985107422,7860.53466796875,7759.2763671875,-310.30450439453125,-252.2231903076172,488.008056640625,946.02392578125,1313.579345703125,158.69528198242188,1,16.914749145507812,5204.970703125,5523.6484375,-192.60997009277344,-162.58457946777344,-104.564697265625,766.375,903.236328125,339.63507080078125,1,18.8214111328125,5798.5576171875,5483.47265625,-223.18289184570312,-171.6449432373047,168.69775390625,1036.60595703125,811.19482421875,-56.12488555908203,1,22.097976684570312,6764.689453125,6473.484375,-256.6368713378906,-197.89810180664062,73.56298828125,900.490966796875,1325.6783447265625,48.79081726074219,1,15.183795928955078,4742.5478515625,4669.88720703125,-173.85134887695312,-135.13587951660156,-149.5673828125,927.458251953125,1315.1783447265625,8.858451843261719,1,15.740357398986816,4992.92578125,5424.1474609375,-175.5574951171875,-148.2644500732422,-405.287841796875,784.06298828125,706.51416015625,233.21836853027344,1,24.30360984802246,7642.00390625,7636.6826171875,-296.3888854980469,-241.3756103515625,295.693603515625,840.39501953125,671.7215576171875,83.65574645996094,1,25.889015197753906,7778.2587890625,8111.36376953125,-310.27545166015625,-266.6290588378906,586.30078125,660.606201171875,360.3331298828125,319.87005615234375,1,25.462175369262695,7967.79052734375,6859.71240234375,-319.5497131347656,-231.53695678710938,657.553466796875,829.338623046875,294.69287109375,80.23695373535156,1,29.726755142211914,9334.99609375,8348.90234375,-371.5534973144531,-277.1527099609375,676.4296875,971.518798828125,1167.17529296875,114.47853088378906,1,16.626405715942383,4960.77734375,4852.8271484375,-186.38084411621094,-146.04905700683594,-5.787353515625,884.298583984375,1292.5064697265625,11.044486999511719,1,15.897295951843262,4789.3037109375,5055.87109375,-179.2716522216797,-151.34915161132812,-28.235595703125,869.33837890625,1126.652099609375,253.45826721191406,1,17.46202850341797,5684.7607421875,5403.6494140625,-207.40689086914062,-154.8938446044922,-212.50048828125,1011.81201171875,1072.526611328125,-15.771133422851562,1,18.92991828918457,5731.53369140625,5555.880859375,-217.9358673095703,-170.43702697753906,78.8505859375,636.591552734375,730.2235107421875,372.5621337890625,1,18.456222534179688,5614.4091796875,6009.32861328125,-207.9075469970703,-177.10305786132812,-107.751953125,970.970703125,606.2366943359375,-108.70730590820312,1,22.38654327392578,6800.39794921875,7086.72705078125,-248.1408233642578,-204.13108825683594,-252.04296875,SN000368420812,Pumba,72499.333,2025-12-19T19:08:19.364Z,1765551349369838600,3D
635.3583984375,19.329345703125,422.896728515625,1,28.455093383789062,8481.365234375,7553.078125,-345.64373779296875,-260.9111328125,883.00537109375,849.823486328125,-62.707275390625,132.57057189941406,1,29.11941909790039,8494.1435546875,7984.77783203125,-332.0039367675781,-256.3408203125,416.64892578125,948.6181640625,1316.345947265625,157.1620635986328,1,16.547210693359375,5059.4921875,5828.900390625,-181.4786834716797,-164.7395477294922,-291.9912109375,766.781494140625,904.3626708984375,339.17822265625,1,18.8696346282959,5809.50732421875,5486.5576171875,-223.8961639404297,-172.11378479003906,178.685546875,1041.592041015625,813.2391357421875,-54.102874755859375,1,21.730430603027344,6569.18701171875,6366.552734375,-249.33290100097656,-194.74136352539062,75.417236328125,901.066162109375,1326.617431640625,48.07191467285156,1,15.213356971740723,4738.751953125,4701.009765625,-173.7501220703125,-136.1269989013672,-148.18212890625,927.01220703125,1314.7938232421875,7.899986267089844,1,15.81338882446289,5026.546875,5432.23974609375,-176.94808959960938,-148.66461181640625,-401.137939453125,787.522216796875,707.150390625,234.2053680419922,1,24.106142044067383,7699.779296875,7498.212890625,-296.6258239746094,-234.7794189453125,231.45263671875,841.34228515625,673.4393310546875,83.66903686523438,1,25.50238037109375,7994.1884765625,7577.43310546875,-315.7876281738281,-247.2541046142578,499.569580078125,656.47265625,363.321044921875,317.19061279296875,1,25.907142639160156,8128.9599609375,6815.5419921875,-328.7657775878906,-234.13314819335938,761.93505859375,827.552978515625,296.92724609375,79.03964233398438,1,29.797800064086914,9150.83984375,8397.69921875,-368.4985656738281,-283.46307373046875,804.941650390625,972.0693359375,1168.260009765625,114.19987487792969,1,16.67713165283203,4975.1416015625,4916.4873046875,-186.62841796875,-147.60398864746094,-15.510986328125,883.61474609375,1292.8817138671875,11.485084533691406,1,15.832611083984375,4776.56591796875,5017.90771484375,-178.50308227539062,-149.8431854248047,-37.803955078125,870.302490234375,1127.2904052734375,253.27000427246094,1,17.387327194213867,5508.3798828125,5685.77734375,-199.60870361328125,-161.96153259277344,-250.878662109375,1010.618408203125,1074.034912109375,-16.563865661621094,1,19.027936935424805,5683.072265625,5625.9326171875,-217.4894561767578,-174.26983642578125,124.517333984375,637.79248046875,731.16015625,372.63446044921875,1,18.213056564331055,5775.1259765625,5737.12451171875,-211.04818725585938,-165.25962829589844,-204.187255859375,970.266357421875,609.911376953125,-104.53730773925781,1,22.90441131591797,7003.30859375,7331.05078125,-256.11212158203125,-211.91773986816406,-241.041259765625,SN000368420812,Pumba,72499.466,2025-12-19T19:08:19.485Z,1765551349401380500,3D
638.8193359375,14.3017578125,418.2935791015625,1,27.579952239990234,8207.16796875,7572.953125,-328.8548889160156,-253.4424591064453,668.666015625,851.078125,-65.2568359375,133.51275634765625,1,28.961021423339844,8417.994140625,7851.18994140625,-330.38079833984375,-253.86126708984375,457.835693359375,948.5751953125,1316.3724365234375,158.4969482421875,1,16.546859741210938,5092.1083984375,5547.2177734375,-185.4808807373047,-159.7018280029297,-200.041748046875,766.566650390625,903.2916259765625,339.67620849609375,1,18.97346305847168,5874.3173828125,5514.763671875,-226.17706298828125,-172.76649475097656,173.41552734375,1038.05029296875,811.9781494140625,-55.27540588378906,1,21.701539993286133,6619.5615234375,6436.0771484375,-248.87196350097656,-193.89822387695312,-2.69287109375,901.778076171875,1326.56298828125,48.77705383300781,1,15.528270721435547,4939.49951171875,4915.33935546875,-179.1278076171875,-139.87452697753906,-220.419677734375,928.078125,1314.615478515625,8.734794616699219,1,15.375197410583496,4690.1806640625,4824.6953125,-172.150146484375,-140.145751953125,-140.48291015625,786.819091796875,705.464111328125,233.8216094970703,1,24.004220962524414,7628.4814453125,7428.0625,-294.6303405761719,-233.5220184326172,254.28759765625,840.100830078125,672.3507080078125,82.5592041015625,1,25.180694580078125,7803.9013671875,7562.3310546875,-308.1380310058594,-246.19186401367188,483.455322265625,655.447509765625,361.7664794921875,320.65594482421875,1,25.978477478027344,8091.818359375,6946.3759765625,-327.78839111328125,-238.6053924560547,775.849609375,826.26953125,294.9678955078125,79.43037414550781,1,29.208200454711914,9055.998046875,8318.546875,-360.0558776855469,-274.99560546875,643.44287109375,971.866455078125,1167.8831787109375,115.29765319824219,1,16.72924041748047,4975.99755859375,4916.125,-187.3556365966797,-148.4601593017578,7.52197265625,884.52587890625,1292.7176513671875,12.024284362792969,1,15.574338912963867,4758.56005859375,4993.07470703125,-175.07241821289062,-145.65924072265625,-129.04296875,869.0673828125,1127.5328369140625,254.16795349121094,1,17.62673568725586,5758.5859375,5477.55078125,-209.9967498779297,-156.8876190185547,-218.7646484375,1008.816650390625,1073.3931884765625,-16.406463623046875,1,19.398643493652344,5858.29296875,5747.07861328125,-224.3617706298828,-178.2694091796875,133.654541015625,639.333251953125,728.197509765625,373.255126953125,1,18.80453109741211,5989.1357421875,5854.27783203125,-221.4951629638672,-171.7769775390625,-124.9599609375,972.82177734375,605.4820556640625,-103.24098205566406,1,22.86471176147461,6972.84619140625,7308.029296875,-255.48675537109375,-211.8734130859375,-223.778564453125,SN000368420812,Pumba,72499.6,2025-12-19T19:08:19.605Z,1765551349433565600,3D
638.000732421875,16.263916015625,425.81365966796875,1,28.25273895263672,8333.876953125,7654.1962890625,-338.7472229003906,-262.28533935546875,838.473876953125,852.501708984375,-66.273681640625,134.13558959960938,1,28.408824920654297,8246.2109375,7772.861328125,-320.531494140625,-247.2780303955078,345.755859375,947.260009765625,1311.679931640625,160.59681701660156,1,16.800203323364258,5185.37451171875,5526.5302734375,-190.85194396972656,-161.39825439453125,-138.397216796875,766.06201171875,904.1192626953125,339.36712646484375,1,19.51462173461914,6065.2724609375,5662.6865234375,-235.14053344726562,-179.4442596435547,232.241455078125,1039.716552734375,810.892822265625,-54.82184600830078,1,21.995649337768555,6714.50390625,6511.3564453125,-253.79403686523438,-197.85121154785156,41.96728515625,897.91748046875,1321.343994140625,51.90068054199219,1,15.65771484375,4921.359375,4862.4560546875,-181.1142120361328,-141.60935974121094,-131.948974609375,924.206787109375,1312.01318359375,11.139854431152344,1,16.149415969848633,5211.9462890625,5545.22265625,-183.4918212890625,-151.53001403808594,-415.57568359375,785.326416015625,706.172607421875,233.6849822998047,1,24.47232437133789,7689.5556640625,7584.0546875,-300.0795593261719,-242.1590118408203,358.690185546875,841.56640625,671.90087890625,83.69078063964844,1,25.498699188232422,7952.154296875,7654.03662109375,-314.0646667480469,-249.39002990722656,494.9072265625,656.05224609375,361.392578125,319.98785400390625,1,25.041933059692383,7668.81884765625,6954.13623046875,-307.2746276855469,-233.11314392089844,623.737548828125,830.2431640625,294.29541015625,80.32009887695312,1,29.485782623291016,9227.7587890625,8257.728515625,-367.69317626953125,-274.621826171875,682.260498046875,973.5615234375,1167.3272705078125,114.9403076171875,1,16.56307029724121,4940.30029296875,4903.7421875,-184.62013244628906,-146.35020446777344,-38.600830078125,882.1865234375,1287.293701171875,14.6300048828125,1,16.082767486572266,4929.5107421875,5120.36328125,-183.4617919921875,-151.9376983642578,-64.284423828125,870.43505859375,1127.6136474609375,253.8712615966797,1,17.030385971069336,5434.91015625,5459.18994140625,-196.26548767089844,-154.40426635742188,-270.019775390625,1009.24169921875,1072.41015625,-16.927764892578125,1,19.257143020629883,5816.87890625,5697.2294921875,-222.3664093017578,-176.2208709716797,119.188232421875,637.2421875,730.2286376953125,373.6771240234375,1,18.45770835876465,5897.42578125,5827.166015625,-215.31219482421875,-167.55242919921875,-215.43798828125,972.861328125,604.927978515625,-103.21185302734375,1,22.401363372802734,6966.15087890625,7116.88720703125,-251.1700897216797,-201.0352783203125,-358.45703125,SN000368420812,Pumba,72499.7,2025-12-19T19:08:19.706Z,1765551349465684900,3D
641.49853515625,15.059326171875,428.09710693359375,1,29.79005241394043,8758.94140625,8014.498046875,-362.9378967285156,-283.37347412109375,1109.861083984375,846.84716796875,-66.2685546875,140.2117919921875,1,28.710376739501953,8213.5927734375,7699.1669921875,-324.6582946777344,-251.73550415039062,523.236083984375,949.87939453125,1313.3963623046875,160.58436584472656,1,16.74570655822754,5228.919921875,5477.24658203125,-191.44044494628906,-158.60032653808594,-173.212890625,767.44921875,903.7691650390625,340.47869873046875,1,18.64273452758789,5729.94287109375,5386.478515625,-220.64129638671875,-168.77011108398438,170.075927734375,1037.03515625,810.144287109375,-55.14655303955078,1,21.84235382080078,6637.0810546875,6299.58349609375,-252.72378540039062,-193.7627410888672,103.1083984375,900.3388671875,1323.21923828125,51.912200927734375,1,15.414962768554688,4817.64892578125,4862.3740234375,-175.921630859375,-139.99949645996094,-174.645751953125,926.223876953125,1312.763916015625,11.12939453125,1,16.4398193359375,5292.46484375,5862.32421875,-185.09837341308594,-159.32037353515625,-462.796875,784.53515625,705.9013671875,233.19679260253906,1,24.229154586791992,7669.9130859375,7528.5615234375,-297.2535095214844,-237.881103515625,289.525146484375,841.96728515625,671.394775390625,83.60006713867188,1,25.440509796142578,7822.6552734375,7606.6337890625,-311.33087158203125,-250.63145446777344,565.883056640625,658.445068359375,360.0196533203125,320.79925537109375,1,25.24634552001953,7861.85791015625,6788.2861328125,-315.5813903808594,-229.4062042236328,658.199462890625,828.5029296875,293.6380615234375,79.42805480957031,1,28.815196990966797,8837.232421875,8181.212890625,-352.0892639160156,-271.1876525878906,652.3818359375,974.107421875,1167.218994140625,115.42875671386719,1,16.84278106689453,5027.33935546875,4904.9892578125,-189.86367797851562,-148.8419952392578,26.595947265625,883.55615234375,1289.184326171875,15.042617797851562,1,15.80920124053955,4809.64453125,5033.88916015625,-178.5343780517578,-148.81085205078125,-78.029541015625,869.6416015625,1127.9111328125,253.5713348388672,1,17.397871017456055,5509.25390625,5648.0595703125,-200.2065887451172,-161.5283966064453,-232.153076171875,1012.3095703125,1072.2008056640625,-15.688018798828125,1,19.16493797302246,5718.2119140625,5656.01171875,-219.72647094726562,-176.3178253173828,154.80322265625,638.405517578125,729.59619140625,373.33502197265625,1,18.23661231994629,5528.08984375,5906.3134765625,-204.63417053222656,-173.96507263183594,-108.54296875,969.421142578125,604.0970458984375,-102.74354553222656,1,22.645231246948242,6959.44580078125,7299.0693359375,-252.05252075195312,-207.9481964111328,-320.843017578125,SN000368420812,Pumba,72499.8,2025-12-19T19:08:19.815Z,1765551349497496100,3D
639.020263671875,15.028564453125,422.58319091796875,1,29.68368911743164,8720.6845703125,8095.44091796875,-359.54815673828125,-283.3836669921875,1045.273193359375,847.086669921875,-64.963134765625,138.71026611328125,1,28.35314178466797,8095.529296875,7720.7080078125,-317.803466796875,-249.3778533935547,443.322509765625,949.58349609375,1310.98876953125,162.2008056640625,1,16.177303314208984,4931.71630859375,5451.05859375,-178.56248474121094,-155.70225524902344,-229.203857421875,767.02783203125,904.1632080078125,339.66754150390625,1,18.839981079101562,5848.9599609375,5566.7294921875,-223.2449493408203,-171.8672332763672,107.880615234375,1038.38427734375,809.7705078125,-55.433135986328125,1,21.97692108154297,6682.640625,6542.0859375,-252.54925537109375,-198.72195434570312,40.469970703125,899.33935546875,1324.3587646484375,54.35627746582031,1,15.417471885681152,4776.86181640625,4874.341796875,-175.00625610351562,-141.13426208496094,-154.092529296875,924.947998046875,1315.359130859375,13.109909057617188,1,16.172853469848633,5191.35693359375,5631.7685546875,-182.38031005859375,-153.72158813476562,-426.7265625,784.450439453125,705.9510498046875,233.8101043701172,1,23.852785110473633,7509.0009765625,7335.7060546875,-291.5871887207031,-232.55032348632812,302.492919921875,840.6943359375,671.885009765625,83.82870483398438,1,25.60114288330078,7955.6083984375,7595.58935546875,-316.0589904785156,-249.9526824951172,556.7060546875,655.6044921875,361.29638671875,320.7137451171875,1,24.6832218170166,7613.423828125,6910.59228515625,-301.7577209472656,-227.51817321777344,510.029052734375,826.1884765625,294.53564453125,78.3873291015625,1,29.22140121459961,9124.6044921875,8211.791015625,-362.5984802246094,-271.7245788574219,642.130859375,973.54443359375,1166.9188232421875,114.86318969726562,1,17.36934471130371,5259.40478515625,5172.8583984375,-197.95738220214844,-156.12278747558594,5.304443359375,882.396728515625,1291.583740234375,16.502395629882812,1,15.835705757141113,4755.3173828125,5060.052734375,-177.55252075195312,-150.92694091796875,-42.7890625,868.376220703125,1128.320068359375,252.5420379638672,1,17.853050231933594,5880.75390625,5592.14892578125,-213.96560668945312,-159.5589599609375,-239.658447265625,1010.6826171875,1071.2689208984375,-15.920974731445312,1,19.439905166625977,5908.29638671875,5711.8662109375,-226.12522888183594,-177.05873107910156,129.726318359375,638.378662109375,729.9532470703125,372.51202392578125,1,18.71615982055664,5801.150390625,6311.236328125,-211.17201232910156,-181.51449584960938,-232.54345703125,971.246826171875,603.7471923828125,-102.84347534179688,1,23.499980926513672,7183.1240234375,7354.97705078125,-267.0953674316406,-217.89739990234375,-101.375732421875,SN000368420812,Pumba,72499.933,2025-12-19T19:08:19.934Z,1765551349529244800,3D
637.13037109375,15.24658203125,427.12200927734375,1,28.372055053710938,8332.037109375,7658.49560546875,-340.25848388671875,-264.3869934082031,890.85546875,844.477294921875,-64.636962890625,142.86431884765625,1,28.600616455078125,8218.251953125,7802.3037109375,-322.4730224609375,-251.90159606933594,444.958984375,951.572998046875,1313.650634765625,160.22482299804688,1,16.6138973236084,5186.35205078125,5435.337890625,-189.2748260498047,-156.63340759277344,-191.865234375,764.219970703125,904.437255859375,338.04571533203125,1,18.60144805908203,5713.22021484375,5434.9150390625,-219.15017700195312,-169.15667724609375,141.524658203125,1037.9560546875,810.301025390625,-56.11187744140625,1,21.244426727294922,6411.919921875,6157.7470703125,-242.28379821777344,-187.03309631347656,38.025146484375,899.95458984375,1323.71435546875,52.686370849609375,1,15.21447467803955,4762.2265625,4733.3671875,-173.8108673095703,-136.07652282714844,-175.456787109375,924.79638671875,1312.724853515625,11.4603271484375,1,15.836097717285156,5065.8154296875,5429.109375,-178.12684631347656,-148.19631958007812,-411.07421875,782.935302734375,706.3626708984375,233.4019317626953,1,24.485910415649414,7742.66455078125,7603.1591796875,-301.16546630859375,-241.59564208984375,328.404296875,840.673828125,671.7257080078125,84.14192199707031,1,25.5340576171875,7961.02734375,7618.990234375,-315.0726318359375,-249.17347717285156,517.24755859375,659.717529296875,360.0238037109375,321.56866455078125,1,26.185232162475586,8206.4404296875,6943.9794921875,-332.6733093261719,-239.24411010742188,794.740234375,826.9970703125,294.385986328125,78.9844970703125,1,30.29186248779297,9519.9765625,8443.7822265625,-381.6365661621094,-283.9070739746094,779.7900390625,973.81591796875,1166.7835693359375,115.03506469726562,1,16.521963119506836,4919.251953125,4840.20263671875,-184.3378143310547,-145.069580078125,-21.685546875,881.93212890625,1289.804443359375,16.370933532714844,1,15.772928237915039,4763.12353515625,4979.36328125,-177.96115112304688,-148.6353302001953,-38.99755859375,869.981689453125,1127.511474609375,253.51768493652344,1,17.58086395263672,5732.0390625,5442.97509765625,-209.4249267578125,-156.37762451171875,-204.60693359375,1010.156494140625,1071.7181396484375,-16.342758178710938,1,19.199813842773438,5764.8779296875,5681.078125,-220.6513671875,-176.0364227294922,127.244384765625,637.675537109375,729.212890625,373.40277099609375,1,18.670164108276367,5957.0283203125,5806.68017578125,-219.61170959472656,-169.4990692138672,-147.316162109375,972.883544921875,603.6041259765625,-103.3470458984375,1,23.421430587768555,7270.6259765625,7430.8955078125,-266.6622009277344,-215.537841796875,-224.895751953125,SN000368420812,Pumba,72500.033,2025-12-19T19:08:20.064Z,1765551349561533500,3D
639.39111328125,14.3408203125,423.25634765625,1,29.032949447631836,8520.7548828125,7701.0517578125,-352.1893615722656,-271.69268798828125,1050.8056640625,847.675048828125,-66.29541015625,135.92860412597656,1,28.479185104370117,8127.1435546875,7917.08447265625,-317.9432067871094,-253.99224853515625,408.486083984375,947.873291015625,1311.910400390625,161.8292236328125,1,16.625513076782227,5182.69384765625,5455.79150390625,-189.12185668945312,-157.23150634765625,-192.371337890625,767.054443359375,903.3436279296875,339.804443359375,1,18.695289611816406,5807.1435546875,5462.830078125,-221.96560668945312,-169.09999084472656,117.636962890625,1033.745849609375,810.2916259765625,-55.78295135498047,1,22.067373275756836,6749.24072265625,6615.18017578125,-254.0795440673828,-199.70860290527344,8.095947265625,897.983154296875,1323.7344970703125,53.54498291015625,1,15.017030715942383,4662.2900390625,4666.68408203125,-170.07164001464844,-134.09317016601562,-174.69287109375,923.9384765625,1314.719970703125,12.476371765136719,1,15.379465103149414,4691.77734375,4838.4384765625,-172.08767700195312,-140.40745544433594,-144.546875,784.70068359375,706.16357421875,233.29722595214844,1,24.472558975219727,7688.498046875,7493.41796875,-301.3876037597656,-241.10562133789062,403.339111328125,841.858642578125,672.087646484375,83.53483581542969,1,25.586278915405273,7964.337890625,7797.7236328125,-313.66119384765625,-252.64988708496094,466.340087890625,657.8720703125,360.6331787109375,320.8740234375,1,27.280967712402344,8615.08984375,7108.3896484375,-352.6528625488281,-249.93919372558594,947.080322265625,829.380615234375,294.3680419921875,80.30148315429688,1,30.287883758544922,9509.587890625,8471.802734375,-380.9925537109375,-284.4369812011719,771.41064453125,973.162353515625,1167.7994384765625,115.03852844238281,1,16.5731143951416,4939.2529296875,4899.83740234375,-184.65536499023438,-146.32568359375,-36.11474609375,881.65234375,1290.4031982421875,15.854942321777344,1,15.876972198486328,4820.990234375,4996.75830078125,-180.18409729003906,-149.2158203125,-37.51806640625,869.36962890625,1127.6201171875,253.55760192871094,1,17.36294174194336,5550.0732421875,5744.7646484375,-199.35816955566406,-161.47047424316406,-311.201416015625,1010.12646484375,1072.3680419921875,-16.15904998779297,1,19.310110092163086,5835.314453125,5745.2646484375,-222.7088165283203,-177.23171997070312,107.5478515625,637.998291015625,729.337158203125,373.17987060546875,1,18.748207092285156,5717.81884765625,6043.6123046875,-213.2842254638672,-179.98880004882812,-58.57275390625,970.378173828125,603.1962890625,-104.44257354736328,1,23.191608428955078,7173.35546875,7376.220703125,-262.34185791015625,-213.06663513183594,-246.711669921875,SN000368420812,Pumba,72500.166,2025-12-19T19:08:20.180Z,1765551349593933000,3D
632.74267578125,14.629150390625,423.7669677734375,1,28.045425415039062,8274.4775390625,7611.92236328125,-335.3420104980469,-259.5512390136719,799.7333984375,848.9775390625,-66.152099609375,133.5507354736328,1,29.36251449584961,8523.462890625,7977.06298828125,-336.117919921875,-259.8634948730469,516.392822265625,953.2392578125,1317.4754638671875,157.10939025878906,1,16.464157104492188,5123.3017578125,5348.91796875,-187.24513244628906,-154.4547576904297,-180.477783203125,765.192626953125,907.0367431640625,338.84197998046875,1,18.79278564453125,5776.64111328125,5457.7333984375,-222.5784149169922,-171.1436767578125,176.02001953125,1031.169189453125,809.7657470703125,-56.15989685058594,1,21.76345443725586,6684.42138671875,6502.482421875,-250.41127014160156,-194.77560424804688,-32.627685546875,903.718994140625,1329.721923828125,48.71647644042969,1,15.167669296264648,4765.306640625,4760.9404296875,-172.94869995117188,-135.6881103515625,-207.876953125,928.447265625,1316.97216796875,7.88726806640625,1,16.29630470275879,5308.806640625,5769.0654296875,-184.72328186035156,-155.2708282470703,-495.626220703125,784.816162109375,705.6009521484375,233.7631378173828,1,24.245737075805664,7778.0458984375,7589.7568359375,-298.8005676269531,-236.5788116455078,205.88232421875,839.674072265625,671.99267578125,83.05708312988281,1,25.703596115112305,7971.99658203125,7613.498046875,-317.5461120605469,-251.57862854003906,585.541748046875,656.87451171875,360.5595703125,321.47406005859375,1,25.26632308959961,7902.1142578125,6852.2900390625,-315.69830322265625,-229.59259033203125,611.8603515625,825.839599609375,294.367919921875,79.06742858886719,1,29.873319625854492,9246.990234375,8307.0654296875,-372.3891296386719,-281.06640625,813.921630859375,972.753173828125,1167.6370849609375,113.6256103515625,1,16.734296798706055,5023.6064453125,4910.599609375,-188.3191680908203,-147.25953674316406,-19.9384765625,884.21923828125,1296.6209716796875,12.361343383789062,1,15.84511947631836,4873.0888671875,5057.32421875,-180.0401611328125,-148.41664123535156,-107.2919921875,870.169677734375,1130.366943359375,253.4267120361328,1,17.38932228088379,5534.56640625,5742.86328125,-199.4695281982422,-162.2803497314453,-288.165771484375,1010.440673828125,1072.1444091796875,-17.115020751953125,1,19.302730560302734,5841.1806640625,5699.0712890625,-223.30557250976562,-176.30690002441406,120.00341796875,634.73583984375,733.9417724609375,371.3466796875,1,18.409393310546875,5632.86181640625,5978.5224609375,-207.96237182617188,-175.37535095214844,-128.951904296875,972.158203125,600.826904296875,-102.24021911621094,1,23.58184051513672,7356.5673828125,7464.4677734375,-270.0321350097656,-216.71871948242188,-220.4365234375,SN000368420812,Pumba,72500.266,2025-12-19T19:08:20.281Z,1765551349625250500,3D
641.423095703125,13.064208984375,420.99334716796875,1,29.102441787719727,8552.62890625,7762.76416015625,-353.21160888671875,-273.33270263671875,1044.8935546875,852.955810546875,-66.569580078125,131.4673309326172,1,28.968399047851562,8205.51171875,7893.40283203125,-325.8349609375,-259.44354248046875,572.295166015625,952.05029296875,1317.723388671875,159.1179656982422,1,16.62114715576172,5154.96875,5442.5244140625,-188.76458740234375,-157.68760681152344,-169.6259765625,767.305908203125,904.2156982421875,339.00994873046875,1,18.513973236083984,5694.15185546875,5367.224609375,-218.63491821289062,-167.3667755126953,148.221923828125,1022.59375,809.55322265625,-49.526878356933594,1,21.84404754638672,6662.8798828125,6451.892578125,-251.80459594726562,-195.99917602539062,40.4150390625,900.263427734375,1326.711669921875,51.35301208496094,1,15.280847549438477,4824.3154296875,4858.23486328125,-174.35641479492188,-137.60853576660156,-234.843017578125,924.7314453125,1314.189208984375,10.24627685546875,1,16.359020233154297,5434.54931640625,5752.5205078125,-188.02151489257812,-152.98081970214844,-543.189208984375,784.777099609375,706.4285888671875,233.9496307373047,1,24.509239196777344,7808.87744140625,7679.63818359375,-301.76495361328125,-241.541259765625,265.663330078125,838.67724609375,672.5374755859375,82.80836486816406,1,25.201852798461914,7787.884765625,7539.58642578125,-308.420166015625,-246.60984802246094,512.787109375,657.88232421875,360.764404296875,322.13409423828125,1,25.59164810180664,8055.8427734375,6997.5146484375,-321.2059631347656,-233.62564086914062,602.59130859375,827.209716796875,294.499267578125,79.74526977539062,1,29.999868392944336,9388.65234375,8387.3251953125,-375.98040771484375,-281.3147888183594,756.1796875,972.5400390625,1168.3765869140625,114.90536499023438,1,16.689617156982422,4996.96826171875,4912.91015625,-187.2113037109375,-147.1981658935547,-23.421142578125,881.261962890625,1292.4139404296875,15.785560607910156,1,15.541510581970215,4738.3330078125,4949.87841796875,-174.87115478515625,-145.05470275878906,-110.4853515625,871.983642578125,1128.7730712890625,255.78517150878906,1,16.902324676513672,5380.0576171875,5381.56884765625,-194.52186584472656,-152.4630889892578,-259.37353515625,1010.7744140625,1073.5279541015625,-16.41424560546875,1,19.219181060791016,5801.970703125,5688.6162109375,-221.56260681152344,-175.6584930419922,111.1611328125,639.53271484375,729.3038330078125,373.6524658203125,1,18.813600540161133,5777.755859375,6140.296875,-214.4191131591797,-181.50645446777344,-95.77001953125,966.588623046875,600.00244140625,-97.46424102783203,1,22.95892906188965,7128.8125,7344.8232421875,-258.7053527832031,-209.67440795898438,-311.651123046875,SN000368420812,Pumba,72500.366,2025-12-19T19:08:20.387Z,1765551349657328500,3D
636.428955078125,16.720458984375,418.40130615234375,1,29.029800415039062,8597.4169921875,7657.875,-353.7576904296875,-268.7463684082031,1007.167236328125,849.86474609375,-64.123291015625,130.94386291503906,1,28.214641571044922,7937.1162109375,7607.61083984375,-313.93658447265625,-248.58181762695312,512.848876953125,954.514892578125,1316.901123046875,159.16192626953125,1,16.730653762817383,5209.7763671875,5508.83740234375,-190.5024871826172,-159.28245544433594,-180.4140625,765.397705078125,904.896484375,338.8507080078125,1,18.352680206298828,5559.56201171875,5607.119140625,-210.8621063232422,-171.22903442382812,58.55322265625,1024.42236328125,809.4678955078125,-52.11430740356445,1,21.741252899169922,6675.4345703125,6434.04833984375,-251.32833862304688,-194.27633666992188,8.926025390625,901.736572265625,1325.365966796875,52.094207763671875,1,15.590520858764648,5017.6689453125,4944.4462890625,-181.10357666015625,-139.54629516601562,-252.469970703125,925.85693359375,1313.0045166015625,10.848037719726562,1,16.228395462036133,5271.23876953125,5539.18896484375,-185.8483428955078,-151.50306701660156,-411.462890625,785.358642578125,707.3258056640625,233.31251525878906,1,24.334575653076172,7859.3212890625,7607.14453125,-301.3055114746094,-236.41139221191406,187.498291015625,840.672607421875,673.7315673828125,82.96009826660156,1,25.513513565063477,7874.01806640625,7505.7080078125,-314.6649475097656,-249.33334350585938,612.28125,654.0087890625,363.5982666015625,319.392822265625,1,26.16347885131836,8227.759765625,6968.150390625,-332.3451843261719,-238.56289672851562,757.28076171875,826.4091796875,296.514892578125,80.10552978515625,1,31.306819915771484,9733.953125,8856.376953125,-394.0897521972656,-301.8434143066406,925.552734375,974.722900390625,1168.1900634765625,115.02203369140625,1,16.663053512573242,4974.896484375,4897.14404296875,-186.6673126220703,-147.0803985595703,-13.915283203125,882.68994140625,1290.953857421875,16.813995361328125,1,16.0814266204834,4962.81689453125,5088.02197265625,-184.5757293701172,-150.78717041015625,-68.931640625,873.68896484375,1126.944580078125,255.09596252441406,1,17.54357147216797,5579.61669921875,5831.13671875,-201.22264099121094,-165.0152587890625,-286.263671875,1010.5087890625,1072.4425048828125,-16.101539611816406,1,18.854440689086914,5652.087890625,5619.615234375,-214.76678466796875,-172.137451171875,72.931640625,636.5654296875,731.2701416015625,373.36627197265625,1,18.210535049438477,5598.85986328125,5838.748046875,-206.29978942871094,-170.68072509765625,-141.62451171875,971.92041015625,598.6710205078125,-96.43728637695312,1,22.21211051940918,6898.1806640625,7081.99853515625,-247.89083862304688,-199.08355712890625,-382.343505859375,SN000368420812,Pumba,72500.466,2025-12-19T19:08:20.500Z,1765551349705693800,3D
638.987060546875,15.352294921875,423.45098876953125,1,28.629932403564453,8445.9482421875,7705.5126953125,-345.510009765625,-267.0071105957031,922.7568359375,854.711669921875,-64.837646484375,132.99742126464844,1,29.265132904052734,8527.6123046875,8041.54052734375,-334.1051940917969,-259.1029968261719,444.51318359375,949.068115234375,1316.688720703125,157.46469116210938,1,16.829008102416992,5309.40234375,5528.7802734375,-193.3148193359375,-158.7138214111328,-211.4951171875,767.350830078125,904.1595458984375,339.00457763671875,1,19.2183837890625,5933.3798828125,5599.36767578125,-229.60060119628906,-176.81651306152344,213.18212890625,1030.23095703125,808.6444091796875,-50.8101806640625,1,21.430631637573242,6546.3271484375,6323.884765625,-246.00845336914062,-190.379150390625,-6.295654296875,900.3583984375,1326.530029296875,48.405731201171875,1,15.424952507019043,4840.96875,4836.1865234375,-176.7860107421875,-139.19247436523438,-175.092041015625,926.27587890625,1315.219970703125,7.865821838378906,1,15.335996627807617,4660.013671875,4827.2236328125,-171.01536560058594,-140.22314453125,-140.45263671875,784.75048828125,706.902099609375,233.6438446044922,1,24.230243682861328,7742.900390625,7492.39892578125,-299.1239318847656,-235.6954345703125,260.44775390625,841.200439453125,673.18701171875,83.47541809082031,1,25.360063552856445,7888.8779296875,7568.29833984375,-312.0958251953125,-247.31854248046875,508.597900390625,656.369384765625,361.5303955078125,320.091796875,1,26.380462646484375,8335.8505859375,6933.71044921875,-338.0133972167969,-239.51849365234375,810.247802734375,826.123779296875,295.460693359375,78.59754943847656,1,29.06865692138672,9084.50390625,8185.97412109375,-360.3882141113281,-270.07110595703125,618.88623046875,972.704345703125,1169.1746826171875,114.12065124511719,1,16.596940994262695,4993.5439453125,4889.7978515625,-186.1249237060547,-145.3062744140625,-55.14794921875,883.130859375,1292.50537109375,11.724601745605469,1,15.659614562988281,4814.107421875,5011.3857421875,-176.99655151367188,-146.00344848632812,-134.57421875,869.624267578125,1128.756103515625,253.2932586669922,1,17.56661605834961,5748.94140625,5416.1083984375,-209.59942626953125,-154.9912109375,-219.885009765625,1011.611083984375,1071.7841796875,-15.210502624511719,1,19.436067581176758,5895.142578125,5835.2158203125,-224.43057250976562,-179.283935546875,89.965576171875,641.871337890625,727.63623046875,373.24395751953125,1,18.50336456298828,5638.654296875,6076.90234375,-208.2643280029297,-178.44825744628906,-126.184326171875,975.409912109375,598.4984130859375,-97.02833557128906,1,23.201627731323242,7051.5966796875,7227.36474609375,-261.79852294921875,-213.61642456054688,-112.787353515625,SN000368420812,Pumba,72500.6,2025-12-19T19:08:20.613Z,1765551349737583400,3D
635.779052734375,18.755615234375,417.8255615234375,1,29.69457244873047,8783.359375,7906.6650390625,-363.3340148925781,-279.4672546386719,1092.53173828125,849.79736328125,-60.391845703125,132.21893310546875,1,28.039199829101562,8003.65869140625,7642.87841796875,-312.4029846191406,-244.607177734375,379.002685546875,948.336669921875,1310.716796875,161.1803741455078,1,16.198822021484375,5016.30419921875,5283.888671875,-182.60794067382812,-151.732421875,-200.6787109375,765.864013671875,906.810791015625,339.0181884765625,1,18.660844802856445,5622.3173828125,5620.2939453125,-215.97299194335938,-175.05564880371094,149.64306640625,1025.07958984375,811.1488037109375,-51.321746826171875,1,21.971025466918945,6666.0927734375,6526.37890625,-252.64198303222656,-199.1405487060547,64.160888671875,899.27197265625,1323.33203125,53.35234069824219,1,15.479387283325195,4875.04248046875,4843.650390625,-178.15670776367188,-139.52734375,-172.185791015625,925.110595703125,1314.1180419921875,12.588905334472656,1,16.48978042602539,5324.759765625,5609.8896484375,-189.44729614257812,-155.61277770996094,-358.958984375,786.477294921875,707.380126953125,232.8744659423828,1,24.245765686035156,7659.4169921875,7512.7109375,-297.52581787109375,-238.23550415039062,311.640380859375,842.0234375,673.933837890625,83.36932373046875,1,25.421667098999023,7887.40771484375,7665.673828125,-311.6581115722656,-249.7796630859375,495.931884765625,660.09375,364.035888671875,320.5294189453125,1,25.842548370361328,8003.689453125,6905.89404296875,-324.73626708984375,-237.71533203125,784.657470703125,826.56298828125,298.450439453125,80.2315673828125,1,30.557584762573242,9643.4501953125,8411.8515625,-387.9236145019531,-284.9883117675781,834.10009765625,973.146728515625,1166.88330078125,114.88911437988281,1,16.72943878173828,4967.34375,4883.814453125,-187.59054565429688,-148.18482971191406,26.104248046875,882.741455078125,1290.4765625,15.747810363769531,1,16.029903411865234,4867.79296875,5080.80908203125,-182.12518310546875,-151.975341796875,-31.584228515625,871.66943359375,1128.217529296875,254.0097198486328,1,17.83898162841797,5853.5576171875,5583.62109375,-213.40013122558594,-159.8734893798828,-224.469482421875,1011.587646484375,1072.974365234375,-15.497802734375,1,19.14351463317871,5771.3251953125,5633.3173828125,-220.5767059326172,-174.19937133789062,116.72802734375,638.233154296875,733.4722900390625,373.26873779296875,1,18.06255531311035,5542.818359375,5672.017578125,-205.12969970703125,-166.8225555419922,-110.46728515625,975.629638671875,600.51806640625,-95.01002502441406,1,23.826068878173828,7325.9892578125,7472.33056640625,-272.09014892578125,-220.96055603027344,-114.029541015625,SN000368420812,Pumba,72500.733,2025-12-19T19:08:20.740Z,1765551349769778600,3D
637.525634765625,17.88720703125,417.9058837890625,1,28.264785766601562,8393.6806640625,7598.67919921875,-341.10858154296875,-260.7469482421875,842.082275390625,850.078369140625,-61.2060546875,130.8953857421875,1,28.26076316833496,8141.16748046875,7720.65625,-317.5777282714844,-246.95086669921875,378.885986328125,948.705322265625,1313.1624755859375,159.6277618408203,1,16.647462844848633,5140.36279296875,5394.2685546875,-189.39541625976562,-157.70468139648438,-130.492919921875,766.311767578125,906.8292236328125,339.03857421875,1,19.063213348388672,5797.10546875,5823.4453125,-222.31268310546875,-180.8852996826172,141.663818359375,1026.564208984375,811.562255859375,-51.30249786376953,1,21.43267059326172,6478.72412109375,6415.7744140625,-243.68714904785156,-193.4307403564453,1.11376953125,900.12255859375,1325.519287109375,51.417327880859375,1,15.2998046875,4808.115234375,4762.53515625,-175.42706298828125,-136.81776428222656,-179.1435546875,925.916748046875,1315.359130859375,10.789924621582031,1,15.39101791381836,4674.8095703125,4779.71435546875,-172.66226196289062,-140.14942932128906,-104.3359375,786.549560546875,707.448486328125,232.72801208496094,1,23.813030242919922,7409.4384765625,7349.98046875,-288.9756164550781,-234.39901733398438,340.162109375,842.167236328125,673.98486328125,83.07127380371094,1,24.914485931396484,7694.6728515625,7533.79931640625,-302.8772277832031,-243.89761352539062,445.38134765625,660.42822265625,363.6002197265625,320.4410400390625,1,26.546175003051758,8324.2255859375,7028.806640625,-338.53564453125,-243.58575439453125,842.08740234375,826.844970703125,298.1129150390625,79.60148620605469,1,29.025407791137695,9114.47265625,8194.22265625,-360.3611145019531,-268.8785095214844,580.58935546875,972.567138671875,1167.7318115234375,114.28607177734375,1,16.58331298828125,4950.7802734375,4859.357421875,-185.5309295654297,-145.6552276611328,-21.48193359375,883.05712890625,1292.533447265625,14.091598510742188,1,15.694703102111816,4761.1455078125,4947.35498046875,-177.22439575195312,-146.84332275390625,-60.942626953125,871.121826171875,1128.8590087890625,253.60963439941406,1,16.992298126220703,5368.11279296875,5474.30908203125,-194.23171997070312,-155.46051025390625,-254.074462890625,1011.4990234375,1073.652099609375,-16.038665771484375,1,19.16149139404297,5813.37255859375,5729.92041015625,-220.48568725585938,-175.025634765625,61.246337890625,639.6181640625,732.6356201171875,373.84844970703125,1,18.559261322021484,5851.0224609375,5924.7177734375,-214.84873962402344,-172.0968017578125,-172.92578125,978.789306640625,600.21044921875,-94.51365661621094,1,24.159648895263672,7418.9775390625,7620.6171875,-276.55291748046875,-226.6352081298828,-82.14794921875,SN000368420812,Pumba,72500.833,2025-12-19T19:08:20.840Z,1765551349801999200,3D
637.463134765625,17.166259765625,417.7777099609375,1,29.256223678588867,8658.5888671875,7768.244140625,-357.0634765625,-273.3272705078125,1040.363037109375,850.258544921875,-61.909423828125,129.780029296875,1,28.414981842041016,7963.5712890625,7854.75439453125,-314.6011962890625,-255.62489318847656,501.82177734375,948.444580078125,1313.5498046875,159.70321655273438,1,16.61054039001465,5199.771484375,5414.3017578125,-189.8485870361328,-156.0841064453125,-189.601806640625,766.617919921875,906.173095703125,339.3447265625,1,19.25530433654785,5969.7783203125,5522.6337890625,-231.73204040527344,-175.45091247558594,238.407470703125,1026.368408203125,811.6212158203125,-51.49937057495117,1,22.055566787719727,6737.7431640625,6473.3154296875,-256.0782165527344,-198.4609832763672,88.6201171875,899.0888671875,1324.7762451171875,51.65885925292969,1,15.178268432617188,4737.29638671875,4816.384765625,-171.86708068847656,-137.32716369628906,-208.775390625,924.673828125,1314.3682861328125,10.934761047363281,1,16.931974411010742,5491.111328125,5949.8251953125,-194.35557556152344,-164.18014526367188,-403.83935546875,786.422119140625,707.1190185546875,232.8400115966797,1,25.385038375854492,8446.78515625,8231.3623046875,-318.72235107421875,-249.38363647460938,31.77978515625,842.088623046875,673.722412109375,83.10432434082031,1,25.004364013671875,7709.8095703125,7646.548828125,-302.98779296875,-246.7266082763672,430.16064453125,660.180419921875,363.0587158203125,320.29388427734375,1,25.793039321899414,8091.09716796875,6865.1572265625,-326.0867919921875,-234.0658721923828,720.373291015625,826.959228515625,297.673828125,79.18177795410156,1,29.162742614746094,9137.830078125,8185.9189453125,-362.6937561035156,-270.4412841796875,628.7587890625,972.32666015625,1167.754638671875,114.62139892578125,1,16.837284088134766,5018.34521484375,4928.07080078125,-189.4021453857422,-149.38497924804688,22.516357421875,881.913330078125,1291.3837890625,14.713027954101562,1,15.899921417236328,4887.11474609375,5075.2421875,-180.82998657226562,-149.2838897705078,-98.616943359375,870.9208984375,1128.617919921875,254.01014709472656,1,17.406888961791992,5506.9130859375,5675.205078125,-199.96778869628906,-162.15940856933594,-237.14794921875,1011.320068359375,1073.7843017578125,-15.857559204101562,1,19.309226989746094,5845.0517578125,5700.904296875,-223.42599487304688,-176.33065795898438,119.166259765625,640.454833984375,731.4952392578125,374.28515625,1,19.133731842041016,6102.830078125,5799.49755859375,-228.63873291015625,-173.69676208496094,-30.056396484375,977.57421875,600.5006103515625,-95.21949005126953,1,23.016149520874023,7042.55859375,7352.7568359375,-257.3240661621094,-212.2422332763672,-249.7744140625,SN000368420812,Pumba,72500.933,2025-12-19T19:08:20.947Z,1765551349833492100,3D
632.1669921875,19.815185546875,424.68133544921875,1,28.97560691833496,8494.0654296875,7786.2099609375,-349.9912414550781,-272.7730712890625,1011.24462890625,848.083251953125,-62.142822265625,130.1067352294922,1,28.558483123779297,8195.8798828125,7805.23046875,-321.4306945800781,-251.74026489257812,438.330078125,947.810302734375,1311.2506103515625,160.53976440429688,1,16.31308364868164,5039.869140625,5474.3271484375,-182.1855010986328,-155.84471130371094,-244.073486328125,766.115966796875,904.19189453125,339.18121337890625,1,18.425146102905273,5679.740234375,5355.1806640625,-217.23374938964844,-165.93218994140625,119.773193359375,1031.680908203125,809.7752685546875,-50.17741012573242,1,21.696014404296875,6616.5009765625,6394.419921875,-249.98800659179688,-194.1765594482422,38.04443359375,898.9970703125,1324.6630859375,52.69459533691406,1,15.323732376098633,4804.6650390625,4807.03662109375,-175.1971435546875,-138.03562927246094,-182.46435546875,924.37451171875,1314.09423828125,11.970367431640625,1,15.40494155883789,4594.8896484375,4867.96044921875,-170.30398559570312,-143.6234588623047,-82.784423828125,783.099853515625,706.1878662109375,233.18055725097656,1,24.320241928100586,7717.8095703125,7608.65234375,-298.3812255859375,-239.45510864257812,267.144775390625,839.126953125,672.185546875,83.98146057128906,1,25.46816062927246,7948.25146484375,7657.841796875,-313.4925537109375,-248.97439575195312,480.819091796875,655.721923828125,363.1082763671875,320.42291259765625,1,25.834716796875,8158.90478515625,6794.16162109375,-328.7654724121094,-232.08099365234375,724.551513671875,823.53857421875,296.7298583984375,78.95065307617188,1,30.052698135375977,9321.9873046875,8495.31640625,-374.2122802734375,-285.4982604980469,780.747314453125,969.6728515625,1165.338623046875,114.71345520019531,1,16.685558319091797,4987.07568359375,4883.17919921875,-187.3521728515625,-146.94143676757812,-6.412353515625,881.156005859375,1292.0921630859375,15.443748474121094,1,15.69876766204834,4725.35400390625,5019.0537109375,-175.8008270263672,-148.9115753173828,-63.472900390625,866.955078125,1127.474853515625,253.0553436279297,1,17.055667877197266,5395.2734375,5518.92041015625,-195.09103393554688,-156.60293579101562,-259.486083984375,1008.015625,1071.0347900390625,-15.52545166015625,1,19.28258514404297,5833.404296875,5745.173828125,-222.3307647705078,-176.84703063964844,97.400146484375,643.267333984375,727.7099609375,374.8289794921875,1,18.201406478881836,5523.2724609375,5660.3095703125,-206.95001220703125,-169.65817260742188,-25.77099609375,967.9189453125,603.6099853515625,-96.53506469726562,1,22.39859390258789,6789.3896484375,7088.56982421875,-247.63494873046875,-204.07310485839844,-255.03369140625,SN000368420812,Pumba,72501.033,2025-12-19T19:08:21.059Z,1765551349865512500,3D
635.025146484375,12.276123046875,423.50836181640625,1,29.657562255859375,8771.9736328125,7808.2265625,-364.4493713378906,-278.422607421875,1143.64306640625,851.204345703125,-68.4609375,130.93829345703125,1,28.790679931640625,8320.5537109375,7956.95458984375,-325.1622619628906,-255.11802673339844,406.43994140625,948.248779296875,1313.645751953125,161.49461364746094,1,16.405933380126953,5037.5634765625,5458.8408203125,-183.51181030273438,-157.14060974121094,-197.234619140625,768.135009765625,903.8487548828125,339.9580078125,1,19.14301109313965,5888.552734375,5543.9365234375,-228.36790466308594,-175.71153259277344,228.262451171875,1033.277099609375,810.1513671875,-51.04536437988281,1,21.56747055053711,6581.36279296875,6303.37646484375,-248.3531036376953,-191.0405731201172,27.73486328125,897.71240234375,1323.657470703125,52.91300964355469,1,15.266783714294434,4765.3828125,4777.21875,-174.0603790283203,-137.56268310546875,-171.1279296875,923.742431640625,1314.5262451171875,11.73162841796875,1,16.085783004760742,5138.87109375,5459.689453125,-182.43258666992188,-151.0597381591797,-359.52001953125,786.00830078125,705.692626953125,233.9707794189453,1,25.52111053466797,8444.9775390625,8295.0302734375,-319.8457336425781,-252.79107666015625,71.25634765625,839.612060546875,672.6370849609375,82.11880493164062,1,25.50714874267578,7945.0380859375,7748.02197265625,-312.9471130371094,-251.16566467285156,466.7431640625,656.928466796875,359.877685546875,322.2476806640625,1,25.552623748779297,7992.73828125,6915.1572265625,-320.6693115234375,-233.43482971191406,663.521728515625,826.939208984375,293.733154296875,80.24957275390625,1,29.874364852905273,9342.994140625,8282.48046875,-374.9721374511719,-279.0375671386719,779.705810546875,974.3740234375,1169.12353515625,115.15069580078125,1,16.660348892211914,4957.39697265625,4920.19091796875,-186.0430450439453,-147.8188018798828,-12.773681640625,881.670654296875,1289.5982666015625,15.518592834472656,1,15.898171424865723,4789.337890625,5005.77783203125,-179.86541748046875,-150.57691955566406,-8.597412109375,872.783447265625,1128.8209228515625,255.8748016357422,1,17.18671417236328,5442.517578125,5556.34521484375,-197.40048217773438,-158.39439392089844,-241.90234375,1011.954345703125,1073.992919921875,-16.57647705078125,1,19.236759185791016,5851.0234375,5684.734375,-222.83633422851562,-174.82650756835938,92.1669921875,642.304931640625,727.4215087890625,377.2213134765625,1,19.28302764892578,6029.32568359375,5848.548828125,-228.29908752441406,-178.20594787597656,50.43017578125,971.752197265625,601.091064453125,-96.74675750732422,1,22.30461311340332,6880.150390625,7193.59423828125,-247.51673889160156,-202.83071899414062,-372.2548828125,SN000368420812,Pumba,72501.166,2025-12-19T19:08:21.180Z,1765551349897799700,3D
635.9775390625,15.922607421875,425.90850830078125,1,28.26797103881836,8282.6103515625,7502.90869140625,-339.934326171875,-261.6094055175781,941.76904296875,851.964599609375,-67.30078125,130.16696166992188,1,28.452383041381836,8170.76171875,7729.6201171875,-320.03448486328125,-248.89723205566406,423.435546875,947.589111328125,1313.302490234375,158.6590118408203,1,16.28289031982422,4974.107421875,5480.41943359375,-180.48130798339844,-156.99105834960938,-218.50537109375,764.878662109375,907.3585205078125,338.98638916015625,1,18.352890014648438,5543.19775390625,5625.9443359375,-210.27713012695312,-171.8358612060547,59.587646484375,1035.956787109375,810.8607177734375,-50.59210205078125,1,21.584808349609375,6564.6943359375,6382.29345703125,-247.2475128173828,-192.8253631591797,11.89697265625,900.50244140625,1325.5751953125,49.20915222167969,1,15.265109062194824,4746.62255859375,4822.60888671875,-173.1547088623047,-138.68341064453125,-177.73876953125,927.102294921875,1315.490966796875,8.822402954101562,1,16.207109451293945,5268.9326171875,5594.49072265625,-184.90179443359375,-152.0989227294922,-439.96142578125,784.899169921875,706.35595703125,233.72511291503906,1,24.510753631591797,7844.7216796875,7629.65478515625,-303.00823974609375,-239.90081787109375,262.153076171875,842.629150390625,671.299072265625,84.45452880859375,1,25.302371978759766,7895.01708984375,7561.173828125,-311.5424499511719,-246.1248321533203,482.598876953125,657.0185546875,361.37158203125,321.51202392578125,1,26.131338119506836,8222.6572265625,6862.07275390625,-333.1177978515625,-236.56582641601562,789.251953125,828.754638671875,293.739990234375,79.66375732421875,1,30.605403900146484,9463.68359375,8655.759765625,-382.0906677246094,-293.5137634277344,865.08251953125,972.24560546875,1167.5233154296875,113.60957336425781,1,16.620243072509766,4960.56640625,4894.97216796875,-185.79977416992188,-146.6055908203125,-24.783447265625,884.096923828125,1292.396728515625,11.43548583984375,1,15.57557487487793,4688.1767578125,4978.6416015625,-173.90528869628906,-147.07347106933594,-79.90625,870.11865234375,1130.53759765625,253.6158905029297,1,17.114789962768555,5419.119140625,5521.4482421875,-196.21853637695312,-156.96604919433594,-251.862060546875,1013.381103515625,1073.7987060546875,-16.972091674804688,1,19.283859252929688,5801.94384765625,5808.76416015625,-220.96575927734375,-178.54031372070312,91.413330078125,636.279052734375,733.14013671875,372.65484619140625,1,17.977169036865234,5402.658203125,5577.0400390625,-202.47142028808594,-167.22335815429688,-23.693603515625,970.806396484375,604.3436279296875,-99.09945678710938,1,23.57346534729004,7192.861328125,7378.6005859375,-267.6876220703125,-218.89207458496094,-93.870361328125,SN000368420812,Pumba,72501.266,2025-12-19T19:08:21.282Z,1765551349929315500,3D
635.197021484375,13.737060546875,423.10540771484375,1,30.61919403076172,9128.109375,8088.54541015625,-380.1104431152344,-289.6936340332031,1218.392333984375,851.311767578125,-69.30517578125,130.53147888183594,1,28.506927490234375,8183.95263671875,7740.9423828125,-320.88397216796875,-249.67918395996094,435.131591796875,951.918701171875,1310.765380859375,159.6816864013672,1,16.096355438232422,4920.06298828125,5388.19384765625,-178.12196350097656,-153.80303955078125,-229.2734375,766.4169921875,904.9114990234375,338.62115478515625,1,18.473613739013672,5644.380859375,5322.986328125,-217.72232055664062,-167.23101806640625,180.0712890625,1029.4287109375,808.18701171875,-51.688720703125,1,21.926925659179688,6628.4228515625,6373.65625,-252.9808807373047,-196.72488403320312,122.412353515625,900.6083984375,1328.27978515625,52.685699462890625,1,15.23481559753418,4763.9306640625,4764.9169921875,-173.73199462890625,-136.85000610351562,-180.197509765625,925.574462890625,1319.89453125,10.809593200683594,1,15.365427017211914,4659.142578125,4813.0263671875,-171.5946502685547,-140.5584259033203,-120.16943359375,785.73779296875,705.6939697265625,233.62120056152344,1,24.155750274658203,7663.587890625,7538.70458984375,-296.06524658203125,-237.0016632080078,258.032958984375,841.0087890625,670.4544677734375,83.21287536621094,1,25.04783821105957,7764.74560546875,7530.6123046875,-305.8633728027344,-244.2360382080078,456.93408203125,656.862548828125,360.545166015625,321.61297607421875,1,25.69926643371582,7928.65576171875,7096.5390625,-319.071044921875,-239.92361450195312,690.518798828125,828.658935546875,292.2911376953125,80.00895690917969,1,29.608598709106445,9288.7138671875,8254.798828125,-370.29937744140625,-274.92236328125,692.60498046875,974.96337890625,1166.8970947265625,110.72598266601562,1,16.63516616821289,4934.73583984375,4905.53076171875,-185.42449951171875,-147.669189453125,-4.99609375,882.482666015625,1296.8975830078125,14.067840576171875,1,15.537912368774414,4675.38232421875,4999.09228515625,-172.91580200195312,-147.0569305419922,-96.73583984375,872.238037109375,1127.1527099609375,250.43800354003906,1,17.220991134643555,5493.7021484375,5639.236328125,-197.78550720214844,-158.97177124023438,-293.000732421875,1016.765380859375,1072.3109130859375,-19.211524963378906,1,19.15316390991211,5807.4619140625,5687.39453125,-220.72691345214844,-174.3211669921875,76.620361328125,638.28564453125,730.159423828125,373.311279296875,1,18.668045043945312,5735.24072265625,5853.9150390625,-215.04766845703125,-175.64674377441406,-21.8837890625,971.154052734375,598.3809814453125,-96.0930404663086,1,23.32107925415039,7080.36767578125,7399.345703125,-262.1734619140625,-217.921630859375,-136.289306640625,SN000368420812,Pumba,72501.366,2025-12-19T19:08:21.388Z,1765551349961303600,3D
637.1826171875,16.1201171875,424.66607666015625,1,28.57330322265625,8426.2705078125,7617.697265625,-345.36761474609375,-265.1042175292969,942.59765625,851.88525390625,-65.738525390625,133.9207305908203,1,29.055255889892578,8346.755859375,7859.97705078125,-329.725341796875,-256.6551818847656,525.036865234375,948.9375,1315.990234375,156.72425842285156,1,15.883953094482422,4874.146484375,5323.7197265625,-174.9536895751953,-150.06175231933594,-276.963134765625,765.058837890625,905.2960205078125,339.0562744140625,1,18.98194694519043,5941.6259765625,5594.66015625,-226.62767028808594,-172.57797241210938,104.3681640625,1023.59375,810.672119140625,-51.5206298828125,1,22.452293395996094,6808.384765625,6587.45849609375,-260.9990539550781,-204.7270050048828,163.600341796875,905.383056640625,1327.7593994140625,45.9034423828125,1,15.649312973022461,4905.3291015625,4780.7568359375,-181.78298950195312,-140.73146057128906,-89.79296875,932.525146484375,1315.578125,6.5321044921875,1,15.874399185180664,5122.615234375,5429.83154296875,-179.8201141357422,-147.6627197265625,-425.834716796875,784.170654296875,706.2545166015625,233.5885467529297,1,24.14401626586914,7638.841796875,7429.16796875,-296.700439453125,-235.6515655517578,309.967041015625,839.42919921875,671.8753662109375,83.41757202148438,1,25.854267120361328,8129.150390625,7746.3359375,-320.8760986328125,-252.36013793945312,499.83349609375,656.639404296875,361.4857177734375,321.01123046875,1,24.640548706054688,7622.75732421875,6767.720703125,-303.20013427734375,-224.56846618652344,546.18017578125,829.81787109375,294.563720703125,80.50192260742188,1,31.04159164428711,9823.94140625,8533.76171875,-395.9688720703125,-290.2273254394531,875.57421875,972.516845703125,1167.0843505859375,114.67955017089844,1,17.375038146972656,5269.2119140625,5125.1435546875,-198.7530059814453,-155.21514892578125,19.440185546875,888.51953125,1294.50048828125,8.482147216796875,1,16.11990737915039,4897.1181640625,5095.62060546875,-183.8544921875,-153.20225524902344,-10.874267578125,869.573974609375,1128.46240234375,253.60511779785156,1,17.22759246826172,5442.37646484375,5592.93359375,-197.26527404785156,-159.33657836914062,-246.18603515625,1011.637939453125,1073.8782958984375,-16.786361694335938,1,19.210731506347656,5845.2197265625,5712.80322265625,-221.68148803710938,-174.50564575195312,61.168212890625,638.298095703125,730.05322265625,372.87677001953125,1,18.638900756835938,5800.279296875,6100.2919921875,-212.70603942871094,-177.1045684814453,-180.6171875,978.67626953125,597.5968017578125,-93.04405975341797,1,23.71242904663086,7268.2666015625,7547.533203125,-268.8193664550781,-221.8596649169922,-150.43505859375,SN000368420812,Pumba,72501.5,2025-12-19T19:08:21.505Z,1765551349994015000,3D
632.824462890625,18.698486328125,417.90643310546875,1,28.65542984008789,8374.306640625,7735.9150390625,-344.0424499511719,-269.4584655761719,963.5107421875,847.7431640625,-60.845703125,132.11363220214844,1,28.301607131958008,8077.3916015625,7706.84912109375,-316.6449279785156,-248.3665008544922,427.58203125,949.803955078125,1313.7154541015625,159.2943878173828,1,16.88115692138672,5246.54052734375,5612.77734375,-192.0110321044922,-162.57388305664062,-176.294189453125,765.14013671875,904.60009765625,339.52978515625,1,18.59239387512207,5631.9658203125,5720.8388671875,-214.17327880859375,-175.39065551757812,77.9462890625,1020.882568359375,809.7459716796875,-49.3450813293457,1,21.388025283813477,6467.9814453125,6346.6845703125,-243.7869415283203,-191.97508239746094,17.818359375,900.05419921875,1326.523193359375,51.93702697753906,1,15.55247974395752,4866.80615234375,4839.56884765625,-178.8664093017578,-140.6767120361328,-138.373291015625,924.65869140625,1314.730224609375,11.13433837890625,1,16.269779205322266,5203.380859375,5648.75927734375,-183.5325164794922,-155.1072998046875,-403.5263671875,782.851318359375,707.467041015625,232.4766387939453,1,23.932374954223633,7566.88330078125,7474.7900390625,-292.08331298828125,-234.6471710205078,246.71435546875,839.313720703125,672.9580078125,83.73747253417969,1,25.31791877746582,7858.95654296875,7694.9375,-309.4281311035156,-249.21661376953125,457.517578125,659.93017578125,363.5455322265625,321.1553955078125,1,25.097827911376953,7935.4638671875,6809.3486328125,-314.7099609375,-225.49729919433594,537.485595703125,826.19384765625,297.767333984375,80.38414001464844,1,29.423095703125,9178.333984375,8297.9921875,-365.2095031738281,-275.0596923828125,661.635498046875,970.146240234375,1165.98388671875,114.35224914550781,1,16.650806427001953,4963.13037109375,4880.681640625,-186.43759155273438,-146.84976196289062,-6.8447265625,881.033935546875,1293.818115234375,15.469779968261719,1,15.916900634765625,4888.14208984375,5009.3603515625,-181.7259979248047,-148.3659210205078,-70.18896484375,868.381591796875,1126.234619140625,252.7814178466797,1,17.123729705810547,5435.44921875,5642.11669921875,-195.31460571289062,-158.7119598388672,-302.207763671875,1011.031005859375,1071.641357421875,-14.844558715820312,1,19.162717819213867,5779.576171875,5671.4228515625,-220.6074981689453,-174.99989318847656,107.446044921875,639.54248046875,730.458740234375,375.76519775390625,1,18.31158447265625,5748.96484375,5834.560546875,-210.60232543945312,-168.8721160888672,-186.317138671875,971.4541015625,599.7001953125,-94.71556091308594,1,23.21611213684082,7115.814453125,7279.41455078125,-262.12969970703125,-212.58448791503906,-181.8916015625,SN000368420812,Pumba,72501.6,2025-12-19T19:08:21.618Z,1765551350025202000,3D
636.08935546875,21.34521484375,419.08245849609375,1,28.957380294799805,8528.1943359375,7969.00927734375,-348.5384216308594,-274.87261962890625,920.480224609375,847.641845703125,-60.703857421875,129.62469482421875,1,28.884029388427734,8300.748046875,7802.09375,-327.99102783203125,-254.9049072265625,524.89404296875,948.826171875,1311.90283203125,159.69383239746094,1,16.044330596923828,4913.4345703125,5429.69140625,-176.7262420654297,-153.62515258789062,-267.25390625,769.99951171875,905.2691650390625,339.82293701171875,1,18.861228942871094,5796.1630859375,5439.93408203125,-224.20175170898438,-171.7148895263672,205.45166015625,1028.640625,808.4034423828125,-50.15974044799805,1,21.865299224853516,6644.14013671875,6559.9169921875,-250.96426391601562,-199.0896759033203,35.895751953125,896.953369140625,1324.239501953125,53.230010986328125,1,15.500358581542969,4810.36279296875,4788.93115234375,-177.8858642578125,-140.5762939453125,-100.464111328125,921.501708984375,1314.338134765625,11.867477416992188,1,15.836151123046875,5022.6767578125,5473.20556640625,-176.7768096923828,-149.86862182617188,-401.994873046875,783.5283203125,709.09326171875,232.8122100830078,1,24.16656494140625,7586.88037109375,7527.9931640625,-295.0423278808594,-239.00489807128906,319.822265625,841.36962890625,673.7784423828125,84.71253967285156,1,25.149507522583008,7801.720703125,7566.66552734375,-307.7150573730469,-245.89724731445312,472.150634765625,656.35302734375,366.024169921875,319.49432373046875,1,25.951679229736328,8133.365234375,6918.1123046875,-328.37200927734375,-236.52957153320312,743.373291015625,827.2607421875,298.465576171875,80.17707824707031,1,30.44122886657715,9506.779296875,8470.3515625,-383.2001647949219,-287.2793273925781,848.064453125,971.348876953125,1167.0859375,113.0150146484375,1,16.648635864257812,4966.5478515625,4909.041015625,-186.19708251953125,-147.2447509765625,-19.0859375,878.955810546875,1291.3048095703125,16.41785430908203,1,15.88223648071289,4797.880859375,5053.1376953125,-179.3013153076172,-150.90074157714844,-37.957763671875,870.2158203125,1128.0836181640625,252.2025604248047,1,17.115428924560547,5368.337890625,5483.68212890625,-195.8329620361328,-157.7304229736328,-201.294189453125,1008.77294921875,1069.86669921875,-15.776847839355469,1,19.22588539123535,5898.09375,5786.974609375,-222.22032165527344,-174.93215942382812,13.03564453125,639.88134765625,733.4005126953125,371.230712890625,1,18.498153686523438,5687.947265625,5850.271484375,-211.6951141357422,-173.5756072998047,-73.964599609375,972.000732421875,600.0853271484375,-95.55182647705078,1,25.569316864013672,7847.1572265625,8064.09912109375,-298.172119140625,-246.8783721923828,100.119873046875,SN000368420812,Pumba,72501.733,2025-12-19T19:08:21.757Z,1765551350057535400,3D
630.9130859375,22.754150390625,425.1907958984375,1,28.37297821044922,8382.556640625,7639.11181640625,-341.9517517089844,-263.54119873046875,883.89453125,845.514404296875,-59.452880859375,139.41790771484375,1,28.213008880615234,7929.4208984375,7879.658203125,-311.1727294921875,-253.70252990722656,430.78515625,947.860107421875,1314.8359375,159.38275146484375,1,16.320402145385742,4994.9287109375,5505.6591796875,-180.98826599121094,-157.40725708007812,-227.6748046875,767.177001953125,904.993896484375,339.5706787109375,1,18.99703025817871,5865.103515625,5508.6640625,-226.27728271484375,-173.1404266357422,188.243408203125,1026.885986328125,809.3193359375,-51.1380500793457,1,21.636417388916016,6577.55419921875,6291.40185546875,-249.4462127685547,-192.22186279296875,68.705078125,897.2666015625,1325.755126953125,52.0020751953125,1,15.18222427368164,4747.3466796875,4730.35595703125,-173.230712890625,-135.9606170654297,-176.128662109375,922.246826171875,1314.960205078125,11.058265686035156,1,16.113876342773438,5157.90087890625,5559.798828125,-182.0767364501953,-152.74241638183594,-395.06787109375,782.897216796875,709.6580810546875,232.6098175048828,1,24.579530715942383,7708.0654296875,7495.7177734375,-303.22882080078125,-242.5530548095703,439.941650390625,841.867431640625,674.125732421875,84.80567932128906,1,25.454723358154297,7881.87890625,7774.8232421875,-310.6865234375,-252.12045288085938,470.627197265625,657.1796875,365.698974609375,319.728759765625,1,25.673032760620117,7922.6201171875,6802.6806640625,-322.4020080566406,-235.49618530273438,808.4228515625,826.11181640625,298.47509765625,78.82469177246094,1,29.294418334960938,9156.462890625,8217.26171875,-364.40509033203125,-272.6470031738281,662.23193359375,971.03076171875,1168.4832763671875,114.12413024902344,1,16.71608543395996,4974.5107421875,4910.4677734375,-187.21360778808594,-148.18209838867188,4.669921875,879.4306640625,1292.294921875,15.501739501953125,1,15.758092880249023,4781.65576171875,4981.08984375,-178.2194061279297,-148.13906860351562,-53.57177734375,869.560791015625,1127.5301513671875,252.88682556152344,1,17.22087860107422,5468.171875,5621.4853515625,-197.43215942382812,-159.1945343017578,-272.849853515625,1009.16943359375,1070.94970703125,-14.624778747558594,1,19.003231048583984,5720.4560546875,5621.9501953125,-217.95632934570312,-172.9762725830078,93.3447265625,639.02734375,732.0244140625,374.5306396484375,1,18.78814125061035,5761.16552734375,6008.2802734375,-215.1134033203125,-179.16893005371094,-52.0361328125,976.759521484375,598.7147216796875,-94.816162109375,1,21.86348533630371,6579.20068359375,6977.0341796875,-238.21852111816406,-198.8312530517578,-304.89892578125,SN000368420812,Pumba,72501.866,2025-12-19T19:08:21.873Z,1765551350105705500,3D
632.64990234375,20.889404296875,427.381103515625,1,28.50531768798828,8472.857421875,7615.7158203125,-346.0611267089844,-263.72064208984375,907.389892578125,843.185546875,-60.399169921875,138.46681213378906,1,29.10692596435547,8456.05078125,7912.169921875,-332.75341796875,-256.8733215332031,488.944091796875,949.893798828125,1313.26171875,158.3346710205078,1,16.679336547851562,5209.8642578125,5485.7890625,-190.17774963378906,-158.17759704589844,-191.294189453125,766.05712890625,904.4456787109375,339.66937255859375,1,18.94927406311035,5866.79443359375,5450.3359375,-226.49749755859375,-171.57566833496094,193.42138671875,1022.575927734375,809.0174560546875,-52.277732849121094,1,21.862335205078125,6583.8466796875,6456.8740234375,-250.69993591308594,-198.483154296875,102.393310546875,898.321044921875,1323.66162109375,51.70832824707031,1,15.536434173583984,4852.12744140625,4875.5263671875,-178.18939208984375,-141.60606384277344,-142.520751953125,922.24853515625,1311.127197265625,10.78167724609375,1,16.857284545898438,5436.7607421875,5795.8447265625,-194.3365478515625,-162.06295776367188,-336.671142578125,783.9326171875,705.881591796875,232.8328094482422,1,24.27804946899414,7768.0205078125,7559.646484375,-299.6340637207031,-237.1808319091797,245.993896484375,840.865234375,671.9464111328125,84.31471252441406,1,25.354738235473633,7837.71875,7545.2451171875,-311.2917785644531,-248.02276611328125,545.785400390625,659.9521484375,363.1815185546875,323.197265625,1,26.008657455444336,8204.59765625,6906.50830078125,-330.8530578613281,-235.92893981933594,736.703857421875,827.275634765625,297.146240234375,80.20086669921875,1,29.337997436523438,9233.58984375,8136.5458984375,-367.4837341308594,-270.42999267578125,668.02783203125,969.770751953125,1164.72998046875,114.59158325195312,1,16.542001724243164,4940.2314453125,4897.98828125,-184.46917724609375,-145.99143981933594,-43.5234375,878.827880859375,1290.175537109375,16.288543701171875,1,16.023935317993164,4910.26513671875,5060.82373046875,-183.2209014892578,-150.74436950683594,-48.273193359375,869.02294921875,1126.2327880859375,253.74342346191406,1,16.66588020324707,5263.89892578125,5314.6337890625,-189.93409729003906,-150.1754150390625,-266.489990234375,1005.032958984375,1070.020263671875,-16.081558227539062,1,19.2154483795166,5841.28759765625,5699.6728515625,-222.12977600097656,-174.8530731201172,80.90283203125,638.28369140625,731.8448486328125,374.36077880859375,1,18.300739288330078,5563.4140625,5717.89453125,-208.41189575195312,-171.33413696289062,-27.410888671875,976.78564453125,597.6441650390625,-94.11880493164062,1,22.058921813964844,6777.8818359375,7045.783203125,-243.3883819580078,-198.0244140625,-381.4130859375,SN000368420812,Pumba,72502,2025-12-19T19:08:22.000Z,1765551350137619200,3D
629.750244140625,15.41455078125,419.62799072265625,1,28.472492218017578,8482.875,7778.23046875,-343.64715576171875,-265.14208984375,814.906005859375,850.7744140625,-65.677978515625,130.802734375,1,27.997737884521484,7893.4013671875,7547.1533203125,-311.9544677734375,-246.33665466308594,501.60595703125,948.6806640625,1313.01708984375,160.6739044189453,1,16.70363426208496,5197.5537109375,5479.32763671875,-190.21363830566406,-158.6057891845703,-174.73291015625,767.382568359375,904.8817138671875,339.81304931640625,1,18.354595184326172,5568.8759765625,5534.154296875,-212.00830078125,-170.02005004882812,84.915771484375,1026.17333984375,807.0865478515625,-50.62787628173828,1,21.711307525634766,6698.193359375,6487.8681640625,-250.69189453125,-194.03724670410156,-40.560302734375,898.526123046875,1328.8114013671875,53.24098205566406,1,15.493557929992676,4903.90869140625,4875.10302734375,-178.4927215576172,-139.53977966308594,-197.06298828125,923.578369140625,1319.11767578125,11.865684509277344,1,16.537654876708984,5466.1142578125,5737.341796875,-191.22837829589844,-155.041259765625,-476.295166015625,784.663330078125,705.6065673828125,233.38600158691406,1,24.08301544189453,7669.7568359375,7589.251953125,-294.6348571777344,-236.45242309570312,202.92822265625,841.53515625,671.80615234375,83.749267578125,1,25.028732299804688,7737.3759765625,7581.2236328125,-304.6007385253906,-245.4731903076172,449.225830078125,655.2294921875,361.8765869140625,321.52703857421875,1,26.036523818969727,8115.9794921875,6944.03857421875,-328.8370361328125,-238.70867919921875,780.478515625,828.1240234375,294.7562255859375,79.43046569824219,1,29.091529846191406,9051.119140625,8224.6328125,-359.5743713378906,-271.79022216796875,633.5673828125,971.46337890625,1167.5146484375,113.68658447265625,1,16.706382751464844,4997.0517578125,4883.1279296875,-187.82315063476562,-147.05897521972656,-3.249755859375,880.23876953125,1296.922607421875,15.325042724609375,1,16.363372802734375,5102.19677734375,5193.962890625,-189.68756103515625,-153.81503295898438,-73.4140625,869.325927734375,1128.690673828125,253.2214813232422,1,16.782470703125,5351.7646484375,5328.185546875,-192.94981384277344,-150.21994018554688,-276.16748046875,1010.134033203125,1069.8953857421875,-15.249465942382812,1,19.031219482421875,5731.4697265625,5648.57373046875,-218.39715576171875,-173.81204223632812,94.195556640625,638.142822265625,731.3297119140625,372.4530029296875,1,18.305416107177734,5669.3369140625,5762.400390625,-209.95704650878906,-169.62969970703125,-108.359619140625,969.224609375,597.609619140625,-95.17879486083984,1,22.76199722290039,7002.939453125,7231.9208984375,-254.6601104736328,-207.1333770751953,-288.6337890625,SN000368420812,Pumba,72502.1,2025-12-19T19:08:22.102Z,1765551350169801300,3D
628.24267578125,15.171630859375,416.7750244140625,1,27.480920791625977,8118.9326171875,7492.9892578125,-327.0039367675781,-252.86453247070312,717.396728515625,847.01904296875,-64.991455078125,133.1848602294922,1,29.438758850097656,8378.40234375,8119.15869140625,-332.5166015625,-266.47125244140625,578.038330078125,948.286376953125,1317.093017578125,156.17477416992188,1,16.393657684326172,5110.26220703125,5409.64794921875,-185.33407592773438,-154.5152587890625,-227.54638671875,766.26611328125,905.9759521484375,339.4072265625,1,18.678993225097656,5803.90478515625,5490.9638671875,-221.218994140625,-169.1696014404297,96.945556640625,1025.699951171875,807.0169677734375,-48.48303985595703,1,21.823843002319336,6558.8671875,6434.80517578125,-249.92665100097656,-198.0258026123047,107.9365234375,902.544921875,1330.1702880859375,46.3724365234375,1,15.41695785522461,4847.99462890625,4834.29248046875,-177.06808471679688,-139.156982421875,-174.531494140625,928.8046875,1318.2005615234375,6.3368988037109375,1,15.637364387512207,4764.2490234375,4860.77734375,-176.86073303222656,-143.6324005126953,-76.80078125,783.52197265625,706.818115234375,233.5093231201172,1,23.723705291748047,7513.56640625,7395.04248046875,-289.2228088378906,-231.17630004882812,218.436767578125,838.8134765625,672.681884765625,83.27577209472656,1,24.908214569091797,7756.0068359375,7508.90966796875,-304.185791015625,-241.89859008789062,412.23388671875,655.087158203125,362.411865234375,321.213134765625,1,25.665283203125,8013.8173828125,6922.638671875,-322.4431457519531,-234.8837127685547,696.01416015625,824.9384765625,295.461181640625,80.52104187011719,1,28.804519653320312,8923.419921875,8159.572265625,-353.98223876953125,-268.84820556640625,607.57373046875,971.06982421875,1168.3203125,113.39599609375,1,16.61323356628418,4944.505859375,4864.31494140625,-185.849853515625,-146.49732971191406,-3.092529296875,884.71533203125,1297.364013671875,8.99127197265625,1,16.038110733032227,4929.2236328125,5122.47998046875,-183.13502502441406,-151.60696411132812,-74.78369140625,867.499755859375,1129.9427490234375,252.0347442626953,1,17.528427124023438,5686.29736328125,5414.09423828125,-208.18763732910156,-156.1109619140625,-188.54150390625,1011.924560546875,1070.2802734375,-14.64910888671875,1,19.401769638061523,5816.8994140625,5770.79345703125,-223.20066833496094,-179.48069763183594,146.831787109375,638.828125,730.9830322265625,372.10986328125,1,18.963577270507812,5801.6318359375,6220.64990234375,-215.6387481689453,-184.33154296875,-85.113037109375,972.0546875,596.9825439453125,-94.97322845458984,1,22.92202377319336,6949.0419921875,7162.4638671875,-257.041259765625,-210.53948974609375,-142.510009765625,SN000368420812,Pumba,72502.2,2025-12-19T19:08:22.210Z,1765551350201505500,3D
636.2890625,15.369384765625,424.74267578125,1,27.47738265991211,8196.94140625,7582.6865234375,-327.42730712890625,-252.43507385253906,634.09033203125,847.585205078125,-67.065185546875,131.8506317138672,1,29.33987808227539,8473.75,7966.298828125,-335.1356201171875,-260.6479797363281,545.85009765625,949.07080078125,1314.7109375,158.89830017089844,1,16.372970581054688,5003.4130859375,5539.951171875,-181.62925720214844,-158.8429412841797,-217.03466796875,767.867919921875,904.2550048828125,339.8433837890625,1,19.122886657714844,5831.6318359375,5901.8037109375,-222.7589569091797,-182.18479919433594,113.381103515625,1026.697265625,806.285400390625,-49.083072662353516,1,21.561479568481445,6593.3154296875,6376.171875,-247.8173828125,-192.00694274902344,-4.9521484375,903.781982421875,1329.158447265625,48.94386291503906,1,15.443620681762695,4903.6708984375,4876.34375,-177.85694885253906,-138.79510498046875,-217.841796875,930.58935546875,1318.5625,8.820198059082031,1,15.29319953918457,4600.1953125,4745.93212890625,-170.3596954345703,-139.7618408203125,-87.55419921875,785.066650390625,705.9407958984375,233.9410858154297,1,24.123043060302734,7690.681640625,7540.6728515625,-296.20391845703125,-235.96145629882812,228.81884765625,843.90771484375,671.2938232421875,84.99192810058594,1,25.090499877929688,7750.3984375,7509.11376953125,-306.6765441894531,-245.2755584716797,501.76318359375,656.131591796875,361.1422119140625,321.068359375,1,25.575414657592773,8054.2626953125,6890.9189453125,-322.4256286621094,-232.0050506591797,644.96826171875,827.2431640625,293.830810546875,78.88307189941406,1,28.750730514526367,8864.748046875,8036.7646484375,-353.86981201171875,-267.7579650878906,677.0302734375,973.078369140625,1167.8544921875,114.48799133300781,1,16.74905014038086,4999.08740234375,4926.1865234375,-187.97972106933594,-148.45782470703125,-0.607666015625,886.878173828125,1296.749267578125,10.717811584472656,1,16.0477237701416,4952.23681640625,5123.41748046875,-183.53147888183594,-151.0491943359375,-90.342529296875,870.228271484375,1128.5296630859375,253.7699737548828,1,16.754610061645508,5288.5712890625,5317.93896484375,-191.7093048095703,-151.3309326171875,-238.454345703125,1011.382080078125,1069.65869140625,-14.591941833496094,1,19.359275817871094,5828.044921875,5693.54296875,-223.7086181640625,-177.2601776123047,149.766357421875,638.747802734375,730.222412109375,372.60333251953125,1,18.111249923706055,5536.48876953125,5702.6064453125,-205.54872131347656,-168.5652618408203,-88.706787109375,974.1611328125,595.669921875,-95.31419372558594,1,22.973684310913086,7040.9931640625,7284.2119140625,-257.7964782714844,-210.8366241455078,-232.18701171875,SN000368420812,Pumba,72502.333,2025-12-19T19:08:22.347Z,1765551350233602600,3D
635.869384765625,14.830322265625,421.03662109375,1,29.322629928588867,8644.4287109375,7784.8759765625,-357.41412353515625,-274.9317626953125,1069.65771484375,845.759521484375,-64.82958984375,138.50022888183594,1,29.01443862915039,8378.3798828125,7878.4931640625,-329.9305725097656,-255.98402404785156,492.345947265625,947.904541015625,1315.6025390625,158.80645751953125,1,16.22397232055664,5115.3798828125,5310.689453125,-184.41561889648438,-150.14308166503906,-264.374267578125,765.135986328125,903.107177734375,339.24945068359375,1,19.221965789794922,5953.009765625,5559.2080078125,-230.3675537109375,-175.6398468017578,214.12255859375,1022.64208984375,810.0985107421875,-52.76084899902344,1,21.628427505493164,6587.189453125,6390.6201171875,-248.33282470703125,-193.3738555908203,19.782470703125,902.9970703125,1329.685791015625,48.82427978515625,1,15.317972183227539,4758.5634765625,4826.02587890625,-173.980712890625,-139.25628662109375,-165.256103515625,929.68603515625,1318.4466552734375,8.879295349121094,1,16.663482666015625,5341.634765625,5781.1142578125,-189.9342498779297,-160.5941619873047,-363.868408203125,785.46435546875,706.055419921875,233.84523010253906,1,24.194534301757812,7717.7734375,7486.671875,-298.2042541503906,-235.5554656982422,261.322509765625,842.021728515625,671.746337890625,84.1781005859375,1,25.273242950439453,7822.02734375,7600.55078125,-309.0221862792969,-247.5970916748047,490.164306640625,658.707275390625,361.2916259765625,322.08465576171875,1,25.45797348022461,8040.60400390625,6723.02978515625,-322.5284729003906,-227.7093505859375,665.43017578125,828.048583984375,294.671630859375,78.91323852539062,1,28.504966735839844,8791.767578125,8037.166015625,-349.01531982421875,-265.1413879394531,607.21533203125,971.61328125,1167.8134765625,114.65753173828125,1,16.649667739868164,4985.4931640625,4899.53125,-186.6182403564453,-146.59352111816406,-28.759521484375,885.76611328125,1297.218994140625,10.893096923828125,1,16.397663116455078,5014.59521484375,5154.861328125,-188.86520385742188,-155.72386169433594,8.637451171875,870.282958984375,1126.054931640625,254.1613311767578,1,17.40692710876465,5545.7412109375,5745.767578125,-199.87265014648438,-162.34605407714844,-288.74853515625,1005.471923828125,1072.9110107421875,-17.640419006347656,1,19.258460998535156,5802.74609375,5671.33203125,-222.16400146484375,-175.85110473632812,130.139404296875,636.532958984375,729.372314453125,373.60784912109375,1,18.647241592407227,5662.41796875,5966.146484375,-211.82652282714844,-178.43487548828125,-37.760986328125,977.7939453125,597.0426025390625,-94.22447204589844,1,24.42945098876953,7537.931640625,7793.3544921875,-280.15020751953125,-230.7483673095703,-111.32763671875,SN000368420812,Pumba,72502.466,2025-12-19T19:08:22.469Z,1765551350265373700,3D
634.627197265625,14.88134765625,422.33331298828125,1,28.53759765625,8405.466796875,7652.1220703125,-344.1028747558594,-265.5419616699219,926.63330078125,847.25634765625,-65.302001953125,134.92324829101562,1,29.671207427978516,8729.7587890625,8025.79638671875,-343.7168273925781,-261.1250305175781,510.83203125,947.876220703125,1316.35546875,159.982666015625,1,16.25681495666504,4995.326171875,5496.9638671875,-180.41677856445312,-156.41297912597656,-247.12646484375,764.728515625,903.636962890625,339.00396728515625,1,18.88404083251953,5828.92578125,5478.3681640625,-224.6037139892578,-171.8373260498047,177.902099609375,1031.022705078125,810.8826904296875,-50.68263626098633,1,21.33409309387207,6448.298828125,6231.08251953125,-244.1268768310547,-189.83558654785156,53.639404296875,897.88037109375,1327.278076171875,51.70703125,1,15.375408172607422,4862.3984375,4826.67919921875,-176.73785400390625,-137.8389129638672,-203.43310546875,923.22265625,1316.205810546875,10.783424377441406,1,15.033556938171387,4515.7041015625,4645.2255859375,-166.50706481933594,-135.88494873046875,-109.8203125,785.935546875,705.94775390625,234.09190368652344,1,24.2979736328125,7639.2841796875,7696.4091796875,-295.5497131347656,-242.25839233398438,271.2724609375,841.94091796875,672.65771484375,83.79191589355469,1,25.157732009887695,7762.1669921875,7636.50830078125,-306.0444030761719,-247.77822875976562,466.1484375,657.498291015625,360.72265625,319.837646484375,1,26.153047561645508,8248.7431640625,6962.3251953125,-332.6505126953125,-237.78253173828125,741.2216796875,828.78564453125,295.1346435546875,78.87306213378906,1,29.516237258911133,9150.50390625,8275.177734375,-366.3132629394531,-277.0553894042969,732.927978515625,971.50341796875,1168.9361572265625,115.27105712890625,1,16.68746566772461,4987.7353515625,4927.76171875,-186.88462829589844,-147.6722869873047,-22.734130859375,880.068115234375,1293.649169921875,14.995620727539062,1,15.85164737701416,4839.7041015625,5065.35400390625,-179.4621124267578,-149.50564575195312,-84.803955078125,871.04736328125,1127.0235595703125,255.6638641357422,1,17.348220825195312,5514.375,5657.7236328125,-199.47921752929688,-160.6719970703125,-262.644775390625,1004.1396484375,1073.3870849609375,-17.178977966308594,1,19.17704200744629,5820.8974609375,5733.97412109375,-221.0762176513672,-175.5309295654297,71.4013671875,638.6533203125,728.357666015625,376.29180908203125,1,18.564374923706055,5793.53369140625,5764.7802734375,-215.69639587402344,-171.02890014648438,-73.0986328125,974.027587890625,600.41357421875,-91.7369613647461,1,22.87073516845703,6988.5966796875,7382.7138671875,-253.9263916015625,-211.44163513183594,-295.0458984375,SN000368420812,Pumba,72502.566,2025-12-19T19:08:22.581Z,1765551350297569200,3D
636.1328125,15.189208984375,417.4678955078125,1,28.578947067260742,8560.6103515625,7702.8193359375,-347.03448486328125,-263.44232177734375,830.220947265625,850.997802734375,-65.648193359375,133.17282104492188,1,29.000198364257812,8393.171875,7811.6416015625,-330.9394836425781,-254.53091430664062,507.318603515625,948.553955078125,1311.14306640625,162.3818817138672,1,16.842891693115234,5254.65625,5559.353515625,-192.35174560546875,-161.0057830810547,-175.13232421875,768.966552734375,902.338134765625,340.6141357421875,1,18.601259231567383,5681.5654296875,5324.630859375,-219.9708251953125,-168.3396759033203,208.210205078125,1032.957275390625,806.8294677734375,-49.50254821777344,1,21.634485244750977,6614.181640625,6447.24267578125,-248.20535278320312,-193.65553283691406,-18.1162109375,896.614013671875,1320.852294921875,54.92710876464844,1,15.191961288452148,4813.0537109375,4795.42724609375,-173.8714599609375,-135.63717651367188,-236.878173828125,922.00146484375,1311.8638916015625,13.531753540039062,1,16.410343170166016,5272.67919921875,5765.88037109375,-185.67552185058594,-158.05958557128906,-418.999267578125,785.9482421875,706.2969970703125,234.27281188964844,1,25.391727447509766,8471.9833984375,8269.1494140625,-318.79681396484375,-249.43324279785156,2.8125,840.396728515625,672.464111328125,83.5474853515625,1,25.6014461517334,7955.83642578125,7772.9697265625,-313.9757385253906,-252.69476318359375,487.37255859375,653.257568359375,362.5682373046875,319.31982421875,1,26.407150268554688,8340.189453125,6985.79150390625,-337.5080871582031,-240.2560272216797,788.11572265625,828.40234375,294.939208984375,80.00682067871094,1,29.38204574584961,9232.900390625,8229.0986328125,-366.61724853515625,-272.17431640625,640.2021484375,973.880126953125,1167.3853759765625,115.26846313476562,1,16.77128791809082,4999.90087890625,4952.271484375,-187.9744110107422,-149.20004272460938,-1.79833984375,880.258544921875,1286.832763671875,17.90948486328125,1,15.700857162475586,4779.0068359375,4951.19140625,-177.80323791503906,-146.84210205078125,-64.06201171875,872.3544921875,1126.2313232421875,255.0878448486328,1,16.833324432373047,5377.06396484375,5321.0234375,-194.1251983642578,-150.28211975097656,-268.771484375,1008.448974609375,1069.427490234375,-15.212356567382812,1,19.208528518676758,5814.1650390625,5703.76953125,-221.81307983398438,-175.85504150390625,104.215087890625,639.63525390625,729.2825927734375,376.94732666015625,1,18.243602752685547,5558.306640625,5701.45703125,-207.63665771484375,-170.11099243164062,-46.720703125,979.049072265625,595.7271728515625,-91.30249786376953,1,23.55339813232422,7218.8271484375,7436.80078125,-267.0352478027344,-218.6147918701172,-147.873291015625,SN000368420812,Pumba,72502.666,2025-12-19T19:08:22.683Z,1765551350329225800,3D
636.4990234375,16.58203125,425.12213134765625,1,29.23560905456543,8679.5234375,7948.5185546875,-354.9581298828125,-275.15667724609375,944.471435546875,851.72900390625,-64.8154296875,134.05691528320312,1,28.438913345336914,8222.9482421875,7819.8408203125,-319.91009521484375,-249.0128631591797,354.185791015625,951.074951171875,1311.388671875,159.987548828125,1,15.872818946838379,4830.0625,5389.35986328125,-173.32858276367188,-152.0850830078125,-275.835693359375,767.2412109375,903.822021484375,339.5130615234375,1,18.74672508239746,5766.9990234375,5703.4443359375,-218.69044494628906,-174.15963745117188,59.205078125,1029.80224609375,805.654296875,-51.086517333984375,1,21.550817489624023,6535.8115234375,6251.6171875,-247.70343017578125,-190.8079833984375,63.05322265625,899.483642578125,1324.2640380859375,52.844757080078125,1,15.04911994934082,4689.10546875,4715.97509765625,-170.4445037841797,-134.78611755371094,-195.794921875,924.383544921875,1314.624267578125,11.364585876464844,1,15.222036361694336,4668.95654296875,4863.84423828125,-169.34141540527344,-138.81939697265625,-207.099365234375,784.531982421875,705.9566650390625,233.3201141357422,1,24.41012191772461,7706.662109375,7630.99853515625,-299.0831298828125,-241.52867126464844,304.31591796875,840.068603515625,672.1063232421875,83.1922607421875,1,25.174945831298828,7850.3544921875,7627.2529296875,-308.1597900390625,-245.99603271484375,426.21875,656.37158203125,361.4869384765625,320.44464111328125,1,25.533205032348633,7964.62890625,7235.59765625,-316.1188049316406,-238.74606323242188,547.767578125,826.969482421875,295.03369140625,79.62042236328125,1,29.44910430908203,9245.1171875,8248.8818359375,-367.50958251953125,-273.31072998046875,654.53125,973.815673828125,1166.4686279296875,113.24647521972656,1,16.74553680419922,4993.20068359375,4940.419921875,-187.48837280273438,-148.55096435546875,-9.53173828125,881.68310546875,1291.346435546875,15.581222534179688,1,15.985118865966797,4846.45166015625,5139.39892578125,-180.34466552734375,-152.52420043945312,-63.960693359375,872.877197265625,1126.1641845703125,253.56272888183594,1,17.083715438842773,5407.587890625,5544.16064453125,-195.24485778808594,-156.97824096679688,-269.738525390625,1009.687744140625,1068.2491455078125,-16.1837158203125,1,19.22886848449707,5803.57470703125,5650.25390625,-222.17315673828125,-175.18743896484375,129.396484375,639.138671875,730.4925537109375,377.40899658203125,1,18.272226333618164,5636.095703125,5693.49560546875,-209.56524658203125,-168.623291015625,-79.857177734375,969.89306640625,596.8843994140625,-95.08175659179688,1,22.912511825561523,7052.07080078125,7349.4912109375,-255.93975830078125,-209.9700164794922,-307.5009765625,SN000368420812,Pumba,72502.766,2025-12-19T19:08:22.794Z,1765551350361559000,3D
635.251708984375,18.31201171875,418.6185302734375,1,27.763782501220703,8164.515625,7479.794921875,-331.4111022949219,-255.8245391845703,806.621337890625,849.4169921875,-61.693115234375,131.9876251220703,1,29.01362419128418,8226.037109375,8023.427734375,-325.13287353515625,-261.52691650390625,523.428955078125,948.79248046875,1310.667724609375,160.44171142578125,1,16.984224319458008,5319.26171875,5593.6904296875,-194.73582458496094,-161.98226928710938,-176.69677734375,767.595947265625,904.0029296875,339.9566650390625,1,18.82111358642578,5818.2744140625,5488.1435546875,-223.37989807128906,-171.10577392578125,150.638671875,1031.18505859375,808.658935546875,-50.65926742553711,1,21.95212745666504,6675.7275390625,6388.6220703125,-254.13296508789062,-196.39190673828125,101.56494140625,899.313232421875,1323.505615234375,52.8216552734375,1,15.720110893249512,4987.59912109375,5052.82421875,-180.89956665039062,-143.97425842285156,-221.70947265625,924.680908203125,1313.40771484375,11.968360900878906,1,16.789100646972656,5521.8232421875,5857.27294921875,-194.19223022460938,-159.74124145507812,-447.573486328125,785.535400390625,705.941162109375,233.4645538330078,1,25.277141571044922,8305.6728515625,8211.181640625,-314.9168395996094,-250.6546173095703,81.71337890625,841.120361328125,672.288818359375,84.00914001464844,1,25.453502655029297,7866.3857421875,7557.7333984375,-313.00482177734375,-249.19033813476562,566.7900390625,655.84765625,363.869140625,321.3660888671875,1,26.102067947387695,8183.11669921875,6988.5166015625,-330.5587463378906,-239.04522705078125,753.76171875,824.566162109375,296.85498046875,78.58084106445312,1,30.089031219482422,9615.2109375,8252.361328125,-383.02410888671875,-275.3895263671875,706.9580078125,971.86376953125,1165.4383544921875,114.55732727050781,1,16.923452377319336,5028.02978515625,4962.78515625,-190.21017456054688,-150.98582458496094,37.222900390625,881.824951171875,1290.722900390625,15.584152221679688,1,15.817283630371094,4854.322265625,5097.392578125,-178.86181640625,-149.03683471679688,-122.93408203125,871.07568359375,1126.203125,254.11119079589844,1,17.68442153930664,5644.30615234375,5878.19140625,-203.61773681640625,-166.38504028320312,-287.583984375,1008.6298828125,1069.971923828125,-15.538986206054688,1,19.225679397583008,5795.7998046875,5649.51416015625,-221.89151000976562,-175.17904663085938,129.7724609375,642.514892578125,729.6690673828125,378.3914794921875,1,19.101131439208984,5885.1142578125,5960.2958984375,-222.1011962890625,-180.6178741455078,24.91748046875,973.373779296875,600.366943359375,-95.35208892822266,1,22.79606819152832,7081.8662109375,7249.724609375,-256.7422790527344,-206.5608673095703,-318.132568359375,SN000368420812,Pumba,72502.9,2025-12-19T19:08:22.911Z,1765551350393654200,3D
633.676513671875,19.47021484375,422.69219970703125,1,30.28457260131836,8888.48828125,8071.1845703125,-371.54376220703125,-289.7359619140625,1233.42041015625,851.322998046875,-61.44140625,133.4124298095703,1,28.41041374206543,8187.232421875,7745.7265625,-320.0845642089844,-248.6714324951172,404.49853515625,947.550537109375,1315.08203125,158.4205780029297,1,16.41788673400879,5045.6572265625,5525.599609375,-182.9564666748047,-158.0819091796875,-225.73291015625,768.8583984375,904.27587890625,341.333740234375,1,18.652982711791992,5760.115234375,5411.5830078125,-220.96768188476562,-168.51771545410156,143.2548828125,1029.5615234375,809.1456298828125,-49.974727630615234,1,21.262449264526367,6439.4638671875,6155.3115234375,-243.40090942382812,-187.05926513671875,40.6513671875,902.439697265625,1327.9886474609375,48.74952697753906,1,15.301963806152344,4784.6083984375,4831.1259765625,-174.1885223388672,-138.4461669921875,-190.86328125,929.110595703125,1316.8466796875,8.939445495605469,1,16.73339080810547,5441.755859375,5946.56005859375,-190.8135528564453,-161.98056030273438,-459.6494140625,786.769775390625,707.647705078125,234.10414123535156,1,24.2147274017334,7644.38037109375,7510.68408203125,-296.7783508300781,-237.9481658935547,305.63623046875,842.599853515625,673.4781494140625,84.64329528808594,1,25.232471466064453,7816.26123046875,7603.44140625,-308.52447509765625,-247.33396911621094,480.846923828125,659.6953125,363.9110107421875,321.26641845703125,1,26.298599243164062,8278.2529296875,6977.2763671875,-335.22418212890625,-240.05838012695312,789.67724609375,826.964111328125,297.544677734375,79.74427795410156,1,29.504976272583008,9232.5478515625,8233.2353515625,-368.5281066894531,-274.6993713378906,703.941162109375,971.13427734375,1168.0477294921875,114.49423217773438,1,17.442712783813477,5266.1728515625,5154.6220703125,-199.31776428222656,-156.95188903808594,41.9423828125,885.5576171875,1295.2064208984375,11.144149780273438,1,15.784355163574219,4843.931640625,5074.42724609375,-178.481201171875,-148.35708618164062,-122.582275390625,869.39111328125,1127.3424072265625,253.3143768310547,1,17.462614059448242,5512.9638671875,5710.0517578125,-200.31040954589844,-163.35426330566406,-233.333251953125,1007.186767578125,1070.8487548828125,-15.245460510253906,1,19.249469757080078,5823.859375,5684.390625,-222.428466796875,-175.58326721191406,112.548583984375,640.000732421875,731.7725830078125,376.93768310546875,1,18.479368209838867,5651.8095703125,5841.2958984375,-210.7059783935547,-173.76824951171875,-61.643310546875,973.10888671875,600.119140625,-94.28854370117188,1,23.129365921020508,7129.36279296875,7380.388671875,-260.44439697265625,-212.8915252685547,-254.692626953125,SN000368420812,Pumba,72503,2025-12-19T19:08:23.033Z,1765551350425408100,3D
632.96435546875,20.272216796875,422.67523193359375,1,29.824371337890625,8658.671875,7923.5947265625,-363.0331726074219,-285.45849609375,1238.08056640625,849.61865234375,-62.318359375,129.67706298828125,1,28.41311264038086,7964.3203125,7918.60693359375,-313.71337890625,-256.4087829589844,471.47265625,949.53662109375,1311.63720703125,159.9604034423828,1,16.409313201904297,5076.52734375,5296.0263671875,-186.39837646484375,-153.9992218017578,-150.19384765625,767.820556640625,905.17578125,339.88201904296875,1,18.673112869262695,5729.7236328125,5374.99072265625,-221.0561065673828,-168.9515380859375,184.110107421875,1032.8857421875,807.7576904296875,-49.89358139038086,1,21.49427032470703,6524.8388671875,6313.3427734375,-246.28280639648438,-191.41302490234375,29.635009765625,899.134033203125,1323.01611328125,52.46873474121094,1,15.283771514892578,4781.60107421875,4803.31396484375,-174.25100708007812,-137.82615661621094,-185.04248046875,924.508056640625,1313.3017578125,11.465690612792969,1,16.183879852294922,5206.39892578125,5572.58984375,-183.54425048828125,-152.68167114257812,-406.919921875,786.822265625,707.7080078125,233.5330047607422,1,24.392902374267578,7737.86767578125,7613.7060546875,-299.6640930175781,-240.26608276367188,284.635986328125,842.4716796875,673.248291015625,84.10237121582031,1,24.7309627532959,7667.73388671875,7537.427734375,-299.83758544921875,-241.4800262451172,378.257080078125,658.375244140625,364.7083740234375,321.30126953125,1,26.03485870361328,8127.306640625,6829.42529296875,-330.4632263183594,-236.7472686767578,820.236572265625,827.73681640625,297.33447265625,79.980224609375,1,30.137287139892578,9532.8603515625,8440.58203125,-379.9591064453125,-281.11236572265625,708.111328125,973.680908203125,1167.000732421875,113.88479614257812,1,16.67191505432129,4990.88818359375,4886.7158203125,-187.26368713378906,-146.7586669921875,-14.106689453125,882.12744140625,1289.6912841796875,15.41339111328125,1,15.75823974609375,4780.43994140625,4973.91796875,-178.15570068359375,-147.90048217773438,-54.15380859375,870.7412109375,1127.1749267578125,252.0570831298828,1,17.390871047973633,5482.484375,5594.9765625,-200.28793334960938,-161.2855224609375,-196.060302734375,1011.149169921875,1069.4525146484375,-15.047645568847656,1,19.24930191040039,5857.328125,5791.60693359375,-221.86102294921875,-176.5381622314453,51.97412109375,640.187255859375,732.278564453125,377.6845703125,1,18.18337631225586,5582.255859375,5855.68994140625,-205.4842071533203,-170.95416259765625,-147.944091796875,976.61279296875,598.9637451171875,-95.32669830322266,1,25.532073974609375,7878.74365234375,8084.12109375,-297.9541320800781,-245.72703552246094,53.494140625,SN000368420812,Pumba,72503.133,2025-12-19T19:08:23.138Z,1765551350457333200,3D
631.49267578125,19.737060546875,422.6226806640625,1,28.48788833618164,8442.65625,7686.0537109375,-344.1710510253906,-264.9035949707031,882.451416015625,846.6552734375,-61.705078125,132.72402954101562,1,29.1395206451416,8447.390625,7843.5380859375,-333.4405212402344,-256.0671081542969,522.560546875,948.833251953125,1315.0804443359375,158.6068115234375,1,17.176111221313477,5360.4287109375,5710.06982421875,-196.72337341308594,-166.03988647460938,-162.1943359375,768.5234375,905.0714111328125,339.31854248046875,1,18.404035568237305,5566.939453125,5638.86474609375,-211.30909729003906,-172.39805603027344,64.162353515625,1026.610595703125,810.482421875,-51.658477783203125,1,21.50240707397461,6462.197265625,6217.8017578125,-246.1283721923828,-191.28005981445312,102.694091796875,901.36572265625,1326.35498046875,49.77861022949219,1,15.354793548583984,4821.16845703125,4771.63037109375,-176.2899169921875,-137.5556640625,-166.83203125,927.26513671875,1314.8931884765625,9.563735961914062,1,16.48727035522461,5197.7880859375,5553.966796875,-187.7039794921875,-157.71405029296875,-258.319580078125,785.4384765625,707.6461181640625,233.5743865966797,1,23.941205978393555,7528.9453125,7480.3046875,-291.3462219238281,-235.6759490966797,269.626708984375,842.386962890625,673.2220458984375,84.62890625,1,25.080604553222656,7741.880859375,7570.9150390625,-305.4703369140625,-246.03561401367188,472.428955078125,658.5244140625,364.172119140625,321.687744140625,1,25.697750091552734,7953.57275390625,7105.8173828125,-319.478759765625,-239.54185485839844,672.9365234375,825.852294921875,297.410888671875,78.90084838867188,1,29.822240829467773,9435.86328125,8316.462890625,-375.39306640625,-276.2264709472656,677.80908203125,972.601806640625,1167.5601806640625,115.12776184082031,1,16.698610305786133,5006.07470703125,4933.68212890625,-187.1864471435547,-147.3662872314453,-35.600830078125,883.91748046875,1293.0150146484375,12.944168090820312,1,16.166887283325195,4923.8271484375,5055.03466796875,-185.255859375,-152.47186279296875,2.2666015625,870.4794921875,1128.4139404296875,253.8195037841797,1,17.931346893310547,5902.62353515625,5598.814453125,-215.26666259765625,-160.35626220703125,-223.81640625,1009.68896484375,1072.326904296875,-15.331611633300781,1,19.020071029663086,5762.69384765625,5656.810546875,-218.42355346679688,-172.6273193359375,56.142333984375,639.7607421875,731.9339599609375,371.79437255859375,1,18.87631607055664,5795.60107421875,5870.8564453125,-218.52865600585938,-177.6662139892578,18.19580078125,977.557861328125,599.4515380859375,-95.06102752685547,1,23.611217498779297,7235.48681640625,7500.0498046875,-267.14691162109375,-219.88031005859375,-164.93798828125,SN000368420812,Pumba,72503.233,2025-12-19T19:08:23.257Z,1765551350505558600,3D
635.706298828125,18.845947265625,423.6500244140625,1,30.82107925415039,9010.392578125,8037.662109375,-381.6582946777344,-295.6180419921875,1416.51806640625,847.599609375,-62.91845703125,132.45741271972656,1,28.987457275390625,8311.65234375,7895.681640625,-328.46417236328125,-257.8067932128906,526.9658203125,948.791748046875,1314.6983642578125,159.7552032470703,1,16.618797302246094,5256.005859375,5473.50390625,-190.36013793945312,-155.86734008789062,-242.814697265625,769.860107421875,902.6102294921875,339.99432373046875,1,18.701431274414062,5766.1533203125,5386.79052734375,-222.0224609375,-168.80210876464844,170.680908203125,1035.776123046875,812.343017578125,-50.074729919433594,1,21.541015625,6593.5458984375,6259.5810546875,-249.0662384033203,-190.03628540039062,36.14111328125,898.10693359375,1325.40673828125,52.183074951171875,1,15.296135902404785,4825.3056640625,4778.255859375,-175.5300750732422,-136.61322021484375,-197.178955078125,923.131591796875,1314.52978515625,11.192672729492188,1,15.861284255981445,5118.51171875,5496.40625,-178.53689575195312,-148.26348876953125,-463.222412109375,785.517578125,707.7760009765625,233.23231506347656,1,25.545982360839844,8407.509765625,8342.6435546875,-318.83636474609375,-254.72824096679688,84.5556640625,842.21435546875,673.0858154296875,84.05490112304688,1,25.486085891723633,7836.4951171875,7821.970703125,-309.6033020019531,-254.3233184814453,491.358642578125,659.41845703125,363.5911865234375,321.5257568359375,1,27.03077507019043,8517.06640625,7041.2177734375,-348.5394592285156,-247.3839874267578,933.028564453125,827.39697265625,296.77001953125,79.51194763183594,1,29.685558319091797,9250.666015625,8253.7890625,-370.9681701660156,-277.512939453125,762.209716796875,972.110595703125,1168.005859375,114.49275207519531,1,16.836286544799805,5034.7802734375,4937.203125,-189.57872009277344,-149.10887145996094,7.863037109375,880.257568359375,1291.81494140625,15.687873840332031,1,16.035280227661133,4875.90869140625,5046.8212890625,-182.74349975585938,-151.34011840820312,-21.216064453125,870.825439453125,1126.3980712890625,253.6127166748047,1,17.23983383178711,5472.8916015625,5648.2490234375,-197.4464874267578,-159.79830932617188,-278.263916015625,1012.978271484375,1074.3079833984375,-15.745048522949219,1,19.34586524963379,5897.8642578125,5753.599609375,-224.3037567138672,-176.53517150878906,82.362060546875,641.90380859375,728.8056640625,373.694580078125,1,18.146732330322266,5614.8193359375,5697.21142578125,-207.55242919921875,-167.22332763671875,-120.029052734375,974.4453125,604.48046875,-94.38963317871094,1,23.646636962890625,7406.36669921875,7556.1884765625,-270.12286376953125,-217.26113891601562,-279.5068359375,SN000368420812,Pumba,72503.366,2025-12-19T19:08:23.369Z,1765551350537245400,3D
633.553466796875,19.407958984375,419.49578857421875,1,29.029773712158203,8653.6865234375,7836.458984375,-353.2829284667969,-270.8987121582031,921.16943359375,849.802978515625,-62.007568359375,135.82794189453125,1,27.6495418548584,7830.6943359375,7529.9716796875,-305.9327392578125,-241.25096130371094,380.30810546875,944.625732421875,1309.3994140625,160.52647399902344,1,16.826642990112305,5233.37841796875,5531.1982421875,-191.9844970703125,-160.6975860595703,-160.7470703125,769.46142578125,902.3109130859375,340.5496826171875,1,18.48810577392578,5635.07763671875,5325.7705078125,-217.30979919433594,-167.23779296875,178.043701171875,1033.802001953125,812.4339599609375,-51.24803161621094,1,21.48027801513672,6479.09375,6250.0078125,-245.8054656982422,-191.0552978515625,70.90771484375,900.177490234375,1322.305908203125,50.69514465332031,1,15.300436973571777,4805.7998046875,4812.66650390625,-174.8987274169922,-137.77978515625,-193.7763671875,927.85546875,1313.564208984375,11.025108337402344,1,16.091978073120117,5249.2216796875,5587.912109375,-183.10667419433594,-150.5865020751953,-474.865478515625,785.9775390625,707.0548095703125,233.03224182128906,1,25.13848114013672,8400.640625,8254.05859375,-314.36773681640625,-246.80270385742188,-54.974609375,842.798828125,672.0926513671875,84.28106689453125,1,25.71123504638672,7983.7099609375,7792.21826171875,-315.7288818359375,-254.1536865234375,510.698974609375,657.012451171875,364.746337890625,321.6446533203125,1,26.57283592224121,8289.8076171875,6991.60205078125,-338.7068786621094,-244.2933349609375,890.702880859375,828.382080078125,296.4298095703125,79.4007568359375,1,28.839630126953125,9030.2392578125,8175.384765625,-356.4075927734375,-267.33392333984375,554.6669921875,972.89208984375,1166.0135498046875,115.079345703125,1,16.632606506347656,4972.01220703125,4875.6630859375,-186.47499084472656,-146.32774353027344,-16.69140625,885.574951171875,1289.5439453125,12.191596984863281,1,16.06426239013672,4957.3125,5093.13427734375,-184.20321655273438,-150.73521423339844,-74.410400390625,872.111572265625,1124.7802734375,254.12937927246094,1,17.722023010253906,5848.1201171875,5590.1865234375,-211.53207397460938,-157.99644470214844,-279.58544921875,1010.55859375,1073.8836669921875,-16.896759033203125,1,19.02947998046875,5749.8232421875,5594.1025390625,-219.16360473632812,-172.262939453125,96.718017578125,643.5849609375,728.3575439453125,378.547119140625,1,18.300600051879883,5692.140625,5866.7080078125,-208.7881317138672,-170.24778747558594,-175.52685546875,976.7705078125,603.75830078125,-95.53921508789062,1,23.243694305419922,7179.7197265625,7271.64453125,-264.3495788574219,-212.11740112304688,-188.10546875,SN000368420812,Pumba,72503.466,2025-12-19T19:08:23.494Z,1765551350569820400,3D
629.021240234375,24.429931640625,422.00115966796875,1,27.709487915039062,8142.2939453125,7481.57275390625,-330.5809326171875,-255.88571166992188,806.8017578125,845.884521484375,-58.748046875,130.97537231445312,1,28.838943481445312,8302.005859375,7832.7158203125,-326.83074951171875,-254.3224334716797,484.890380859375,944.08984375,1309.33544921875,158.92405700683594,1,16.856151580810547,5252.41748046875,5534.92333984375,-192.68544006347656,-160.79026794433594,-161.2705078125,768.1796875,902.63720703125,339.55419921875,1,18.309778213500977,5540.46826171875,5559.83056640625,-210.3364715576172,-170.04342651367188,64.9716796875,1027.2373046875,813.303466796875,-49.37369918823242,1,21.32250213623047,6446.74169921875,6158.33935546875,-244.3218994140625,-187.9578094482422,62.0927734375,899.528564453125,1320.7716064453125,49.67216491699219,1,15.568201065063477,4893.32080078125,4938.14111328125,-178.408203125,-141.83384704589844,-186.642822265625,926.505859375,1310.258056640625,10.277679443359375,1,17.110822677612305,5622.10986328125,5971.185546875,-198.80227661132812,-164.21990966796875,-419.89501953125,789.314697265625,705.967041015625,233.5262908935547,1,25.644351959228516,8500.921875,8267.4404296875,-322.7613525390625,-252.96884155273438,98.09765625,841.899658203125,672.0411376953125,83.93980407714844,1,25.61855697631836,7976.1630859375,7807.5673828125,-314.0985412597656,-252.93722534179688,466.088134765625,658.173828125,366.6522216796875,321.86676025390625,1,26.066844940185547,8181.1943359375,6963.55859375,-330.45965576171875,-238.25875854492188,752.8681640625,824.353271484375,298.5279541015625,80.08200073242188,1,29.758272171020508,9158.1220703125,8308.3974609375,-369.3326721191406,-281.467041015625,823.487060546875,970.607666015625,1163.85546875,115.26280212402344,1,16.72332000732422,4986.85107421875,4855.998046875,-188.0900115966797,-147.05258178710938,18.330322265625,883.759033203125,1287.693603515625,12.3018798828125,1,15.743812561035156,4769.6123046875,5031.126953125,-176.8865203857422,-148.5519256591797,-82.69091796875,871.738525390625,1123.546875,254.42417907714844,1,17.30414581298828,5508.859375,5698.763671875,-198.17147827148438,-160.53790283203125,-299.0927734375,1012.070556640625,1073.9813232421875,-15.609115600585938,1,19.272838592529297,5842.16650390625,5655.0419921875,-223.49790954589844,-175.17205810546875,125.144775390625,642.155029296875,729.518798828125,373.9814453125,1,18.492605209350586,5718.0087890625,5755.4853515625,-213.06895446777344,-171.01806640625,-65.9150390625,979.300537109375,603.4764404296875,-93.08088684082031,1,23.8411865234375,7298.3193359375,7574.68603515625,-270.691162109375,-223.60289001464844,-125.88671875,SN000368420812,Pumba,72503.6,2025-12-19T19:08:23.603Z,1765551350601236900,3D
634.833740234375,17.306884765625,423.1624755859375,1,28.16019630432129,8393.78515625,7682.36328125,-339.38671875,-261.1178894042969,784.822265625,852.696044921875,-65.944091796875,131.6219024658203,1,28.21890640258789,8065.09765625,7669.5908203125,-316.5688781738281,-247.72384643554688,440.32568359375,947.740234375,1312.7679443359375,161.14968872070312,1,16.739023208618164,5251.642578125,5472.52490234375,-191.89205932617188,-157.9540252685547,-186.60009765625,769.406494140625,902.91015625,340.0841064453125,1,19.105514526367188,5903.46484375,5559.9697265625,-227.80735778808594,-174.79571533203125,191.09375,1034.578125,810.733154296875,-51.119937896728516,1,21.726560592651367,6557.837890625,6278.9140625,-250.70738220214844,-194.34425354003906,135.076171875,897.51171875,1323.796630859375,53.05601501464844,1,15.32274055480957,4838.27294921875,4787.330078125,-175.91416931152344,-136.7572784423828,-200.6181640625,923.28125,1314.434814453125,12.001014709472656,1,16.47795867919922,5284.72265625,5653.9638671875,-187.830810546875,-156.8065185546875,-362.564453125,786.338623046875,707.03125,233.69239807128906,1,25.712377548217773,8549.58203125,8244.2421875,-324.6515808105469,-252.3419189453125,100.0517578125,843.857666015625,671.949462890625,84.46096801757812,1,25.273767471313477,7636.8994140625,8020.216796875,-300.60693359375,-258.45538330078125,442.228271484375,655.77392578125,363.2515869140625,321.21490478515625,1,26.248245239257812,8272.0361328125,6909.1474609375,-335.2558898925781,-238.33428955078125,798.48486328125,829.656982421875,294.6456298828125,79.52642822265625,1,29.390735626220703,9145.990234375,8218.671875,-365.64666748046875,-274.73028564453125,716.429443359375,973.283935546875,1168.135498046875,114.54750061035156,1,16.7207088470459,5004.65966796875,4909.96240234375,-187.7625274658203,-147.43576049804688,-14.744873046875,881.0146484375,1290.221923828125,15.72235107421875,1,15.875190734863281,4858.759765625,4981.416015625,-180.92367553710938,-147.90179443359375,-60.117919921875,871.32177734375,1127.10302734375,253.8489227294922,1,17.758886337280273,5759.79345703125,5485.7890625,-211.48287963867188,-158.9338836669922,-171.00048828125,1012.4267578125,1073.3736572265625,-16.258445739746094,1,19.380687713623047,5832.560546875,5807.4072265625,-222.83677673339844,-179.39576721191406,115.22509765625,640.873291015625,728.82177734375,373.768798828125,1,18.47386932373047,5714.740234375,5681.685546875,-213.7660369873047,-169.81443786621094,-38.744140625,977.5244140625,601.4129638671875,-97.09835052490234,1,23.450836181640625,7184.07470703125,7494.6689453125,-264.1617736816406,-218.4082489013672,-199.732177734375,SN000368420812,Pumba,72503.7,2025-12-19T19:08:23.719Z,1765551350633443800,3D
634.385986328125,18.643310546875,420.2020263671875,1,29.290088653564453,8711.8876953125,7715.55224609375,-359.2771301269531,-271.9956970214844,1047.217041015625,849.553466796875,-63.1767578125,130.28236389160156,1,28.161319732666016,8079.25341796875,7739.42529296875,-314.36181640625,-246.41348266601562,349.597900390625,946.90087890625,1313.47021484375,159.7935791015625,1,16.624977111816406,5182.60498046875,5402.4560546875,-189.88467407226562,-156.5779571533203,-166.990966796875,769.371337890625,902.3704833984375,339.7337646484375,1,18.778182983398438,5780.61279296875,5416.6279296875,-222.83438110351562,-170.03634643554688,179.55859375,1036.212158203125,812.894287109375,-50.17060852050781,1,21.99083709716797,6750.64697265625,6437.08642578125,-255.43316650390625,-195.95753479003906,51.185546875,898.20556640625,1324.9599609375,51.49658203125,1,15.183428764343262,4743.81201171875,4766.8046875,-172.7037811279297,-136.5690155029297,-189.178466796875,923.936279296875,1314.3662109375,10.920921325683594,1,15.732992172241211,4867.673828125,5042.82275390625,-177.7376708984375,-145.36183166503906,-176.762939453125,786.484130859375,706.9639892578125,233.92491149902344,1,24.351579666137695,7652.9091796875,7559.1689453125,-298.1732482910156,-240.75082397460938,341.225341796875,841.40576171875,672.436279296875,84.19630432128906,1,25.605388641357422,7740.677734375,8141.453125,-305.392822265625,-263.2102966308594,471.371337890625,657.220947265625,364.0301513671875,321.15594482421875,1,26.01480484008789,8217.9033203125,6796.90869140625,-332.4776611328125,-234.0240020751953,773.9482421875,827.34423828125,296.4078369140625,79.58125305175781,1,29.891767501831055,9327.517578125,8472.74609375,-372.14508056640625,-281.9786682128906,705.36279296875,971.4365234375,1167.1478271484375,114.61166381835938,1,16.649089813232422,4989.2021484375,4864.8779296875,-187.1001434326172,-145.97500610351562,-17.41455078125,881.01318359375,1291.665771484375,14.4805908203125,1,16.247861862182617,5014.064453125,5130.611328125,-187.1763916015625,-152.9100341796875,-46.673095703125,871.515380859375,1125.78125,254.4246368408203,1,16.59111213684082,5277.9990234375,5291.16552734375,-189.39849853515625,-148.13690185546875,-301.824462890625,1008.516845703125,1074.357666015625,-17.36791229248047,1,19.291404724121094,5843.984375,5714.892578125,-222.9458465576172,-176.20387268066406,104.58984375,640.6953125,729.091796875,372.19281005859375,1,18.577285766601562,5683.1201171875,5835.76171875,-212.71458435058594,-174.63662719726562,-34.1435546875,977.3603515625,604.100341796875,-92.49991607666016,1,23.022327423095703,7139.2158203125,7467.31005859375,-257.9727783203125,-211.9679412841797,-348.88232421875,SN000368420812,Pumba,72503.8,2025-12-19T19:08:23.830Z,1765551350665643300,3D
632.22607421875,15.705322265625,421.7406005859375,1,28.553199768066406,8376.41015625,7724.8466796875,-343.162353515625,-267.92730712890625,931.68994140625,856.271240234375,-64.983154296875,131.86611938476562,1,28.855754852294922,8377.98046875,7852.6552734375,-328.2105407714844,-253.07717895507812,435.833740234375,945.921142578125,1312.96337890625,160.6399688720703,1,16.384754180908203,5011.7041015625,5520.892578125,-182.1046600341797,-158.4716339111328,-211.617919921875,768.50341796875,903.4886474609375,340.42181396484375,1,18.512771606445312,5702.810546875,5370.400390625,-218.38650512695312,-166.7463836669922,129.218505859375,1033.08056640625,810.8765869140625,-51.44142150878906,1,21.476104736328125,6489.044921875,6300.48095703125,-245.32754516601562,-191.51451110839844,42.651611328125,895.7158203125,1324.560302734375,52.63685607910156,1,15.33364486694336,4814.89208984375,4823.18359375,-175.3668212890625,-138.254150390625,-189.60400390625,921.3798828125,1315.0914306640625,11.559089660644531,1,16.174280166625977,5218.693359375,5675.18408203125,-182.53273010253906,-153.93763732910156,-455.79443359375,786.72607421875,705.5169677734375,233.7363739013672,1,25.651355743408203,8509.34765625,8326.646484375,-322.2666320800781,-253.7422637939453,71.19189453125,841.622314453125,672.09375,83.19892883300781,1,25.27809715270996,7778.1474609375,7740.6552734375,-306.7449035644531,-251.04393005371094,469.419921875,656.423828125,361.935546875,321.91033935546875,1,26.3773250579834,8271.087890625,6999.48291015625,-335.8000793457031,-241.78355407714844,817.708984375,826.190185546875,294.9427490234375,79.5792236328125,1,29.092876434326172,9029.251953125,8437.01953125,-356.5745849609375,-275.48297119140625,561.435302734375,971.689697265625,1168.0224609375,114.48902893066406,1,16.727800369262695,4993.10400390625,4920.10302734375,-187.59820556640625,-148.07937622070312,-5.78076171875,878.953857421875,1291.188232421875,15.263076782226562,1,15.835577964782715,4851.4755859375,5049.9580078125,-179.66307067871094,-148.7389678955078,-92.830078125,870.93115234375,1127.5433349609375,254.6864471435547,1,17.289087295532227,5478.451171875,5658.0029296875,-197.9515380859375,-160.4617462158203,-268.448486328125,1010.050537109375,1073.341552734375,-16.468246459960938,1,19.21551513671875,5787.5087890625,5743.81640625,-220.74990844726562,-176.98912048339844,102.25341796875,641.837890625,728.2493896484375,374.7578125,1,18.856693267822266,5838.2275390625,6056.8369140625,-216.6925811767578,-178.9849853515625,-95.828857421875,972.891845703125,602.171630859375,-95.85488891601562,1,24.114334106445312,7402.1240234375,7575.412109375,-276.23956298828125,-225.6717987060547,-71.51123046875,SN000368420812,Pumba,72503.966,2025-12-19T19:08:23.974Z,1765551350697502000,3D
632.66845703125,19.96826171875,418.3819580078125,1,28.11378288269043,8236.7626953125,7623.572265625,-335.9068298339844,-262.378173828125,865.459228515625,848.052734375,-61.64306640625,132.50665283203125,1,29.24959373474121,8321.6171875,8082.8994140625,-329.0310363769531,-263.6959228515625,533.399169921875,949.47265625,1313.95849609375,159.2988739013672,1,16.40741539001465,5108.98046875,5381.4580078125,-185.9447784423828,-154.48672485351562,-205.716552734375,768.283447265625,903.4603271484375,340.48333740234375,1,18.856582641601562,5821.6240234375,5491.48095703125,-223.8033905029297,-171.57757568359375,160.5009765625,1035.7109375,811.0772705078125,-49.97191619873047,1,21.83234214782715,6648.5537109375,6368.27685546875,-252.3258056640625,-194.7995147705078,75.5693359375,897.6748046875,1326.6943359375,52.67242431640625,1,15.120015144348145,4759.21240234375,4735.77734375,-172.62188720703125,-134.80718994140625,-211.116455078125,922.068115234375,1316.212158203125,11.285652160644531,1,16.120656967163086,5150.318359375,5549.51611328125,-182.1779327392578,-152.91453552246094,-382.255859375,786.15869140625,708.5499267578125,233.83985900878906,1,25.789806365966797,8559.751953125,8389.11328125,-324.2298583984375,-255.70913696289062,73.37548828125,843.531494140625,672.9100341796875,85.40342712402344,1,25.37616539001465,7830.8330078125,7656.546875,-310.03277587890625,-250.13372802734375,512.65673828125,657.954833984375,365.6143798828125,321.6495361328125,1,26.127498626708984,8150.1767578125,6824.3076171875,-332.2754821777344,-237.7796173095703,851.755859375,825.530029296875,297.3013916015625,79.04835510253906,1,30.258872985839844,9511.529296875,8442.056640625,-381.07684326171875,-283.5534973144531,771.77880859375,972.031005859375,1167.802734375,113.06590270996094,1,16.74038314819336,5025.94677734375,4925.35546875,-188.3401336669922,-147.62091064453125,-22.170166015625,879.105224609375,1293.8553466796875,15.961494445800781,1,15.782430648803711,4772.04345703125,4983.890625,-178.32601928710938,-148.80810546875,-38.044921875,870.1240234375,1125.3267822265625,251.34312438964844,1,17.442150115966797,5520.0126953125,5656.87890625,-200.8655242919922,-162.111328125,-223.73486328125,1015.13623046875,1072.790771484375,-15.265159606933594,1,19.502925872802734,5840.82421875,5773.681640625,-225.0968017578125,-180.80966186523438,179.809814453125,645.81787109375,727.558349609375,380.982177734375,1,18.590871810913086,5786.310546875,5917.3525390625,-213.78451538085938,-173.58665466308594,-127.425537109375,975.454345703125,603.6790771484375,-96.30403900146484,1,24.40842056274414,7514.927734375,7578.24267578125,-282.4079284667969,-228.15475463867188,-7.832763671875,SN000368420812,Pumba,72504.066,2025-12-19T19:08:24.088Z,1765551350729434200,3D
629.563720703125,22.592041015625,417.76336669921875,1,28.629037857055664,8338.033203125,7844.06982421875,-342.1791076660156,-272.1000671386719,946.965576171875,846.747802734375,-61.156005859375,129.67625427246094,1,28.50928497314453,8049.1416015625,7985.76171875,-315.990966796875,-257.29241943359375,441.10888671875,947.5751953125,1314.802734375,155.65895080566406,1,16.68136978149414,5204.43310546875,5452.4443359375,-190.41107177734375,-157.71783447265625,-176.775634765625,770.054931640625,903.817626953125,340.07275390625,1,18.67456817626953,5763.54833984375,5383.6806640625,-221.60504150390625,-168.3098602294922,160.1005859375,1032.451171875,813.7508544921875,-51.27899169921875,1,21.598522186279297,6519.888671875,6365.3876953125,-246.6974334716797,-193.73348999023438,49.57568359375,903.86572265625,1325.9937744140625,45.90191650390625,1,15.465721130371094,4837.62255859375,4841.259765625,-177.40399169921875,-140.2735137939453,-150.454833984375,929.95166015625,1312.13916015625,6.877815246582031,1,16.645275115966797,5313.4580078125,5817.71875,-188.98228454589844,-161.833984375,-360.2880859375,785.3701171875,706.774169921875,232.92848205566406,1,24.12221336364746,7584.59716796875,7566.2109375,-293.82476806640625,-238.746337890625,282.330322265625,842.968994140625,670.9237060546875,85.46536254882812,1,25.01072883605957,7669.5693359375,7594.9404296875,-302.81927490234375,-246.84938049316406,474.793701171875,655.72119140625,365.979248046875,319.4444580078125,1,25.811187744140625,8046.9775390625,6806.1357421875,-326.4279479980469,-234.78271484375,786.70751953125,829.429931640625,296.8697509765625,79.7169189453125,1,29.077320098876953,9069.2890625,8218.98046875,-359.9102478027344,-271.1852111816406,622.01904296875,968.941162109375,1164.2861328125,114.558349609375,1,16.639022827148438,4967.15966796875,4896.6982421875,-186.2133026123047,-146.86387634277344,-19.309814453125,885.562255859375,1292.96142578125,9.583251953125,1,15.750476837158203,4770.279296875,5013.591796875,-177.5865020751953,-148.86434936523438,-60.360595703125,868.06884765625,1126.7579345703125,252.86134338378906,1,17.401817321777344,5538.62890625,5654.92236328125,-200.66793823242188,-160.93142700195312,-253.50634765625,1010.93505859375,1074.0943603515625,-16.222213745117188,1,19.081911087036133,5724.7158203125,5716.55908203125,-217.7454833984375,-175.3679656982422,81.059326171875,645.587646484375,729.070556640625,373.37335205078125,1,18.63239097595215,5733.25537109375,5859.55615234375,-213.8192596435547,-174.3783721923828,-60.057373046875,976.06396484375,605.9635009765625,-95.81346130371094,1,22.406848907470703,6866.76025390625,7124.7021484375,-249.03138732910156,-203.27125549316406,-305.31005859375,SN000368420812,Pumba,72504.2,2025-12-19T19:08:24.203Z,1765551350761483500,3D
630.296142578125,22.077880859375,417.94586181640625,1,29.93688201904297,8822.5908203125,8001.185546875,-367.08819580078125,-285.15936279296875,1167.918701171875,846.63232421875,-60.008056640625,131.188232421875,1,28.807861328125,8306.2578125,7797.0712890625,-327.2015075683594,-253.5093994140625,491.84619140625,949.553466796875,1313.6400146484375,157.91456604003906,1,16.330055236816406,5055.119140625,5512.49267578125,-182.31948852539062,-156.4470672607422,-258.667236328125,768.429443359375,904.49169921875,339.98309326171875,1,18.84573745727539,5705.8095703125,5748.63037109375,-218.31263732910156,-177.92567443847656,123.027587890625,1039.345703125,811.16796875,-50.68804931640625,1,21.31034278869629,6390.8642578125,6185.5419921875,-242.90896606445312,-189.64010620117188,84.97021484375,902.200927734375,1325.8167724609375,49.51918029785156,1,15.322726249694824,4823.2666015625,4902.65673828125,-174.23660278320312,-138.8488006591797,-237.493896484375,927.826904296875,1314.2227783203125,9.344329833984375,1,16.460926055908203,5281.66796875,5764.08203125,-186.1426239013672,-158.16641235351562,-414.696044921875,786.988037109375,708.111328125,233.5429229736328,1,24.361433029174805,7653.4501953125,7526.44921875,-298.74920654296875,-240.4567108154297,359.634521484375,843.574462890625,672.815673828125,85.19085693359375,1,25.785526275634766,8006.49072265625,7739.974609375,-317.644775390625,-253.89788818359375,545.784912109375,657.870849609375,366.55224609375,321.15740966796875,1,26.349132537841797,8298.8212890625,7022.3935546875,-335.8382568359375,-241.21966552734375,784.357666015625,824.00439453125,298.257568359375,79.72531127929688,1,30.261293411254883,9530.51953125,8392.0849609375,-381.9690246582031,-282.2669372558594,777.66259765625,972.538330078125,1166.1707763671875,114.04750061035156,1,16.59877586364746,4944.05419921875,4874.06396484375,-185.52719116210938,-146.41009521484375,-13.222412109375,884.356689453125,1292.910888671875,12.705657958984375,1,15.909173011779785,4837.7314453125,5048.533203125,-180.2675323486328,-150.09588623046875,-55.63623046875,871.12109375,1125.7568359375,252.3181610107422,1,17.2862606048584,5500.79541015625,5671.7998046875,-198.3516082763672,-160.32752990722656,-283.084716796875,1012.208251953125,1071.494873046875,-15.350997924804688,1,19.50702476501465,5865.02685546875,5785.0849609375,-225.455078125,-180.46395874023438,161.48828125,643.2587890625,730.51953125,377.35455322265625,1,18.192079544067383,5631.947265625,5781.6611328125,-207.08502197265625,-168.38424682617188,-156.85546875,973.41650390625,605.939697265625,-96.19698333740234,1,24.381710052490234,7542.79296875,7593.984375,-282.3795166015625,-227.285400390625,-43.542724609375,SN000368420812,Pumba,72504.3,2025-12-19T19:08:24.329Z,1765551350793478900,3D
630.12744140625,20.97705078125,417.57281494140625,1,30.420835494995117,9012.3583984375,8024.47802734375,-376.7364196777344,-288.98675537109375,1250.924072265625,847.37939453125,-60.48095703125,130.67950439453125,1,28.19638442993164,8051.3544921875,7705.6923828125,-315.45379638671875,-248.0675506591797,420.527587890625,947.262451171875,1313.5438232421875,157.16909790039062,1,16.3861141204834,4991.939453125,5442.12109375,-182.6031036376953,-157.64524841308594,-170.4287109375,768.655517578125,904.150390625,339.89910888671875,1,18.411094665527344,5657.037109375,5339.55517578125,-216.66578674316406,-165.81858825683594,129.288330078125,1037.233154296875,811.596435546875,-49.65034866333008,1,21.540372848510742,6508.07666015625,6277.75927734375,-246.57188415527344,-191.48789978027344,60.170166015625,902.56201171875,1328.664794921875,48.01420593261719,1,15.23432731628418,4748.83447265625,4696.54931640625,-174.20822143554688,-136.0904998779297,-145.57275390625,928.9111328125,1317.48681640625,8.187507629394531,1,15.843847274780273,5047.3291015625,5374.1875,-178.39942932128906,-147.7476806640625,-378.963623046875,785.343017578125,708.100341796875,232.9110565185547,1,25.42073631286621,8418.42578125,8183.630859375,-319.2427673339844,-249.92481994628906,84.412353515625,842.175537109375,672.786865234375,84.64801025390625,1,25.06719398498535,7777.7421875,7650.67724609375,-304.9256896972656,-246.07847595214844,409.642822265625,659.681396484375,365.2294921875,320.50970458984375,1,24.988672256469727,7735.140625,6855.26953125,-309.0855712890625,-229.27432250976562,601.002685546875,826.87060546875,298.0032958984375,79.72042846679688,1,29.361499786376953,9124.443359375,8288.21484375,-364.0206298828125,-275.8118591308594,689.4208984375,970.661376953125,1166.4488525390625,113.08033752441406,1,17.29705238342285,5188.31103515625,5065.05078125,-196.99755859375,-155.0115203857422,62.19091796875,885.053466796875,1296.796630859375,10.13800048828125,1,15.808177947998047,4756.73046875,4991.12939453125,-178.13697814941406,-149.5100555419922,-25.1904296875,869.624755859375,1125.986083984375,251.6373748779297,1,17.288236618041992,5443.45458984375,5586.6201171875,-198.16421508789062,-160.217041015625,-217.737548828125,1013.03759765625,1072.40185546875,-15.62835693359375,1,19.13116455078125,5776.52392578125,5613.43359375,-220.71180725097656,-173.52389526367188,114.722900390625,642.269287109375,730.4561767578125,374.4302978515625,1,18.149066925048828,5536.4306640625,5708.8798828125,-205.74734497070312,-169.00540161132812,-82.030517578125,973.670654296875,605.911376953125,-96.50113677978516,1,23.847368240356445,7390.8564453125,7736.13818359375,-270.853515625,-224.33026123046875,-235.9873046875,SN000368420812,Pumba,72504.433,2025-12-19T19:08:24.449Z,1765551350825590100,3D
633.659912109375,19.167724609375,415.71160888671875,1,28.528484344482422,8491.265625,7668.89501953125,-346.0514221191406,-264.4485168457031,884.104248046875,852.734375,-62.309326171875,125.82722473144531,1,28.81416893005371,8349.275390625,7918.13818359375,-326.62213134765625,-254.41900634765625,418.974853515625,944.355712890625,1310.327880859375,159.25213623046875,1,16.292984008789062,4994.54736328125,5499.1611328125,-180.81735229492188,-157.0157012939453,-232.87548828125,771.164306640625,902.4827880859375,340.6845703125,1,18.863697052001953,5767.10205078125,5811.7216796875,-219.0172119140625,-177.82945251464844,69.8994140625,1034.76220703125,811.41650390625,-50.71568298339844,1,21.67696189880371,6519.53076171875,6497.6923828125,-246.0724639892578,-196.962646484375,29.314453125,899.119384765625,1324.37939453125,50.12226867675781,1,14.980152130126953,4633.08447265625,4685.5166015625,-168.8649139404297,-134.52749633789062,-178.25341796875,925.914794921875,1314.49853515625,10.225936889648438,1,16.37200927734375,5234.82666015625,5594.52685546875,-186.3425750732422,-155.4997100830078,-349.646728515625,788.117431640625,706.1380615234375,234.08241271972656,1,24.375999450683594,7770.078125,7614.61328125,-300.1258544921875,-239.35647583007812,259.741455078125,839.9697265625,671.8623046875,83.69277954101562,1,25.46772003173828,7977.91796875,7787.0771484375,-312.4361572265625,-250.1624298095703,408.798828125,657.809326171875,364.899658203125,321.9251708984375,1,25.965595245361328,8162.9833984375,6890.09814453125,-329.54022216796875,-235.75057983398438,745.12841796875,827.94384765625,296.788330078125,80.32742309570312,1,29.439363479614258,9084.35546875,8267.330078125,-364.3697814941406,-277.50042724609375,751.025146484375,970.062744140625,1165.2073974609375,113.87199401855469,1,16.662145614624023,5000.8203125,4916.6689453125,-186.92518615722656,-146.7736358642578,-37.71435546875,882.887451171875,1292.076171875,12.016990661621094,1,16.002836227416992,4836.99169921875,5021.89990234375,-181.96047973632812,-151.43907165527344,1.381591796875,870.086669921875,1125.6856689453125,253.24461364746094,1,17.168554306030273,5461.9052734375,5581.7138671875,-197.05442810058594,-157.81765747070312,-277.5458984375,1011.6513671875,1072.3377685546875,-15.994941711425781,1,19.205646514892578,5871.408203125,5764.91796875,-221.65097045898438,-174.8097381591797,27.466064453125,644.91162109375,728.5684814453125,375.15765380859375,1,18.282663345336914,5593.11328125,5783.29931640625,-207.73651123046875,-171.07025146484375,-86.83056640625,974.645751953125,604.581787109375,-97.47628021240234,1,23.888225555419922,7264.1982421875,7652.974609375,-270.0027160644531,-226.7084197998047,-106.158447265625,SN000368420812,Pumba,72504.533,2025-12-19T19:08:24.560Z,1765551350857801300,3D
628.646240234375,18.5830078125,415.72564697265625,1,28.987001419067383,8564.61328125,7742.552734375,-352.3327331542969,-271.06329345703125,1000.796875,853.4853515625,-62.56640625,128.38502502441406,1,28.639907836914062,8278.814453125,7958.46728515625,-322.038818359375,-253.22744750976562,355.02685546875,952.671875,1313.4462890625,157.91542053222656,1,17.004150390625,5313.2919921875,5605.5458984375,-194.98648071289062,-162.9328155517578,-160.9638671875,767.765380859375,905.389892578125,339.40142822265625,1,18.776119232177734,5764.69384765625,5438.1142578125,-222.15187072753906,-170.5809326171875,176.810302734375,1036.664794921875,810.7713623046875,-50.543983459472656,1,21.39218521118164,6464.990234375,6213.23046875,-244.8306427001953,-189.39178466796875,56.1943359375,898.593505859375,1321.08642578125,51.89271545410156,1,15.76186752319336,4993.943359375,4948.8125,-182.85340881347656,-142.97564697265625,-164.8720703125,922.366943359375,1309.3677978515625,10.457908630371094,1,17.998783111572266,5881.994140625,6343.5869140625,-211.09414672851562,-178.58583068847656,-336.770751953125,785.894287109375,707.53662109375,233.60618591308594,1,25.79538917541504,8454.802734375,8292.5703125,-323.4509582519531,-256.75372314453125,178.5048828125,841.1904296875,672.6148681640625,84.15602111816406,1,25.239591598510742,7777.7802734375,7591.58447265625,-308.0805358886719,-248.22964477539062,514.14013671875,656.78759765625,364.9141845703125,321.8382568359375,1,25.98895263671875,8160.650390625,6830.0673828125,-330.6158142089844,-235.39065551757812,783.677490234375,825.460205078125,296.757568359375,79.46681213378906,1,29.871767044067383,9306.5107421875,8370.095703125,-372.9283142089844,-280.8450927734375,757.51220703125,974.27490234375,1166.0615234375,113.42127990722656,1,16.648330688476562,4998.78515625,4840.2373046875,-187.608642578125,-145.41575622558594,-12.522705078125,879.8798828125,1286.503173828125,16.8707275390625,1,16.43889045715332,5093.53515625,5174.70361328125,-190.66661071777344,-154.8623809814453,-30.150634765625,872.005615234375,1126.9931640625,252.15406799316406,1,17.382099151611328,5562.06396484375,5733.44482421875,-199.908447265625,-161.2523956298828,-307.917724609375,1012.49755859375,1072.471435546875,-17.430801391601562,1,18.910131454467773,5696.63671875,5586.5107421875,-216.6576385498047,-171.4054412841797,80.0244140625,644.538818359375,729.6522216796875,378.66748046875,1,19.465097427368164,6141.1572265625,5965.857421875,-231.35977172851562,-180.31158447265625,12.34326171875,974.435791015625,603.7315673828125,-96.20921325683594,1,23.025632858276367,6967.71875,7233.1787109375,-257.927978515625,-212.9022674560547,-136.42529296875,SN000368420812,Pumba,72504.666,2025-12-19T19:08:24.684Z,1765551350905852000,3D
631.297607421875,19.979736328125,415.50823974609375,1,27.76152801513672,8170.5888671875,7559.21875,-331.1329345703125,-257.58795166015625,789.768310546875,849.386474609375,-61.041748046875,130.92054748535156,1,28.721805572509766,8279.154296875,7873.7548828125,-324.084716796875,-253.20819091796875,422.415771484375,947.02197265625,1312.4349365234375,159.4730987548828,1,16.443954467773438,4992.22509765625,5494.93798828125,-182.603759765625,-159.22647094726562,-170.75048828125,771.240966796875,903.9439697265625,340.26654052734375,1,18.52078628540039,5615.7216796875,5615.4072265625,-214.0726318359375,-172.8469696044922,94.887939453125,1038.901123046875,813.468017578125,-50.291542053222656,1,21.357772827148438,6467.232421875,6197.5361328125,-244.47496032714844,-188.36929321289062,41.621337890625,897.086669921875,1324.5592041015625,52.235321044921875,1,15.44204330444336,4768.06884765625,4894.8212890625,-174.9209747314453,-142.0587921142578,-145.948486328125,921.92529296875,1313.442626953125,11.43505859375,1,16.301118850708008,5303.3232421875,5592.6875,-186.71084594726562,-152.6864471435547,-422.903076171875,787.5361328125,706.9559326171875,236.32997131347656,1,24.19461441040039,7522.5830078125,7437.974609375,-295.14306640625,-239.4346466064453,403.396484375,842.609619140625,671.7169189453125,87.39364624023438,1,25.313447952270508,7642.81298828125,8029.470703125,-301.1933288574219,-259.1883850097656,454.27880859375,656.855224609375,365.2056884765625,320.848876953125,1,24.891632080078125,7694.31884765625,6824.138671875,-307.39111328125,-228.13829040527344,595.77734375,826.045166015625,297.070068359375,78.67645263671875,1,29.27170181274414,9244.48046875,8140.755859375,-366.7126770019531,-269.0835266113281,628.88916015625,969.9482421875,1165.6275634765625,114.60459899902344,1,17.360286712646484,5203.1943359375,5124.765625,-197.3152313232422,-156.5106964111328,54.1572265625,878.787109375,1291.61767578125,15.677101135253906,1,15.610902786254883,4700.1806640625,5012.7685546875,-174.15850830078125,-147.85533142089844,-86.48779296875,869.32470703125,1127.7481689453125,253.76707458496094,1,17.214759826660156,5474.5419921875,5592.7744140625,-197.70384216308594,-158.36819458007812,-271.781982421875,1011.553466796875,1073.8634033203125,-15.599250793457031,1,20.076570510864258,6236.9462890625,5893.73583984375,-238.57281494140625,-182.64031982421875,132.224365234375,645.500244140625,729.522705078125,373.41033935546875,1,18.84252166748047,5968.65234375,6012.9033203125,-219.32518005371094,-174.8183135986328,-171.287353515625,976.186767578125,607.2203369140625,-95.75086975097656,1,23.809343338012695,7270.9951171875,7542.3984375,-270.277099609375,-223.395263671875,-105.531494140625,SN000368420812,Pumba,72504.8,2025-12-19T19:08:24.802Z,1765551350937238400,3D
629.394287109375,19.05712890625,419.1773681640625,1,28.965576171875,8585.626953125,7810.384765625,-351.80731201171875,-271.4671325683594,957.14501953125,849.738037109375,-64.892578125,131.68533325195312,1,29.236177444458008,8527.412109375,7881.2060546875,-335.8577880859375,-256.4609375,502.827392578125,952.5283203125,1312.2650146484375,157.91879272460938,1,16.782974243164062,5287.66015625,5526.595703125,-192.48065185546875,-158.62818908691406,-212.028564453125,771.9345703125,903.6878662109375,339.89910888671875,1,18.736373901367188,5674.1591796875,5714.09765625,-216.63272094726562,-176.2744140625,106.8447265625,1037.92431640625,811.8997802734375,-50.50297164916992,1,21.586462020874023,6553.65869140625,6259.8232421875,-248.3812713623047,-191.06314086914062,63.255859375,898.966064453125,1326.1163330078125,52.06480407714844,1,15.253432273864746,4789.3876953125,4790.93798828125,-174.24159240722656,-137.0751495361328,-195.0791015625,922.83251953125,1316.2901611328125,10.1082763671875,1,16.468217849731445,5402.77734375,5770.49072265625,-188.79954528808594,-155.98585510253906,-477.77685546875,787.73779296875,708.1868896484375,235.2314910888672,1,25.158126831054688,8403.1171875,8347.451171875,-313.4075012207031,-248.306396484375,-89.87646484375,842.81982421875,671.6295166015625,85.82960510253906,1,25.262285232543945,7753.3916015625,7676.49951171875,-306.7463073730469,-250.27279663085938,500.362548828125,657.6044921875,364.4991455078125,320.131591796875,1,27.347816467285156,8739.892578125,7347.7763671875,-353.3734130859375,-252.19879150390625,815.212646484375,829.417236328125,295.1370849609375,80.20680236816406,1,29.800790786743164,9339.20703125,8406.791015625,-372.2879638671875,-279.6174011230469,695.48193359375,974.496337890625,1166.8681640625,110.43557739257812,1,16.72250747680664,4974.49267578125,4897.755859375,-187.45989990234375,-148.10667419433594,12.854736328125,879.98876953125,1293.59375,15.14471435546875,1,15.905954360961914,4926.279296875,5081.02197265625,-181.7147979736328,-148.72259521484375,-118.168212890625,873.38330078125,1125.9989013671875,250.0529022216797,1,17.343605041503906,5506.4716796875,5728.0478515625,-198.5186004638672,-161.9664764404297,-284.62939453125,1017.855224609375,1074.5911865234375,-19.424148559570312,1,19.340282440185547,5844.4599609375,5703.8369140625,-223.79649353027344,-176.90921020507812,132.183349609375,643.283935546875,730.5821533203125,375.0408935546875,1,18.422380447387695,5810.87158203125,5919.8798828125,-211.86074829101562,-170.10926818847656,-221.815673828125,972.143798828125,605.394287109375,-95.18347930908203,1,23.363567352294922,7150.8017578125,7361.013671875,-264.34539794921875,-216.16688537597656,-152.16748046875,SN000368420812,Pumba,72504.9,2025-12-19T19:08:24.910Z,1765551350969889000,3D
633.141845703125,18.58251953125,415.68121337890625,1,28.457477569580078,8446.6484375,7658.75927734375,-344.3384704589844,-264.1011962890625,883.005126953125,850.397216796875,-61.909912109375,131.60977172851562,1,29.156660079956055,8440.4716796875,7923.9296875,-332.4108581542969,-257.53326416015625,497.082763671875,949.703857421875,1313.410400390625,159.5025177001953,1,17.104976654052734,5358.21435546875,5730.31298828125,-195.39320373535156,-165.09523010253906,-203.50732421875,769.20703125,903.9371337890625,339.9443359375,1,18.739643096923828,5731.4013671875,5347.29296875,-222.14906311035156,-169.4008026123047,218.25390625,1035.633056640625,812.4781494140625,-50.90842819213867,1,21.59499740600586,6539.970703125,6338.224609375,-247.27442932128906,-192.6907196044922,43.65185546875,899.49951171875,1328.474853515625,52.52412414550781,1,15.442459106445312,4910.578125,4920.48876953125,-177.4422149658203,-139.28521728515625,-240.205078125,924.1025390625,1317.874755859375,11.338401794433594,1,15.502555847167969,4698.64501953125,4845.8994140625,-173.9571533203125,-142.64227294921875,-91.174560546875,789.445556640625,707.0723876953125,235.8512420654297,1,25.56464195251465,8535.787109375,8119.2421875,-324.1043701171875,-248.53533935546875,99.1123046875,843.378173828125,672.2783203125,86.07272338867188,1,25.57843017578125,7681.2998046875,8061.85205078125,-304.91729736328125,-263.0041809082031,529.694091796875,659.575439453125,364.5052490234375,321.33599853515625,1,25.729045867919922,8144.033203125,6875.0849609375,-326.30419921875,-232.1500701904297,661.513916015625,827.343017578125,296.8861083984375,79.36004638671875,1,28.904970169067383,9044.814453125,8209.1162109375,-356.94140625,-268.3334045410156,554.193359375,971.893798828125,1166.899658203125,113.2635498046875,1,16.779020309448242,5028.6259765625,4935.9736328125,-188.6160430908203,-148.15989685058594,-16.353759765625,880.6142578125,1296.496826171875,15.277969360351562,1,15.814489364624023,4865.279296875,5061.0673828125,-179.60891723632812,-148.35813903808594,-111.85693359375,872.67529296875,1125.841064453125,253.4120330810547,1,17.105690002441406,5468.3056640625,5455.33154296875,-197.70986938476562,-154.52169799804688,-263.793701171875,1011.77099609375,1073.823974609375,-17.152015686035156,1,19.181041717529297,5730.59521484375,5666.7578125,-219.72178649902344,-176.05503845214844,139.22900390625,643.85595703125,729.7022705078125,377.8009033203125,1,18.441917419433594,5684.08984375,5779.9931640625,-211.56158447265625,-171.46983337402344,-73.5634765625,974.787841796875,605.1517333984375,-95.93678283691406,1,22.91282844543457,7079.12548828125,7446.4599609375,-256.12139892578125,-211.8506622314453,-335.31494140625,SN000368420812,Pumba,72505,2025-12-19T19:08:25.031Z,1765551351001452200,3D
632.71240234375,13.915283203125,419.4443359375,1,29.39607810974121,8624.513671875,7769.9287109375,-358.5655822753906,-276.8522644042969,1132.631103515625,850.98828125,-67.50341796875,134.90586853027344,1,29.33960723876953,8402.4931640625,8122.986328125,-331.8377990722656,-264.6080627441406,525.462890625,952.227783203125,1316.9813232421875,159.0211639404297,1,16.099292755126953,4862.591796875,5362.0771484375,-177.31057739257812,-154.70216369628906,-184.45166015625,768.2041015625,903.3779296875,339.97760009765625,1,18.636348724365234,5682.76708984375,5335.01318359375,-220.14190673828125,-168.81019592285156,212.399169921875,1036.076904296875,811.2537841796875,-51.087615966796875,1,21.4987735748291,6488.98046875,6267.7109375,-246.0384063720703,-191.4156951904297,66.291259765625,899.685302734375,1330.32666015625,52.125244140625,1,14.968515396118164,4610.638671875,4647.25390625,-168.858154296875,-134.418701171875,-150.482421875,923.482421875,1318.513916015625,10.440109252929688,1,15.086065292358398,4606.83203125,4804.27734375,-167.19857788085938,-137.26634216308594,-200.61767578125,788.025390625,705.802001953125,236.3421173095703,1,25.673622131347656,8517.71875,8238.55859375,-323.6388244628906,-252.4034423828125,106.2373046875,841.608642578125,670.7850341796875,85.409423828125,1,25.17530632019043,7790.24560546875,7608.064453125,-307.098388671875,-246.9162139892578,466.05126953125,656.38232421875,361.205810546875,321.08984375,1,26.345367431640625,8283.091796875,6818.8681640625,-337.6792297363281,-238.11471557617188,865.020263671875,827.46826171875,293.0107421875,79.33425903320312,1,29.26760482788086,9005.189453125,8281.6689453125,-360.34423828125,-276.6290588378906,716.390625,972.5556640625,1168.0438232421875,113.32939147949219,1,16.604143142700195,4948.505859375,4883.466796875,-185.53245544433594,-146.49136352539062,-18.5986328125,879.60888671875,1297.5478515625,15.753662109375,1,15.811880111694336,4801.7392578125,5054.5537109375,-178.52386474609375,-149.79209899902344,-68.548095703125,870.7021484375,1127.4312744140625,253.06044006347656,1,17.306137084960938,5499.8212890625,5662.8056640625,-198.47605895996094,-160.2574462890625,-277.722412109375,1015.36474609375,1074.4461669921875,-16.907730102539062,1,19.374711990356445,5870.6259765625,5713.236328125,-224.62364196777344,-176.99583435058594,126.952880859375,643.6103515625,726.98388671875,378.01531982421875,1,18.725738525390625,5814.923828125,6019.5546875,-214.83441162109375,-176.6364288330078,-128.3251953125,974.69189453125,602.72998046875,-96.47541809082031,1,24.095861434936523,7415.20703125,7644.85595703125,-275.6020812988281,-226.35694885253906,-108.9814453125,SN000368420812,Pumba,72505.166,2025-12-19T19:08:25.173Z,1765551351033309100,3D
634.059326171875,15.184326171875,415.53521728515625,1,28.96417999267578,8555.1162109375,8018.291015625,-348.3094787597656,-274.80975341796875,879.324462890625,851.869384765625,-64.14453125,134.22914123535156,1,28.748035430908203,8318.1865234375,7821.66845703125,-325.68023681640625,-251.7941436767578,426.607177734375,948.113525390625,1311.53076171875,161.83447265625,1,16.697154998779297,5230.28857421875,5427.5771484375,-191.39480590820312,-156.98046875,-176.43017578125,768.44384765625,902.2298583984375,341.654296875,1,18.715354919433594,5694.9404296875,5607.9287109375,-218.14527893066406,-173.98191833496094,131.035888671875,1036.51611328125,813.07080078125,-50.54892349243164,1,21.862810134887695,6605.98046875,6277.3388671875,-252.88302612304688,-194.75070190429688,147.1689453125,900.3056640625,1324.5323486328125,53.287353515625,1,15.215051651000977,4750.07177734375,4822.12353515625,-172.69419860839844,-137.93202209472656,-197.317626953125,926.18017578125,1313.93359375,12.793006896972656,1,15.979838371276855,4924.7421875,5191.52099609375,-180.41770935058594,-150.51165771484375,-159.153564453125,788.5966796875,704.42529296875,236.12693786621094,1,25.532390594482422,8427.2275390625,8210.7255859375,-320.415283203125,-251.79202270507812,112.303466796875,841.072509765625,670.78759765625,85.28767395019531,1,24.99718475341797,7679.62158203125,7643.439453125,-302.253662109375,-247.13482666015625,443.50439453125,656.365234375,362.0494384765625,321.3988037109375,1,26.944122314453125,8499.4638671875,7383.05078125,-342.9126281738281,-251.50450134277344,768.5068359375,826.288330078125,294.726318359375,79.68878173828125,1,29.487369537353516,9125.2734375,8448.6494140625,-363.31158447265625,-279.7295837402344,664.92919921875,971.884521484375,1165.1123046875,116.3502197265625,1,16.648996353149414,4964.8037109375,4917.47998046875,-186.03489685058594,-147.37901306152344,-22.28173828125,882.93603515625,1291.759033203125,15.876701354980469,1,15.744955062866211,4820.4384765625,5057.810546875,-178.01962280273438,-148.38290405273438,-108.596923828125,872.044677734375,1125.08544921875,256.493896484375,1,17.17176055908203,5481.978515625,5599.8818359375,-197.2562255859375,-157.67477416992188,-295.90283203125,1012.205810546875,1074.655517578125,-15.673896789550781,1,19.169824600219727,5764.0439453125,5673.90234375,-220.22438049316406,-175.32643127441406,114.1416015625,644.342529296875,726.76318359375,379.9383544921875,1,18.475669860839844,5676.681640625,5734.8828125,-212.2650604248047,-171.33456420898438,-40.991455078125,974.608642578125,605.3775634765625,-94.1436996459961,1,23.045658111572266,7196.76171875,7458.33837890625,-259.6936950683594,-211.14120483398438,-363.665771484375,SN000368420812,Pumba,72505.266,2025-12-19T19:08:25.295Z,1765551351065326300,3D
629.75048828125,17.08056640625,419.59710693359375,1,29.659099578857422,8803.1708984375,7969.72509765625,-362.78460693359375,-279.7535705566406,1049.576171875,845.339111328125,-64.8017578125,135.0996856689453,1,28.72158432006836,8274.546875,7904.474609375,-323.63232421875,-253.787109375,413.1708984375,945.040771484375,1310.6875,159.58885192871094,1,16.68733024597168,5189.244140625,5445.578125,-190.2593994140625,-158.03488159179688,-162.848876953125,767.2060546875,903.361083984375,339.71441650390625,1,18.463302612304688,5643.4443359375,5321.52587890625,-217.23631286621094,-166.62503051757812,165.165771484375,1035.267578125,813.0118408203125,-51.16257858276367,1,21.225126266479492,6405.2197265625,6194.74365234375,-241.6868438720703,-187.7189483642578,26.576904296875,899.856689453125,1324.041259765625,50.06092834472656,1,15.448993682861328,4860.41064453125,4912.2333984375,-176.58001708984375,-140.31683349609375,-206.178955078125,926.7255859375,1313.750732421875,10.182655334472656,1,15.411606788635254,4703.447265625,4889.11474609375,-172.10264587402344,-141.4071044921875,-158.608642578125,787.646728515625,704.4573974609375,235.59584045410156,1,25.27667999267578,8333.470703125,8096.4072265625,-316.5538635253906,-247.92869567871094,101.31103515625,843.569091796875,669.686767578125,86.38951110839844,1,25.542476654052734,7922.82763671875,7647.34619140625,-314.0546875,-250.5532989501953,531.177001953125,656.158447265625,362.06103515625,320.72039794921875,1,25.412668228149414,7961.6923828125,6726.8134765625,-320.42144775390625,-228.9010467529297,694.05029296875,826.975830078125,294.006103515625,79.03082275390625,1,28.70932960510254,8894.787109375,8135.9990234375,-352.57171630859375,-267.72174072265625,596.537353515625,970.787841796875,1164.7283935546875,115.17759704589844,1,16.545055389404297,4907.8134765625,4851.0751953125,-184.30471801757812,-145.8935546875,-8.51171875,883.53759765625,1291.413818359375,12.107772827148438,1,15.524112701416016,4722.74072265625,4999.36328125,-173.6396484375,-145.74380493164062,-131.836181640625,871.01708984375,1126.218505859375,255.39842224121094,1,17.101863861083984,5431.3447265625,5589.78466796875,-195.3529815673828,-157.37393188476562,-295.792724609375,1012.359619140625,1074.53857421875,-16.37213897705078,1,19.129688262939453,5767.57958984375,5676.701171875,-219.8797149658203,-174.8146209716797,98.294189453125,643.244873046875,727.633056640625,376.3079833984375,1,18.797338485717773,5771.20556640625,5963.8076171875,-215.5037841796875,-177.8431396484375,-51.58056640625,970.752685546875,606.4423828125,-95.4913330078125,1,23.072376251220703,7055.44384765625,7395.37890625,-258.26971435546875,-214.1022491455078,-234.554931640625,SN000368420812,Pumba,72505.433,2025-12-19T19:08:25.437Z,1765551351097697000,3D
629.6064453125,16.395263671875,419.9241943359375,1,29.32463264465332,8521.0869140625,7744.22021484375,-356.104736328125,-277.86395263671875,1180.102294921875,849.36279296875,-65.510009765625,132.8126220703125,1,28.199302673339844,7939.67431640625,7928.7001953125,-310.5091857910156,-253.87286376953125,396.007080078125,945.958984375,1308.2222900390625,163.3061065673828,1,16.805191040039062,5236.20947265625,5616.2958984375,-190.7462615966797,-161.5873260498047,-205.31982421875,770.104248046875,901.5921630859375,341.30145263671875,1,18.616056442260742,5703.5224609375,5370.267578125,-219.90638732910156,-168.60513305664062,178.69140625,1034.776123046875,812.8585205078125,-50.80121612548828,1,21.748104095458984,6598.5263671875,6406.3681640625,-249.77847290039062,-195.1204071044922,53.56494140625,894.807373046875,1318.637451171875,55.95069885253906,1,15.22978401184082,4757.14892578125,4763.0830078125,-173.5354461669922,-136.8680419921875,-178.24755859375,920.3740234375,1310.01806640625,14.769332885742188,1,16.115703582763672,5210.716796875,5633.642578125,-181.97608947753906,-152.364501953125,-464.27880859375,786.822021484375,705.247314453125,235.59266662597656,1,25.91051483154297,8531.0595703125,8368.068359375,-325.45611572265625,-257.95184326171875,149.823486328125,842.6904296875,670,86.26588439941406,1,25.733142852783203,7988.5830078125,7852.8515625,-315.1628723144531,-255.04837036132812,485.88037109375,657.220947265625,361.6949462890625,320.934326171875,1,26.99791717529297,8479.146484375,7078.43994140625,-346.97747802734375,-248.33926391601562,928.569091796875,827.155029296875,293.8292236328125,78.76898193359375,1,31.294532775878906,9971.111328125,8965.9013671875,-397.0581970214844,-297.7126770019531,728.0419921875,973.314453125,1164.9530029296875,116.19461059570312,1,17.133634567260742,5174.69482421875,5038.8330078125,-194.9124298095703,-152.2584228515625,10.071044921875,878.767578125,1284.9794921875,18.697830200195312,1,16.03584098815918,4944.63330078125,5096.2412109375,-183.41250610351562,-150.43807983398438,-84.78515625,871.983154296875,1125.0855712890625,255.3743133544922,1,17.130796432495117,5415.5283203125,5503.06396484375,-196.5730743408203,-157.02230834960938,-235.632080078125,1011.8251953125,1074.8028564453125,-16.792495727539062,1,19.09515953063965,5755.77978515625,5593.66748046875,-220.1925811767578,-173.25384521484375,123.3857421875,643.321044921875,727.41796875,377.196044921875,1,18.39188003540039,5707.73095703125,5802.7080078125,-210.959716796875,-170.2940673828125,-122.99560546875,975.795654296875,604.32470703125,-94.9508285522461,1,24.024982452392578,7338.47265625,7720.97216796875,-272.5819396972656,-228.4892578125,-113.36376953125,SN000368420812,Pumba,72505.533,2025-12-19T19:08:25.554Z,1765551351129155200,3D
631.332763671875,15.407958984375,415.7257080078125,1,27.501008987426758,8095.3505859375,7724.5419921875,-324.08282470703125,-257.31414794921875,650.000244140625,848.57373046875,-65.194580078125,132.6343994140625,1,28.723167419433594,8130.9365234375,7943.08642578125,-320.584228515625,-257.8941345214844,491.31640625,947.253662109375,1314.8590087890625,156.36610412597656,1,17.00769805908203,5336.4072265625,5631.92919921875,-195.00857543945312,-162.6708984375,-189.058837890625,771.233154296875,903.005126953125,341.78216552734375,1,18.609535217285156,5689.26025390625,5386.9599609375,-219.152587890625,-168.83836364746094,171.520751953125,1038.661865234375,811.305419921875,-50.70646667480469,1,21.683456420898438,6511.732421875,6390.326171875,-247.49917602539062,-195.86917114257812,86.311279296875,898.897705078125,1325.6693115234375,47.84486389160156,1,15.552538871765137,4847.98291015625,4873.89794921875,-178.2115020751953,-141.77940368652344,-136.604248046875,924.172607421875,1313.201171875,7.515083312988281,1,16.684545516967773,5456.4716796875,5837.384765625,-191.82159423828125,-159.2528533935547,-444.60693359375,788.64599609375,704.23876953125,235.82176208496094,1,24.612201690673828,7679.328125,7632.8330078125,-301.14288330078125,-245.4378662109375,406.6923828125,844.067138671875,669.8126220703125,86.25059509277344,1,25.586986541748047,7941.63525390625,7758.5322265625,-313.53717041015625,-252.37916564941406,490.570556640625,656.59423828125,361.8519287109375,321.03179931640625,1,25.76093292236328,7993.0537109375,6808.1123046875,-324.59405517578125,-235.08709716796875,793.217041015625,826.489990234375,293.96826171875,78.92683410644531,1,28.980228424072266,9009.9794921875,8146.09716796875,-358.1232604980469,-269.54254150390625,636.817138671875,970.37109375,1165.64697265625,114.06248474121094,1,16.60860252380371,4930.01953125,4852.05859375,-185.48561096191406,-146.3537139892578,2.927001953125,880.439453125,1292.1978759765625,11.605010986328125,1,15.873647689819336,4864.18115234375,5083.09130859375,-179.8778076171875,-149.4099884033203,-101.553955078125,870.344970703125,1126.9298095703125,254.2576446533203,1,17.147701263427734,5414.7001953125,5540.056640625,-196.25428771972656,-157.77980041503906,-245.155517578125,1013.640625,1072.72412109375,-15.449493408203125,1,19.15834617614746,5755.537109375,5687.517578125,-219.9285888671875,-175.7675323486328,114.935546875,643.3466796875,729.505615234375,376.1533203125,1,19.509286880493164,6237.76171875,5982.025390625,-233.59637451171875,-179.0525360107422,-34.061279296875,979.267578125,603.2724609375,-95.94575500488281,1,25.176368713378906,7820.501953125,8155.8427734375,-291.3062744140625,-242.33229064941406,-94.170654296875,SN000368420812,Pumba,72505.666,2025-12-19T19:08:25.679Z,1765551351161167500,3D
633.849609375,13.729248046875,416.06585693359375,1,29.890483856201172,8858.1171875,7809.47265625,-369.0063781738281,-280.1000061035156,1187.210693359375,849.75439453125,-66.28076171875,132.71163940429688,1,29.44074249267578,8626.08203125,7951.9169921875,-339.4001159667969,-258.3799133300781,497.137939453125,944.42236328125,1312.078857421875,159.21629333496094,1,16.185245513916016,5008.30078125,5434.1376953125,-180.47621154785156,-153.98208618164062,-261.34521484375,768.876220703125,904.540771484375,340.51617431640625,1,18.406883239746094,5629.84765625,5291.0859375,-216.50123596191406,-165.42816162109375,157.776123046875,1035.3837890625,811.896240234375,-50.85531234741211,1,22.059146881103516,6711.0126953125,6416.646484375,-255.64541625976562,-197.46746826171875,107.688720703125,896.86767578125,1324.058349609375,50.19171142578125,1,15.300090789794922,4819.61962890625,4790.5185546875,-175.4058074951172,-137.09510803222656,-194.21044921875,923.42431640625,1314.55859375,9.75201416015625,1,15.167235374450684,4626.46875,4754.298828125,-169.103515625,-137.2129364013672,-161.969482421875,788.59326171875,705.051513671875,236.01283264160156,1,25.761615753173828,8546.904296875,8162.1123046875,-326.20831298828125,-251.93199157714844,154.990966796875,844.23291015625,670.795166015625,86.11320495605469,1,25.1085205078125,7796.685546875,7653.63671875,-305.64324951171875,-246.1735076904297,409.803955078125,658.82275390625,360.9442138671875,321.267822265625,1,25.918331146240234,8167.82373046875,6841.7783203125,-329.60736083984375,-234.14898681640625,741.3115234375,830.289306640625,293.9884033203125,80.28327941894531,1,29.639131546020508,9266.15625,8349.20703125,-369.2867431640625,-277.56683349609375,687.173828125,971.729248046875,1167.0997314453125,114.57046508789062,1,16.786149978637695,4996.07666015625,4948.44482421875,-188.0813446044922,-149.39768981933594,6.52294921875,880.864501953125,1290.853759765625,12.412399291992188,1,15.986392974853516,4904.75927734375,5085.25439453125,-182.28623962402344,-150.57403564453125,-72.376708984375,869.427734375,1128.7650146484375,253.79518127441406,1,17.237560272216797,5467.0439453125,5576.3408203125,-198.12982177734375,-158.7559356689453,-248.3154296875,1012.87255859375,1074.164794921875,-16.072784423828125,1,19.4554443359375,5914.3466796875,5677.576171875,-226.81631469726562,-176.60226440429688,145.0869140625,642.87109375,729.4267578125,376.49932861328125,1,19.26268196105957,6022.158203125,5817.7724609375,-228.3254852294922,-177.6467742919922,60.240478515625,976.100830078125,603.318359375,-95.98170471191406,1,24.085731506347656,7364.99072265625,7710.96630859375,-273.38311767578125,-227.94224548339844,-119.838134765625,SN000368420812,Pumba,72505.766,2025-12-19T19:08:25.792Z,1765551351193537200,3D
632.967041015625,13.51953125,414.89691162109375,1,29.250049591064453,8621.25390625,7842.8056640625,-355.40264892578125,-275.2583923339844,1031.8984375,851.54931640625,-66.449951171875,130.76136779785156,1,27.877670288085938,7995.84423828125,7638.56982421875,-310.4248046875,-242.3757781982422,323.166259765625,943.61328125,1310.5616455078125,159.65576171875,1,16.81800651550293,5281.501953125,5534.6982421875,-192.82713317871094,-159.59405517578125,-192.871337890625,770.815673828125,902.355712890625,341.43817138671875,1,18.845760345458984,5749.1708984375,5646.32958984375,-220.44442749023438,-175.4619598388672,139.57177734375,1034.61083984375,812.7159423828125,-50.54572677612305,1,21.82342529296875,6591.81689453125,6380.84033203125,-250.90634155273438,-196.07257080078125,99.3212890625,899.170166015625,1323.993896484375,49.686248779296875,1,15.463212966918945,4881.5234375,4892.2373046875,-177.53314208984375,-139.910888671875,-200.94287109375,926.441162109375,1313.95654296875,9.947319030761719,1,15.7589111328125,4858.88525390625,5004.99169921875,-178.37567138671875,-145.42913818359375,-144.65283203125,788.12109375,703.5799560546875,236.7819366455078,1,26.128726959228516,8684.3798828125,8411.294921875,-330.6933898925781,-258.5892639160156,132.109375,842.0654296875,669.369384765625,86.51736450195312,1,25.075733184814453,7726.7109375,7623.16845703125,-304.2915344238281,-246.854248046875,452.3056640625,656.517333984375,360.606689453125,321.3123779296875,1,26.782318115234375,8424.103515625,7024.03515625,-343.54339599609375,-244.99874877929688,883.449462890625,827.84130859375,293.157470703125,79.30636596679688,1,29.61703872680664,9153.51171875,8381.7216796875,-366.25048828125,-280.05078125,727.1103515625,970.47509765625,1164.789306640625,115.58433532714844,1,16.626935958862305,4953.1240234375,4905.337890625,-185.66989135742188,-147.10580444335938,-19.80712890625,883.315673828125,1291.34814453125,11.469200134277344,1,15.810745239257812,4871.291015625,5015.7880859375,-180.10275268554688,-147.32582092285156,-102.980712890625,869.50048828125,1127.2130126953125,255.37574768066406,1,17.105281829833984,5448.17138671875,5616.7568359375,-195.63201904296875,-157.74525451660156,-307.561767578125,1013.260498046875,1074.676025390625,-15.714118957519531,1,19.157512664794922,5725.90966796875,5680.376953125,-219.3708953857422,-176.24794006347656,133.425048828125,645.47265625,726.89306640625,376.0343017578125,1,19.04165267944336,6031.693359375,6044.97607421875,-222.84010314941406,-177.2104034423828,-133.455322265625,976.359130859375,604.241455078125,-95.87970733642578,1,22.458406448364258,6961.45703125,7242.0849609375,-250.02545166015625,-203.6055908203125,-390.5078125,SN000368420812,Pumba,72505.866,2025-12-19T19:08:25.899Z,1765551351225469200,3D
634.17041015625,20.22119140625,409.42401123046875,1,30.148860931396484,8911.40234375,7982.8564453125,-371.1547546386719,-285.5094299316406,1191.948486328125,841.082763671875,-65.832763671875,140.52940368652344,1,29.547727584838867,8468.640625,7898.0224609375,-338.2406921386719,-262.7024841308594,655.17236328125,953.304443359375,1318.821533203125,158.3538818359375,1,16.670442581176758,5226.572265625,5507.1796875,-190.1487579345703,-158.00201416015625,-213.104248046875,770.4033203125,902.0255126953125,340.98297119140625,1,19.019424438476562,5830.90625,5456.5458984375,-226.4166259765625,-173.3480987548828,235.542724609375,1037.322509765625,812.083251953125,-50.94332504272461,1,22.02764129638672,6652.626953125,6516.2392578125,-253.20228576660156,-200.16629028320312,99.5380859375,901.799560546875,1330.695556640625,51.183563232421875,1,15.366451263427734,4821.5927734375,4915.66650390625,-174.74473571777344,-139.95382690429688,-218.575927734375,925.12158203125,1316.5474853515625,10.138267517089844,1,16.363143920898438,5109.06884765625,5385.73388671875,-186.3653564453125,-155.1349639892578,-191.98779296875,789.596923828125,704.3048095703125,234.98228454589844,1,24.078859329223633,7582.0478515625,7361.701171875,-295.37347412109375,-234.62803649902344,336.865966796875,846.1611328125,669.7391357421875,85.57618713378906,1,25.46575927734375,7891.5302734375,7882.43359375,-309.4914855957031,-253.42333984375,419,639.259033203125,365.2919921875,304.74163818359375,1,25.722206115722656,7890.3662109375,6931.68017578125,-320.64288330078125,-238.7088623046875,790.385009765625,827.6630859375,293.284912109375,80.00520324707031,1,31.999961853027344,9998.6611328125,9020.3994140625,-406.19415283203125,-309.4617919921875,996.46533203125,971.14111328125,1166.902587890625,115.07281494140625,1,17.21233367919922,5201.408203125,5080.4853515625,-195.97227478027344,-153.5828094482422,11.865966796875,880.5322265625,1297.67333984375,15.958702087402344,1,15.816267967224121,4872.5048828125,5137.6064453125,-178.6460418701172,-149.12704467773438,-152.765869140625,870.59326171875,1126.508056640625,254.84605407714844,1,17.338932037353516,5515.89599609375,5671.4267578125,-199.29006958007812,-160.77793884277344,-270.816650390625,1013.22802734375,1074.003173828125,-15.462249755859375,1,19.219411849975586,5780.06005859375,5680.435546875,-221.21197509765625,-176.0033416748047,126.880859375,646.880859375,725.0728759765625,376.00152587890625,1,19.398895263671875,6208.70166015625,5972.6748046875,-231.58139038085938,-177.62142944335938,-64.575927734375,981.18896484375,602.3314208984375,-94.1528091430664,1,23.519006729125977,7229.7353515625,7519.7998046875,-265.8309020996094,-219.10406494140625,-201.40380859375,SN000368420812,Pumba,72506,2025-12-19T19:08:26.012Z,1765551351257279400,3D
634.549560546875,21.47705078125,421.45697021484375,1,36.55878448486328,11364.380859375,10569.8154296875,-471.447265625,-373.48248291015625,1455.36279296875,848.873291015625,-65.08984375,133.64492797851562,1,28.719865798950195,8244.9599609375,7946.8837890625,-323.1703186035156,-255.87911987304688,434.71240234375,947.789306640625,1312.43701171875,160.37538146972656,1,16.590660095214844,5148.1376953125,5462.2490234375,-188.03211975097656,-157.68968200683594,-185.382080078125,768.852783203125,904.287841796875,341.9168701171875,1,18.621179580688477,5751.23974609375,5393.1533203125,-220.4016876220703,-167.67262268066406,135.589599609375,1037.71142578125,811.4698486328125,-49.652034759521484,1,21.53104019165039,6487.9091796875,6177.01708984375,-247.43553161621094,-190.4728240966797,113.942626953125,897.7353515625,1323.65234375,52.36024475097656,1,15.289188385009766,4795.5859375,4806.5029296875,-174.65440368652344,-137.76869201660156,-189.13134765625,923.343994140625,1313.794677734375,11.383407592773438,1,16.173370361328125,5140.9755859375,5577.00390625,-182.26869201660156,-154.29611206054688,-367.58203125,788.601806640625,704.835693359375,237.0193328857422,1,24.862680435180664,7869.6083984375,7695.1376953125,-307.1238098144531,-245.84286499023438,367.5244140625,843.89697265625,671.442626953125,86.75335693359375,1,25.992408752441406,8202.8310546875,7930.4765625,-321.5699462890625,-255.32154846191406,430.927978515625,641.466064453125,365.1673583984375,311.62713623046875,1,32.01401138305664,10568.0380859375,7869.3828125,-444.4284362792969,-295.6757507324219,1551.98876953125,826.986572265625,294.7105712890625,78.39466857910156,1,31.512052536010742,9820.734375,8794.9638671875,-399.1058349609375,-302.1729431152344,983.5322265625,973.53271484375,1167.054443359375,115.74409484863281,1,16.95785140991211,5067.0068359375,4987.56396484375,-191.232666015625,-151.17828369140625,22.46728515625,880.812255859375,1290.173828125,15.210174560546875,1,16.183788299560547,4959.29150390625,5185.806640625,-184.8812713623047,-154.28419494628906,-54.42431640625,874.2880859375,1127.0670166015625,257.0968017578125,1,16.943986892700195,5368.5029296875,5392.1630859375,-194.57676696777344,-153.3941192626953,-243.124267578125,1013.34765625,1073.6500244140625,-14.945976257324219,1,18.962688446044922,5732.232421875,5630.04443359375,-217.48678588867188,-172.0815887451172,63.094482421875,643.33935546875,729.118408203125,379.63818359375,1,18.654830932617188,5757.86474609375,5950.15673828125,-213.35475158691406,-175.3767547607422,-106.1455078125,973.015380859375,604.6300048828125,-95.60653686523438,1,22.641983032226562,6984.6181640625,7275.83837890625,-252.1532440185547,-206.19139099121094,-348.85400390625,SN000368420812,Pumba,72506.1,2025-12-19T19:08:26.130Z,1765551351305680400,3D
632.0576171875,21.836181640625,425.7249755859375,1,33.18231201171875,9931.8720703125,9058.16796875,-417.9263000488281,-328.3789978027344,1468.83837890625,845.504638671875,-64.06201171875,133.52011108398438,1,29.5400390625,8335.4736328125,8176.6533203125,-332.5139465332031,-270.2188415527344,631.496337890625,949.722900390625,1314.7762451171875,158.3707733154297,1,16.828655242919922,5299.11572265625,5536.3310546875,-193.15248107910156,-159.22210693359375,-204.052734375,770.5029296875,903.9930419921875,340.45904541015625,1,19.110965728759766,5882.2294921875,5570.5068359375,-227.37771606445312,-175.57498168945312,203.3466796875,1036.31982421875,809.726806640625,-50.36494827270508,1,21.697988510131836,6514.029296875,6283.69140625,-248.80459594726562,-194.1728057861328,126.730712890625,896.965087890625,1324.53515625,51.55345153808594,1,15.283260345458984,4853.5810546875,4896.3466796875,-174.51719665527344,-137.58447265625,-266.03125,921.4609375,1313.935546875,10.104782104492188,1,15.629704475402832,4825.97998046875,5003.9970703125,-176.02838134765625,-144.01605224609375,-181.390625,780.63037109375,711.35009765625,238.8422088623047,1,24.69678497314453,7983.908203125,7773.1298828125,-306.19549560546875,-241.66928100585938,194.144287109375,841.65087890625,672.7911376953125,92.132568359375,1,25.797292709350586,7836.77978515625,7872.00390625,-312.9810485839844,-260.0340270996094,602.963623046875,652.266357421875,364.73779296875,315.481689453125,1,24.927143096923828,7537.2470703125,7082.9619140625,-302.6268310546875,-237.37991333007812,633.769287109375,828.062255859375,296.1502685546875,80.23995971679688,1,31.24785804748535,9921.974609375,8928.8017578125,-395.9964904785156,-297.5765075683594,754.15771484375,973.345458984375,1168.55224609375,113.86477661132812,1,16.608285903930664,4948.4794921875,4846.720703125,-185.95953369140625,-145.9167938232422,-4.404541015625,878.962646484375,1290.5723876953125,15.389511108398438,1,15.87222957611084,4916.74560546875,5107.1513671875,-180.6464385986328,-148.62596130371094,-141.66943359375,871.614013671875,1127.8165283203125,253.4291534423828,1,17.580541610717773,5634.9892578125,5793.431640625,-203.05215454101562,-163.5595703125,-294.70166015625,1010.935302734375,1071.71044921875,-15.610450744628906,1,19.08327865600586,5722.5146484375,5653.4853515625,-218.60203552246094,-174.6367950439453,112.18310546875,639.754150390625,731.7733154296875,373.2130126953125,1,18.379226684570312,5557.2919921875,5682.7412109375,-209.4544677734375,-171.86215209960938,14.809326171875,975.1025390625,601.550537109375,-94.65149688720703,1,22.555904388427734,6935.14453125,7273.8955078125,-250.67420959472656,-206.61038208007812,-336.20068359375,SN000368420812,Pumba,72506.233,2025-12-19T19:08:26.251Z,1765551351337302000,3D
628.763671875,20.97412109375,418.0489501953125,1,30.046527862548828,8971.10546875,8048.03759765625,-370.5665588378906,-283.9374084472656,1097.9208984375,847.96923828125,-61.039794921875,130.16610717773438,1,27.914531707763672,7847.2353515625,7750.72119140625,-307.1724853515625,-248.68133544921875,400.750732421875,946.03125,1312.3450927734375,158.901611328125,1,16.73539161682129,5245.0791015625,5514.3408203125,-191.1632537841797,-158.61474609375,-202.561279296875,760.253173828125,899.6273193359375,339.941162109375,1,20.06287384033203,6274.521484375,5880.5390625,-243.57357788085938,-186.71104431152344,250.674072265625,1036.282470703125,811.88623046875,-50.829185485839844,1,22.208053588867188,6687.1181640625,6441.0166015625,-256.93609619140625,-200.9353790283203,180.272705078125,897.0751953125,1324.856689453125,51.71434020996094,1,15.019177436828613,4739.56787109375,4775.62255859375,-170.3827667236328,-134.13853454589844,-260.81103515625,921.201904296875,1311.558349609375,11.346366882324219,1,15.280021667480469,4613.60986328125,4755.31640625,-170.4756317138672,-139.5593719482422,-100.463623046875,784.905029296875,704.2969970703125,234.9216766357422,1,26.642044067382812,8350.2265625,8474.30078125,-331.0979309082031,-276.68902587890625,562.36669921875,841.52001953125,669.422119140625,87.09814453125,1,25.69439125061035,7863.951171875,8030.48828125,-310.37066650390625,-260.2826843261719,482.53369140625,654.859619140625,363.6575927734375,319.1158447265625,1,25.32054901123047,7919.203125,7009.7138671875,-315.3246154785156,-233.07308959960938,578.10986328125,827.220458984375,295.9921875,78.17161560058594,1,27.557941436767578,8440.7216796875,8337.5029296875,-326.25677490234375,-262.2966003417969,290.92431640625,965.803466796875,1162.62939453125,115.88658142089844,1,16.74445343017578,5006.70458984375,4955.65966796875,-187.61178588867188,-148.53041076660156,-22.296142578125,877.075927734375,1292.31103515625,15.962333679199219,1,15.8172607421875,4800.13720703125,5051.82275390625,-178.47596740722656,-149.72537231445312,-68.125,861.568359375,1119.9117431640625,250.86476135253906,1,16.86238670349121,5390.28271484375,5365.71044921875,-194.22628784179688,-151.13572692871094,-281.91357421875,1008.75927734375,1070.9461669921875,-13.366348266601562,1,19.254344940185547,5769.69140625,5719.515625,-221.0056915283203,-177.4121856689453,132.981201171875,641.5224609375,722.2818603515625,378.08746337890625,1,21.696760177612305,7163.7265625,7235.8603515625,-265.2448425292969,-212.87890625,-140.48046875,980.31298828125,604.547119140625,-96.42384338378906,1,24.620193481445312,7924.15966796875,7971.1572265625,-288.0162048339844,-227.78628540039062,-332.532958984375,SN000368420812,Pumba,72506.366,2025-12-19T19:08:26.375Z,1765551351369815500,3D
633.73779296875,19.36865234375,418.5914306640625,1,32.79903030395508,9756.98828125,8446.36328125,-417.27685546875,-317.32244873046875,1665.478271484375,847.077392578125,-61.48046875,140.74383544921875,1,28.423397064208984,8190.671875,7750.640625,-320.40228271484375,-249.0543975830078,410.724853515625,941.15771484375,1311.494140625,159.05783081054688,1,16.027523040771484,4820.46240234375,5531.4189453125,-173.6331329345703,-157.20208740234375,-253.779296875,768.548095703125,897.9580078125,340.71795654296875,1,20.314617156982422,6267.5751953125,5929.54833984375,-246.49819946289062,-192.16465759277344,356.2421875,1035.939453125,812.420166015625,-49.86043167114258,1,21.288131713867188,6390.5859375,6103.7666015625,-243.31040954589844,-187.68698120117188,98.647705078125,899.484619140625,1325.232666015625,48.392364501953125,1,15.346834182739258,4808.80029296875,4857.7666015625,-175.050048828125,-139.18844604492188,-192.506103515625,927.592041015625,1315.2408447265625,9.395881652832031,1,15.852314949035645,4869.029296875,5108.8623046875,-178.54153442382812,-148.29367065429688,-151.81201171875,787.243408203125,704.76318359375,232.46519470214844,1,26.221973419189453,8315.9423828125,8282.9228515625,-326.7042541503906,-267.04376220703125,459.57080078125,845.361572265625,670.9486083984375,84.15744018554688,1,25.995277404785156,7865.26611328125,8122.1455078125,-313.1607971191406,-266.4677429199219,573.37548828125,654.14013671875,364.1580810546875,319.657958984375,1,26.134550094604492,8304.42578125,6820.80126953125,-335.4786071777344,-234.4251251220703,765.4501953125,827.489013671875,295.8662109375,79.64106750488281,1,29.72977066040039,9252.0546875,8398.658203125,-369.6820373535156,-280.2143859863281,717.86474609375,969.501708984375,1165.97119140625,115.70616149902344,1,16.43124771118164,4858.61474609375,4798.7138671875,-182.683349609375,-144.60134887695312,-0.88134765625,884.50537109375,1292.794677734375,9.842048645019531,1,15.660871505737305,4808.37744140625,5045.626953125,-176.75741577148438,-147.00706481933594,-135.375,869.06494140625,1120.936279296875,254.0062713623047,1,16.914901733398438,5413.2724609375,5340.548828125,-195.82423400878906,-151.2902069091797,-257.652587890625,1012.686767578125,1073.33447265625,-13.847137451171875,1,19.085872650146484,5750.12158203125,5711.31396484375,-218.5690155029297,-175.04364013671875,76.6337890625,644.04833984375,722.9305419921875,376.8221435546875,1,20.570940017700195,6694.94775390625,6447.3623046875,-250.56903076171875,-192.79580688476562,-41.952392578125,976.649658203125,605.076171875,-96.12073516845703,1,23.424516677856445,7154.17041015625,7471.712890625,-263.5254211425781,-218.3262176513672,-183.512451171875,SN000368420812,Pumba,72506.466,2025-12-19T19:08:26.473Z,1765551351401505800,3D
628.61328125,17.9287109375,416.8951416015625,1,30.136648178100586,8894.875,7985.2958984375,-370.88165283203125,-286.0182800292969,1203.495849609375,846.947265625,-64.893798828125,133.55001831054688,1,28.611248016357422,8229.353515625,7803.15771484375,-322.999267578125,-252.0623321533203,448.533203125,950.389892578125,1312.2005615234375,156.44638061523438,1,16.32220458984375,5079.0576171875,5433.927734375,-183.76437377929688,-154.75469970703125,-240.660888671875,769.69482421875,905.2132568359375,339.5621337890625,1,18.89284896850586,5707.1416015625,5642.876953125,-220.09759521484375,-176.89939880371094,180.536376953125,1035.128662109375,811.560546875,-51.02214431762695,1,21.46872329711914,6538.0322265625,6211.7802734375,-247.21768188476562,-188.8955841064453,44.177734375,897.00390625,1321.1630859375,50.27467346191406,1,15.226966857910156,4819.3984375,4839.828125,-173.7965087890625,-136.5854949951172,-247.267333984375,920.799072265625,1309.3282470703125,8.928108215332031,1,16.048259735107422,5008.345703125,5210.33984375,-182.40396118164062,-149.63121032714844,-197.608642578125,787.743408203125,704.092041015625,233.4565887451172,1,24.98398780822754,8170.630859375,7971.5625,-311.19854736328125,-245.12844848632812,126.984130859375,846.2685546875,669.53564453125,85.28700256347656,1,24.986421585083008,7647.0107421875,7508.412109375,-302.9445495605469,-245.4546661376953,507.10791015625,653.280517578125,363.285400390625,319.51690673828125,1,26.940147399902344,8510.455078125,7059.93310546875,-347.2237854003906,-246.61744689941406,897.65185546875,829.360595703125,294.0272216796875,79.10092163085938,1,30.546367645263672,9567.2978515625,8584.07421875,-384.1942138671875,-289.10858154296875,805.517578125,972.574951171875,1164.401123046875,112.84817504882812,1,16.66228675842285,4958.6064453125,4878.42578125,-186.62503051757812,-147.22787475585938,5.002685546875,877.98779296875,1287.060302734375,15.00347900390625,1,16.095726013183594,5025.326171875,5165.0498046875,-184.9036407470703,-150.5846405029297,-136.04296875,870.05419921875,1128.097412109375,251.5981903076172,1,16.967138290405273,5367.6513671875,5468.44921875,-193.82130432128906,-154.79348754882812,-267.087646484375,1012.847900390625,1073.2813720703125,-18.30451202392578,1,19.16974639892578,5773.4150390625,5725.2412109375,-219.85829162597656,-175.97850036621094,90.309814453125,643.43994140625,730.481201171875,372.2581787109375,1,19.00648307800293,5926.69189453125,5870.3359375,-222.21774291992188,-176.09669494628906,-23.048583984375,974.796875,603.78515625,-95.08063507080078,1,22.78323745727539,7127.7392578125,7344.6025390625,-256.2790832519531,-206.6910400390625,-390.7177734375,SN000368420812,Pumba,72506.566,2025-12-19T19:08:26.584Z,1765551351433664100,3D
633.77001953125,18.24365234375,424.3489990234375,1,28.594791412353516,8475.841796875,7737.0078125,-345.7635498046875,-266.8689880371094,893.811279296875,848.692626953125,-65.23095703125,132.74061584472656,1,29.50461196899414,8635.2099609375,8108.7109375,-338.64996337890625,-261.74609375,460.87744140625,950.571044921875,1312.601806640625,158.9154815673828,1,16.64812469482422,5244.8984375,5561.453125,-189.3223114013672,-157.74801635742188,-263.338623046875,768.66259765625,903.619873046875,339.607421875,1,18.82213592529297,5716.896484375,5630.06640625,-219.70887756347656,-175.56944274902344,155.4619140625,1036.25,811.6256103515625,-51.08107376098633,1,22.312471389770508,6824.13232421875,6376.90478515625,-261.8217468261719,-198.66094970703125,171.23193359375,898.183349609375,1320.752197265625,52.055419921875,1,15.37980842590332,4882.36279296875,4985.16943359375,-175.22076416015625,-139.79052734375,-278.618896484375,922.503173828125,1308.870361328125,10.972648620605469,1,15.382265090942383,4670.931640625,4884.58642578125,-171.2297821044922,-141.7085723876953,-146.975830078125,787.839111328125,704.59326171875,234.2911834716797,1,26.123096466064453,8672.453125,8308.62890625,-331.64447021484375,-257.2384033203125,178.51220703125,844.467529296875,669.9366455078125,85.23912048339844,1,25.268978118896484,7510.87451171875,7908.8916015625,-299.18450927734375,-259.2413330078125,552.35302734375,656.523193359375,362.2108154296875,320.529541015625,1,25.49500274658203,7997.34375,6763.349609375,-321.9666748046875,-230.25653076171875,700.76025390625,828.4716796875,294.02734375,79.11735534667969,1,30.08032989501953,9531.6611328125,8491.609375,-378.2530822753906,-280.5802001953125,653.095703125,973.02978515625,1164.7303466796875,114.86517333984375,1,16.60824203491211,4940.3203125,4877.52978515625,-185.38575744628906,-146.5137939453125,-13.236572265625,879.7314453125,1286.3369140625,16.71271514892578,1,15.764150619506836,4880.5361328125,5129.083984375,-178.27764892578125,-148.03297424316406,-175.001953125,872.14404296875,1126.48876953125,254.53541564941406,1,17.185379028320312,5493.0185546875,5616.0791015625,-197.50210571289062,-157.95167541503906,-301.532470703125,1012.052490234375,1073.2586669921875,-17.00396728515625,1,19.330110549926758,5850.5341796875,5715.45703125,-223.55657958984375,-176.6753387451172,116.66259765625,642.241455078125,729.246337890625,374.86431884765625,1,18.35062599182129,5605.7138671875,5578.1689453125,-211.30836486816406,-168.74557495117188,15.832275390625,973.9892578125,604.300048828125,-95.63056182861328,1,22.85926628112793,6995.62109375,7411.98291015625,-254.03152465820312,-212.12533569335938,-300.3720703125,SN000368420812,Pumba,72506.7,2025-12-19T19:08:26.705Z,1765551351465711100,3D
629.91943359375,16.380126953125,419.843505859375,1,28.48778533935547,8464.6669921875,7648.9306640625,-344.88104248046875,-263.63568115234375,878.535400390625,851.510986328125,-66.133056640625,134.02398681640625,1,28.822372436523438,8227.7890625,7739.95556640625,-326.24261474609375,-254.27578735351562,558.004638671875,946.750244140625,1313.9744873046875,157.5324249267578,1,16.161531448364258,4902.79150390625,5450.421875,-177.7644500732422,-156.04600524902344,-219.55908203125,770.453369140625,902.572021484375,340.4005126953125,1,18.6478271484375,5702.5537109375,5406.3291015625,-219.81813049316406,-169.62863159179688,176.979736328125,1036.6689453125,811.311279296875,-51.096778869628906,1,21.399168014526367,6445.04345703125,6207.8447265625,-244.54275512695312,-189.80703735351562,71.54638671875,899.4228515625,1324.0653076171875,48.08073425292969,1,15.359893798828125,4790.9345703125,4886.4833984375,-174.36647033691406,-140.04139709472656,-192.85498046875,926.06689453125,1313.7183837890625,7.843696594238281,1,16.402761459350586,5237.521484375,5742.66015625,-184.98651123046875,-158.15087890625,-397.950439453125,788.070556640625,706.3309326171875,234.86830139160156,1,25.887325286865234,8738.732421875,8342.623046875,-329.3631286621094,-252.3046112060547,20.2060546875,843.74609375,671.2821044921875,84.97758483886719,1,25.729660034179688,7781.8935546875,8140.9521484375,-307.7086181640625,-264.1488342285156,496.71044921875,656.530517578125,362.2994384765625,319.47308349609375,1,25.934141159057617,8094.26708984375,6886.9267578125,-327.9071350097656,-236.8448486328125,776.7353515625,829.034912109375,294.096923828125,79.88873291015625,1,28.90523338317871,8947.8603515625,8205.25,-355.1726989746094,-270.56378173828125,616.5380859375,973.6708984375,1167.75732421875,113.86328125,1,16.697168350219727,4963.62646484375,4916.3232421875,-186.52447509765625,-148.01040649414062,-4.573486328125,883.3837890625,1290.1722412109375,10.854537963867188,1,15.830160140991211,4782.83349609375,5059.7568359375,-178.05905151367188,-150.25755310058594,-60.33740234375,871.262451171875,1126.657470703125,252.8004608154297,1,17.077468872070312,5415.82421875,5388.5498046875,-197.21734619140625,-154.35711669921875,-214.643798828125,1013.768310546875,1073.917724609375,-16.99279022216797,1,19.152036666870117,5744.1865234375,5661.630859375,-219.8750762939453,-175.4529266357422,127.331298828125,644.7431640625,726.6572265625,374.8748779296875,1,18.629467010498047,5676.4130859375,5774.76220703125,-213.97042846679688,-174.67800903320312,15.85009765625,977.56005859375,602.26953125,-95.44271087646484,1,23.185022354125977,7185.24365234375,7456.24951171875,-261.46246337890625,-213.8258514404297,-290.684326171875,SN000368420812,Pumba,72506.8,2025-12-19T19:08:26.817Z,1765551351497373000,3D
634.28076171875,18.460205078125,419.18658447265625,1,29.27880096435547,8669.205078125,7756.00390625,-358.0965576171875,-273.7477111816406,1061.3193359375,848.536865234375,-63.411865234375,135.18812561035156,1,28.865299224853516,8322.908203125,7902.38671875,-326.3924255371094,-254.8963165283203,444.314208984375,944.171875,1312.740478515625,157.200927734375,1,16.9249267578125,5252.787109375,5555.966796875,-193.41908264160156,-162.32308959960938,-137.42333984375,766.569580078125,905.2718505859375,340.673095703125,1,18.70673179626465,5724.10791015625,5349.3583984375,-221.57530212402344,-169.0897979736328,208.3349609375,1034.3046875,813.397705078125,-51.503746032714844,1,21.9056339263916,6583.1318359375,6361.55517578125,-251.97402954101562,-197.23080444335938,145.55126953125,898.70166015625,1323.373779296875,47.56500244140625,1,15.531017303466797,4878.904296875,4975.0126953125,-177.28639221191406,-142.2237091064453,-205.8447265625,925.62353515625,1312.6304931640625,7.875785827636719,1,16.14377212524414,4957.2060546875,5109.443359375,-183.94468688964844,-150.9111328125,-82.74169921875,789.19873046875,706.1968994140625,236.17298889160156,1,25.50642204284668,8391.1484375,8137.02197265625,-320.3040771484375,-251.12400817871094,153.630615234375,846.396240234375,670.450439453125,87.78126525878906,1,25.196687698364258,7722.7548828125,7701.7841796875,-304.9206237792969,-250.19692993164062,478.086181640625,658.6611328125,363.6728515625,321.3275146484375,1,26.141849517822266,8234.3359375,6898.78125,-333.1646423339844,-237.18319702148438,776.2216796875,828.33056640625,295.0760498046875,79.00837707519531,1,30.455650329589844,9465.505859375,8584.5517578125,-380.8899230957031,-289.78167724609375,823.02392578125,971.429443359375,1166.2435302734375,114.4810791015625,1,16.680721282958984,4961.48291015625,4876.3056640625,-186.83078002929688,-147.2856903076172,8.244140625,882.737060546875,1289.825927734375,10.310089111328125,1,16.121809005737305,5016.04833984375,5220.322265625,-184.3668212890625,-152.0183868408203,-142.25634765625,869.754150390625,1127.0078125,253.1350860595703,1,16.855331420898438,5332.380859375,5399.908203125,-192.60548400878906,-152.86495971679688,-263.386474609375,1013.274169921875,1074.8812255859375,-16.31702423095703,1,19.2962589263916,5790.03369140625,5681.57421875,-222.35598754882812,-176.99668884277344,152.356689453125,644.658203125,728.6722412109375,379.189208984375,1,18.767396926879883,5909.486328125,5662.2734375,-221.3418426513672,-169.53399658203125,-30.621337890625,977.38818359375,604.6556396484375,-95.45282745361328,1,23.814790725708008,7340.193359375,7437.8623046875,-272.6704406738281,-219.97735595703125,-112.5234375,SN000368420812,Pumba,72506.933,2025-12-19T19:08:26.934Z,1765551351530204400,3D
629.2587890625,19.652587890625,421.1268310546875,1,29.179607391357422,8630.1455078125,7733.41796875,-356.1543884277344,-272.4778747558594,1045.69970703125,848.346923828125,-63.04150390625,130.2962646484375,1,29.0281982421875,8384.2294921875,7928.7255859375,-329.7425842285156,-256.9903259277344,478.8076171875,946.874267578125,1310.497802734375,160.73826599121094,1,16.709674835205078,5234.7392578125,5494.8642578125,-191.0248260498047,-158.33982849121094,-194.263671875,769.857177734375,904.591796875,339.72357177734375,1,19.07828140258789,5791.84765625,5710.84326171875,-223.6855926513672,-179.44775390625,193.73291015625,1027.6259765625,812.2034912109375,-49.4547004699707,1,21.36420249938965,6451.3369140625,6215.1064453125,-244.2908477783203,-189.416015625,55.32861328125,898.8408203125,1323.325927734375,52.67181396484375,1,15.384477615356445,4825.84228515625,4897.708984375,-175.28343200683594,-139.88449096679688,-206.024169921875,924.532470703125,1312.80908203125,12.222267150878906,1,15.7164306640625,4809.580078125,5039.68603515625,-176.3163604736328,-146.22262573242188,-151.37353515625,789.419677734375,704.891357421875,235.56150817871094,1,24.956310272216797,8231.08984375,8069.60546875,-310.7362365722656,-244.67025756835938,36.235107421875,845.1748046875,670.53369140625,86.61231994628906,1,24.75446319580078,7482.0478515625,7496.97265625,-296.8153991699219,-245.2106475830078,509.79931640625,659.077392578125,362.99951171875,320.59735107421875,1,26.922964096069336,8580.7265625,7050.1083984375,-348.17022705078125,-244.20159912109375,841.36962890625,829.22509765625,295.6932373046875,79.77993774414062,1,29.979185104370117,9452.0126953125,8272.9765625,-378.1661376953125,-277.6158447265625,749.57861328125,970.739013671875,1164.5985107421875,115.57034301757812,1,16.488021850585938,4920.0546875,4878.9755859375,-183.50413513183594,-145.16152954101562,-50.323486328125,881.48095703125,1290.6046142578125,15.437973022460938,1,15.552887916564941,4778.8740234375,5040.1611328125,-174.54019165039062,-145.46189880371094,-172.02099609375,870.5166015625,1128.1221923828125,255.23350524902344,1,16.865129470825195,5348.373046875,5349.86279296875,-193.71795654296875,-151.99171447753906,-246.476806640625,1013.617431640625,1073.7374267578125,-14.692878723144531,1,18.92225456237793,5682.087890625,5635.2705078125,-215.97543334960938,-172.70883178710938,75.56591796875,643.737548828125,730.1435546875,371.752197265625,1,18.892345428466797,5867.169921875,6029.8779296875,-217.82949829101562,-178.23097229003906,-94.238037109375,976.523681640625,602.4324951171875,-93.6760025024414,1,23.012165069580078,7022.15478515625,7360.9013671875,-257.0726623535156,-213.1322784423828,-232.6767578125,SN000368420812,Pumba,72507.033,2025-12-19T19:08:27.064Z,1765551351561293600,3D
633.13134765625,15.919921875,421.453369140625,1,27.95644760131836,8222.5380859375,7613.267578125,-334.0482482910156,-260.4160461425781,821.57373046875,850.551513671875,-66.47705078125,134.0240936279297,1,29.08251953125,8253.48046875,8064.4599609375,-326.4080810546875,-263.0665283203125,531.4189453125,952.712158203125,1315.19091796875,157.47457885742188,1,15.72298526763916,4784.6181640625,5340.451171875,-171.1248016357422,-149.9942169189453,-292.1796875,769.60498046875,904.2318115234375,341.20458984375,1,18.731321334838867,5711.39404296875,5397.7900390625,-221.1777801513672,-170.6521759033203,211.013427734375,1032.197265625,807.00830078125,-48.33668518066406,1,21.70697784423828,6584.7333984375,6338.990234375,-250.15928649902344,-194.20989990234375,83.3603515625,898.066650390625,1321.529052734375,51.108551025390625,1,15.296163558959961,4793.306640625,4865.89306640625,-173.8679962158203,-138.68670654296875,-212.34033203125,921.9296875,1309.638671875,9.53558349609375,1,15.51800537109375,4699.26953125,4842.27783203125,-174.0344696044922,-142.60035705566406,-89.3740234375,789.90185546875,705.8026123046875,237.02622985839844,1,25.31010627746582,8227.0546875,8129.998046875,-314.5673522949219,-251.4619903564453,168.247314453125,843.322998046875,671.3134765625,86.07264709472656,1,25.428363800048828,7806.6240234375,7702.0693359375,-309.464599609375,-251.93577575683594,524.05419921875,655.827880859375,362.25,320.69287109375,1,25.75743293762207,7937.208984375,6850.15283203125,-322.9450988769531,-236.92132568359375,808.247314453125,828.78857421875,293.906982421875,79.028076171875,1,30.28792953491211,9859.84375,8466.1845703125,-387.5814208984375,-276.03717041015625,552.78857421875,974.843505859375,1167.2027587890625,113.66671752929688,1,16.653839111328125,4944.61376953125,4876.76513671875,-186.16571044921875,-147.26206970214844,7.24755859375,879.490234375,1286.359375,16.274169921875,1,15.746452331542969,4812.69970703125,5053.7255859375,-177.6503448486328,-148.1627655029297,-111.152587890625,873.714599609375,1127.1781005859375,254.0536651611328,1,17.219079971313477,5420.4951171875,5505.6748046875,-197.8946075439453,-158.51657104492188,-198.036865234375,1013.373291015625,1070.3280029296875,-15.931381225585938,1,19.556949615478516,5844.4326171875,5813.3017578125,-225.24563598632812,-182.0215606689453,180.256103515625,638.8779296875,732.099365234375,376.99468994140625,1,19.0634765625,5908.8828125,6092.98974609375,-220.23277282714844,-181.17434692382812,-66.642822265625,977.122314453125,596.96826171875,-93.86383056640625,1,23.06191635131836,7157.57421875,7486.67822265625,-258.7056579589844,-212.6043243408203,-347.5068359375,SN000368420812,Pumba,72507.166,2025-12-19T19:08:27.179Z,1765551351593457800,3D
628.1416015625,15.155029296875,415.333251953125,1,30.16930389404297,8874.4140625,7927.6376953125,-371.4894104003906,-285.9980773925781,1249.180419921875,852.52978515625,-65.232177734375,132.5284423828125,1,28.674816131591797,8214.3671875,7819.8916015625,-322.86395263671875,-253.10289001464844,462.79150390625,946.84912109375,1312.684326171875,159.90455627441406,1,16.571630477905273,5142.23046875,5409.5439453125,-188.2119903564453,-156.60137939453125,-172.042236328125,769.1953125,903.8330078125,340.36846923828125,1,18.74964714050293,5646.25,5573.916015625,-218.0611114501953,-175.1376190185547,188.998291015625,1032.449462890625,810.1915283203125,-48.25632095336914,1,21.60495948791504,6525.76171875,6354.751953125,-247.03245544433594,-193.55470275878906,53.3505859375,897.638671875,1324.665771484375,51.710113525390625,1,15.399839401245117,4838.39697265625,4843.634765625,-176.33908081054688,-138.98037719726562,-186.697998046875,923.33349609375,1314.523681640625,10.913528442382812,1,16.114154815673828,4957.5244140625,5125.21142578125,-183.39906311035156,-150.69114685058594,-101.225341796875,789.810302734375,705.1949462890625,236.1464385986328,1,25.699642181396484,8440.685546875,8204.642578125,-322.8691101074219,-254.03794860839844,176.84521484375,844.1318359375,670.9962158203125,85.875732421875,1,25.35782814025879,7852.4638671875,7701.3017578125,-309.5291748046875,-249.84002685546875,468.990966796875,658.693359375,361.815185546875,321.1019287109375,1,27.053373336791992,8461.84765625,7004.21875,-348.3118591308594,-248.57711791992188,994.3740234375,829.832275390625,294.478759765625,79.34922790527344,1,31.742725372314453,10105.1796875,8816.1630859375,-407.2320251464844,-299.59124755859375,897.96484375,971.83935546875,1166.848876953125,114.55232238769531,1,16.582565307617188,4921.482421875,4868.04296875,-184.8022918701172,-146.38441467285156,-9.06982421875,880.51171875,1291.485595703125,14.457130432128906,1,15.908153533935547,4896.166015625,5086.37109375,-180.91729736328125,-149.3035888671875,-107.010498046875,873.03125,1127.153076171875,255.7593231201172,1,16.993080139160156,5373.1884765625,5511.1591796875,-193.76846313476562,-155.7561798095703,-275.748291015625,1014.37353515625,1072.7999267578125,-14.89971923828125,1,19.191020965576172,5742.5771484375,5704.2822265625,-219.67056274414062,-176.56048583984375,122.577392578125,642.06591796875,729.99365234375,377.62261962890625,1,18.51918601989746,5743.4345703125,5831.2177734375,-213.33665466308594,-172.44248962402344,-88.7978515625,972.49755859375,602.1962890625,-94.41397094726562,1,23.077518463134766,7172.33984375,7381.46142578125,-260.1806335449219,-210.57669067382812,-317.019775390625,SN000368420812,Pumba,72507.3,2025-12-19T19:08:27.300Z,1765551351625418500,3D
627.11376953125,20.9111328125,417.07244873046875,1,27.924884796142578,8264.1513671875,7547.54296875,-335.0696716308594,-257.75299072265625,803.520751953125,850.07958984375,-62.365966796875,131.20169067382812,1,29.566415786743164,8475.197265625,8113.46240234375,-336.0022277832031,-266.1020812988281,572.803466796875,948.541259765625,1310.006591796875,160.59671020507812,1,15.804119110107422,4836.6728515625,5362.5029296875,-172.98960876464844,-150.54115295410156,-295.32958984375,771.361083984375,902.84619140625,341.38763427734375,1,18.75838279724121,5799.70263671875,5449.9052734375,-222.57058715820312,-169.81460571289062,146.994384765625,1039.5419921875,810.7772216796875,-50.21033477783203,1,21.482877731323242,6471.365234375,6255.2080078125,-245.71414184570312,-191.46115112304688,77.515380859375,899.150146484375,1323.080810546875,53.07136535644531,1,15.028848648071289,4626.4296875,4742.84326171875,-168.75538635253906,-136.43304443359375,-173.586669921875,924.687255859375,1313.6004638671875,12.223442077636719,1,17.194223403930664,5456.5400390625,6051.943359375,-196.0299072265625,-170.9739990234375,-305.22216796875,789.581787109375,706.8385009765625,235.2835235595703,1,24.973861694335938,8193.27734375,7995.26953125,-311.0862731933594,-244.6401824951172,95.019775390625,843.347900390625,671.5985107421875,85.67257690429688,1,25.42444610595703,7638.3115234375,8065.2451171875,-301.92767333984375,-261.3957214355469,484.25341796875,656.50390625,365.7803955078125,320.718505859375,1,25.353443145751953,7828.845703125,6915.04345703125,-314.7237548828125,-233.7115020751953,670.9755859375,829.092041015625,296.3858642578125,79.53712463378906,1,29.74028778076172,9342.9736328125,8515.81640625,-369.88519287109375,-279.7327880859375,611.18359375,973.82080078125,1165.4610595703125,114.08407592773438,1,17.24462127685547,5208.4541015625,5077.2412109375,-196.58743286132812,-153.92144775390625,23.4609375,882.127197265625,1290.4091796875,15.581558227539062,1,16.0029239654541,4891.26171875,5024.8251953125,-182.95269775390625,-150.21621704101562,-33.445556640625,873.698486328125,1124.4810791015625,253.37486267089844,1,17.134418487548828,5443.82421875,5528.6630859375,-196.78929138183594,-156.73553466796875,-263.76416015625,1012.69580078125,1071.6270751953125,-16.30389404296875,1,19.3216495513916,5866.1357421875,5715.494140625,-223.64036560058594,-176.04830932617188,99.982177734375,640.88134765625,732.1317138671875,377.01654052734375,1,19.26297378540039,6002.3349609375,6151.171875,-223.9980926513672,-183.23825073242188,-58.454345703125,975.879638671875,604.42822265625,-95.08267974853516,1,23.325807571411133,7144.732421875,7466.3857421875,-262.4336853027344,-217.24620056152344,-207.95068359375,SN000368420812,Pumba,72507.4,2025-12-19T19:08:27.405Z,1765551351657498600,3D
634.451416015625,21.797119140625,417.855224609375,1,28.273365020751953,8300.5029296875,7621.5341796875,-339.8258972167969,-264.21185302734375,915.765380859375,842.7548828125,-61.138427734375,130.8867950439453,1,29.22268295288086,8395.0322265625,7946.6650390625,-332.27423095703125,-260.18292236328125,549.237060546875,950.88330078125,1312.0206298828125,160.33566284179688,1,16.13929557800293,4939.06689453125,5415.611328125,-178.56822204589844,-154.294677734375,-238.179443359375,767.724365234375,904.3350830078125,339.47918701171875,1,19.394073486328125,6019.4658203125,5524.361328125,-234.11505126953125,-176.14292907714844,255.4287109375,1039.367919921875,811.2786865234375,-50.00844192504883,1,21.915332794189453,6609.607421875,6403.58740234375,-251.91314697265625,-197.17984008789062,110.520263671875,902.118896484375,1328.921875,53.3551025390625,1,15.152066230773926,4751.5869140625,4824.5576171875,-171.6481475830078,-136.6294708251953,-233.856201171875,926.645263671875,1317.79296875,12.436126708984375,1,15.76385498046875,4793.74609375,4915.6806640625,-178.2097930908203,-145.58700561523438,-68.871337890625,787.3583984375,706.3184814453125,232.8225860595703,1,26.23151969909668,8665.5322265625,8240.126953125,-333.7969665527344,-258.1820373535156,258.482666015625,845.519287109375,671.3419189453125,85.20501708984375,1,25.709640502929688,7726.75927734375,8165.45458984375,-306.234619140625,-265.63861083984375,516.63818359375,655.96435546875,365.9410400390625,319.8502197265625,1,26.066970825195312,8211.326171875,6838.50927734375,-332.6141052246094,-235.75836181640625,786.671875,827.013427734375,297.1480712890625,79.86007690429688,1,30.184036254882812,9364.2021484375,8613.9658203125,-375.12689208984375,-288.23681640625,758.40673828125,971.173095703125,1165.030029296875,113.95590209960938,1,16.70387840270996,4971.79150390625,4948.3837890625,-186.37176513671875,-148.40374755859375,-19.82177734375,882.647216796875,1297.7501220703125,15.945747375488281,1,15.903708457946777,4871.8330078125,5057.25537109375,-180.77734375,-149.3933563232422,-81.291259765625,870.488525390625,1125.5352783203125,252.5955352783203,1,16.64459228515625,5294.5126953125,5299.2275390625,-190.1306915283203,-148.51829528808594,-298.1435546875,1013.06103515625,1071.434814453125,-14.994537353515625,1,19.645042419433594,5943.64013671875,5822.91943359375,-228.13316345214844,-181.25479125976562,152.181640625,644.760009765625,729.2271728515625,377.451171875,1,18.828136444091797,5805.890625,5874.4150390625,-218.00379943847656,-176.63551330566406,-12.033203125,976.0615234375,605.627685546875,-96.13724517822266,1,22.505212783813477,6862.85205078125,7189.177734375,-249.49185180664062,-205.9747772216797,-285.17333984375,SN000368420812,Pumba,72507.533,2025-12-19T19:08:27.535Z,1765551351705657100,3D
640.078369140625,20.848876953125,419.3680419921875,1,29.69444465637207,8832.7958984375,8018.73828125,-363.51214599609375,-280.74835205078125,1036.699462890625,852.055908203125,-63.040771484375,129.83290100097656,1,29.647457122802734,8604.59765625,7989.42822265625,-341.91351318359375,-263.65594482421875,607.183837890625,948.98193359375,1315.27587890625,158.55113220214844,1,16.143659591674805,4962.9189453125,5439.734375,-178.7539520263672,-154.13400268554688,-261.78076171875,769.6025390625,903.7608642578125,340.5860595703125,1,19.04202651977539,5829.19677734375,5465.0654296875,-226.7954864501953,-174.15786743164062,250.21044921875,1037.56201171875,812.8193359375,-49.63997268676758,1,21.638952255249023,6581.048828125,6354.390625,-248.33029174804688,-192.5665740966797,27.403076171875,896.710205078125,1325.12158203125,51.89399719238281,1,15.534049034118652,4872.6494140625,4952.8310546875,-177.5160369873047,-142.13470458984375,-190.43310546875,920.8544921875,1313.37939453125,10.719223022460938,1,16.83209228515625,5516.46484375,5961.3037109375,-193.41384887695312,-162.16062927246094,-466.687255859375,788.16943359375,707.1435546875,233.3101348876953,1,25.47921371459961,8457.830078125,8199.41796875,-320.4821472167969,-250.09678649902344,76.331787109375,845.976806640625,671.8822021484375,85.01103210449219,1,25.437849044799805,7880.00390625,7737.78076171875,-310.5584411621094,-250.93148803710938,468.752685546875,654.147216796875,366.5277099609375,320.927001953125,1,26.64202880859375,8349.037109375,7054.8251953125,-340.2660217285156,-245.36398315429688,868.451416015625,829.360595703125,296.311767578125,80.13832092285156,1,30.482118606567383,9464.0615234375,8670.66796875,-380.4397888183594,-291.8858947753906,809.8818359375,971.250244140625,1167.403076171875,113.69026184082031,1,16.552011489868164,4924.91162109375,4901.27587890625,-184.1448211669922,-146.40565490722656,-35.146728515625,877.857666015625,1291.31787109375,16.243141174316406,1,15.874160766601562,4868.17529296875,5117.416015625,-179.7998046875,-150.16043090820312,-109.146240234375,870.87939453125,1126.3983154296875,252.98924255371094,1,17.367361068725586,5560.1806640625,5672.55810546875,-200.39219665527344,-160.10723876953125,-289.534912109375,1013.1220703125,1074.28759765625,-16.284339904785156,1,19.062931060791016,5733.87890625,5665.01123046875,-218.33572387695312,-174.11863708496094,89.185302734375,642.918701171875,730.0816650390625,377.1207275390625,1,19.7691650390625,6342.9765625,6186.064453125,-236.56126403808594,-183.96630859375,-67.072021484375,979.953857421875,604.34326171875,-94.11840057373047,1,25.000043869018555,7770.55126953125,7849.88623046875,-291.7703857421875,-236.02584838867188,-16.470458984375,SN000368420812,Pumba,72507.633,2025-12-19T19:08:27.649Z,1765551351737784100,3D
633.93505859375,17.565185546875,419.3092041015625,1,29.040184020996094,8583.95703125,7767.48828125,-352.7839050292969,-271.47039794921875,991.645263671875,851.150390625,-65.9912109375,132.0141143798828,1,28.49153709411621,8108.55078125,7721.97314453125,-319.7187194824219,-251.19419860839844,490.565185546875,946.086669921875,1311.40283203125,159.2427520751953,1,16.001827239990234,4899.3681640625,5321.3544921875,-177.2929229736328,-151.72393798828125,-230.929931640625,771.51171875,902.5054931640625,342.1658935546875,1,18.682397842407227,5724.7294921875,5404.99169921875,-220.6719512939453,-169.61204528808594,177.61279296875,1035.50244140625,811.290771484375,-51.35624694824219,1,21.703384399414062,6568.9365234375,6340.67578125,-249.28692626953125,-193.91497802734375,74.204833984375,898.837890625,1321.079833984375,49.95771789550781,1,15.28418254852295,4785.21826171875,4816.689453125,-174.2931671142578,-138.11227416992188,-188.1708984375,925.614013671875,1311.1943359375,9.802581787109375,1,15.955586433410645,5187.05810546875,5532.65869140625,-180.84829711914062,-149.0213623046875,-472.1591796875,790.773193359375,705.41650390625,237.0344696044922,1,25.751907348632812,8539.9033203125,8179.671875,-325.8791809082031,-252.3798370361328,152.8046875,844.048095703125,670.3829345703125,86.59376525878906,1,25.40003204345703,7587.91796875,7927.11962890625,-302.2679443359375,-260.0196228027344,558.410400390625,654.701904296875,363.533935546875,320.10028076171875,1,26.83307456970215,8322.416015625,7041.7587890625,-342.58056640625,-249.10775756835938,978.365234375,830.23388671875,293.8857421875,79.40473937988281,1,30.436756134033203,9515.6640625,8621.9609375,-381.21673583984375,-288.96209716796875,771.265625,974.06884765625,1166.1024169921875,115.18521118164062,1,16.53559112548828,4935.52880859375,4892.771484375,-184.31109619140625,-145.85772705078125,-42.890869140625,883.322509765625,1287.1181640625,12.708412170410156,1,15.677301406860352,4745.62548828125,5034.05810546875,-175.8717041015625,-148.5004119873047,-86.4296875,872.144287109375,1125.9296875,254.0874786376953,1,16.81781578063965,5366.201171875,5330.69921875,-193.58792114257812,-150.4139404296875,-273.0244140625,1013.496826171875,1073.351318359375,-16.246139526367188,1,19.368776321411133,5854.08935546875,5772.25634765625,-223.47178649902344,-178.1162872314453,109.41357421875,641.69384765625,730.2000732421875,377.1142578125,1,18.851367950439453,5891.267578125,5930.2666015625,-219.0771484375,-175.65000915527344,-82.966796875,975.68115234375,603.3995361328125,-98.07539367675781,1,22.784231185913086,6940.8310546875,7343.47998046875,-252.56231689453125,-210.799072265625,-280.6806640625,SN000368420812,Pumba,72507.766,2025-12-19T19:08:27.775Z,1765551351770102400,3D
634.281982421875,16.7705078125,420.953857421875,1,27.918367385864258,8286.376953125,7619.98046875,-334.281005859375,-257.9110107421875,749.674560546875,851.59716796875,-66.43115234375,131.64183044433594,1,29.069717407226562,8463.0029296875,8018.5263671875,-330.3780517578125,-256.7931823730469,401.614501953125,945.943603515625,1312.699951171875,160.21368408203125,1,16.833782196044922,5166.685546875,5495.6630859375,-191.25723266601562,-161.8504638671875,-101.641357421875,770.7685546875,902.7845458984375,342.37200927734375,1,19.139202117919922,5911.7705078125,5545.5068359375,-228.42665100097656,-174.74209594726562,201.270751953125,1036.1279296875,811.9859619140625,-50.666595458984375,1,21.855833053588867,6655.17822265625,6323.4658203125,-253.1917266845703,-194.2168426513672,96.0146484375,896.563720703125,1324.122314453125,51.93528747558594,1,15.436376571655273,4821.39599609375,4767.96875,-177.37644958496094,-138.79017639160156,-131.101806640625,922.4013671875,1314.290771484375,11.107597351074219,1,16.093475341796875,5121.41748046875,5537.4462890625,-181.12611389160156,-152.59584045410156,-381.030029296875,790.773193359375,705.4287109375,237.0719451904297,1,25.70050621032715,8556.3583984375,8211.48828125,-324.9163818359375,-251.36593627929688,100.3818359375,843.954833984375,670.4647216796875,86.43452453613281,1,25.488988876342773,7931.1396484375,7730.0927734375,-312.3268127441406,-250.50404357910156,463.557861328125,656.366943359375,362.7381591796875,320.939697265625,1,25.002750396728516,7774.7841796875,7036.9970703125,-307.86383056640625,-231.37123107910156,511.045654296875,829.867431640625,293.6727294921875,78.81681823730469,1,29.467172622680664,9263.12109375,8414.666015625,-365.9252014160156,-275.4907531738281,579.57470703125,972.324462890625,1167.1395263671875,114.58432006835938,1,16.632944107055664,4947.64794921875,4874.228515625,-185.88180541992188,-146.68893432617188,-5.93798828125,879.82666015625,1290.7218017578125,14.645240783691406,1,16.041393280029297,4915.9462890625,5073.49560546875,-183.0925750732422,-150.70018005371094,-59.584716796875,870.603759765625,1126.588623046875,253.7122344970703,1,17.80872344970703,5846.513671875,5515.9091796875,-213.4779815673828,-158.25872802734375,-213.080810546875,1012.235107421875,1074.2685546875,-16.80322265625,1,19.028108596801758,5695.5166015625,5578.9111328125,-218.24676513671875,-173.2114715576172,134.09375,642.982421875,729.1368408203125,379.248779296875,1,19.00757598876953,5871.23876953125,5977.90673828125,-220.25868225097656,-179.5022735595703,-18.8251953125,976.49853515625,603.6737060546875,-96.62161254882812,1,22.77851104736328,6990.7919921875,7193.7421875,-255.44583129882812,-207.53187561035156,-247.4677734375,SN000368420812,Pumba,72507.866,2025-12-19T19:08:27.882Z,1765551351801505100,3D
639.023681640625,16.293701171875,419.4388427734375,1,29.24945831298828,8576.39453125,7888.47265625,-354.1088562011719,-277.12890625,1044.97705078125,851.383056640625,-66.3564453125,132.2924041748047,1,29.517963409423828,8593.1279296875,8073.3857421875,-338.06353759765625,-261.92559814453125,493.982421875,947.837158203125,1312.49365234375,159.87335205078125,1,16.907459259033203,5326.5703125,5540.1494140625,-194.75418090820312,-160.04603576660156,-185.231201171875,769.30029296875,903.2779541015625,340.37005615234375,1,18.84844970703125,5756.07470703125,5418.31103515625,-223.21556091308594,-171.71536254882812,222.81494140625,1035.20556640625,811.2862548828125,-51.055091857910156,1,21.800107955932617,6594.12109375,6525.2783203125,-248.8568878173828,-197.7654571533203,28.526611328125,897.850830078125,1324.819091796875,52.09620666503906,1,14.877166748046875,4624.57421875,4665.83203125,-167.661865234375,-132.8321990966797,-207.514892578125,923.0966796875,1314.370361328125,11.107086181640625,1,15.271228790283203,4611.66357421875,4794.32177734375,-169.8227081298828,-140.01307678222656,-119.67236328125,789.373291015625,704.2979736328125,235.18785095214844,1,25.781766891479492,8490.7666015625,8190.1982421875,-325.0189208984375,-253.93222045898438,185.61669921875,847.173828125,669.76318359375,86.32843017578125,1,25.519533157348633,7947.75390625,7749.9775390625,-312.8133239746094,-250.93063354492188,458.951171875,654.33740234375,362.6895751953125,320.86065673828125,1,26.05780792236328,8252.2470703125,6994.69921875,-331.2503356933594,-236.84756469726562,690.42626953125,829.39697265625,293.45556640625,79.92405700683594,1,29.433210372924805,9310.716796875,8295.4609375,-367.8245544433594,-272.0281677246094,583.13818359375,971.766845703125,1166.1773681640625,114.36329650878906,1,16.607723236083984,4932.55078125,4866.47412109375,-185.47230529785156,-146.65296936035156,-0.685302734375,880.0869140625,1291.767333984375,15.040580749511719,1,15.54433536529541,4736.37451171875,4965.4755859375,-174.6666717529297,-145.36221313476562,-114.81689453125,870.64794921875,1127.0426025390625,254.0702362060547,1,17.195323944091797,5460.0634765625,5584.517578125,-197.31668090820312,-158.31597900390625,-266.5537109375,1010.843994140625,1073.24072265625,-16.92169189453125,1,19.357986450195312,5795.97265625,5724.41015625,-222.8554229736328,-178.6332244873047,161.491455078125,644.018310546875,728.0166015625,376.997802734375,1,19.000198364257812,5859.5185546875,6043.150390625,-219.05035400390625,-180.51393127441406,-44.23828125,974.741455078125,603.248046875,-96.16056060791016,1,23.823089599609375,7279.0888671875,7449.2333984375,-271.6197814941406,-221.87942504882812,-71.11962890625,SN000368420812,Pumba,72507.966,2025-12-19T19:08:27.996Z,1765551351833496300,3D
635.6826171875,16.709716796875,420.1639404296875,1,28.809158325195312,8432.4814453125,7707.91796875,-347.4261474609375,-270.1031494140625,1003.080810546875,849.979248046875,-64.06640625,134.6719512939453,1,28.300630569458008,7987.37744140625,7917.6220703125,-312.39385986328125,-253.65008544921875,398.999267578125,947.372314453125,1312.001953125,159.200439453125,1,16.963422775268555,5261.9365234375,5565.5537109375,-193.88995361328125,-162.77023315429688,-133.2236328125,769.5947265625,904.47119140625,340.52777099609375,1,18.643959045410156,5704.5478515625,5375.384765625,-220.1361083984375,-168.99807739257812,185.033935546875,1036.197998046875,811.484375,-51.419097900390625,1,21.941377639770508,6737.98876953125,6413.26416015625,-254.81597900390625,-195.06326293945312,46.5244140625,896.549560546875,1324.068359375,51.81983947753906,1,15.566976547241211,4901.5712890625,4879.5126953125,-179.42494201660156,-140.9456787109375,-163.255126953125,921.65966796875,1314.1080322265625,10.641525268554688,1,16.411636352539062,5376.3486328125,5583.69775390625,-189.7925567626953,-152.83004760742188,-411.8916015625,790.583251953125,704.278076171875,235.3649139404297,1,25.533754348754883,8446.162109375,8240.29296875,-320.3077697753906,-251.66079711914062,85.1279296875,842.67529296875,671.4854736328125,84.07048034667969,1,25.556079864501953,7892.037109375,7744.3603515625,-312.1221618652344,-252.51596069335938,505.57763671875,655.978515625,362.683837890625,321.34405517578125,1,26.174285888671875,8176.029296875,6920.72021484375,-332.3642578125,-239.58494567871094,822.428466796875,826.16796875,295.18505859375,79.95877075195312,1,29.138587951660156,9298.06640625,8291.91015625,-363.7314147949219,-267.4082946777344,463.263671875,971.751708984375,1166.5465087890625,113.51081848144531,1,16.71353530883789,4971.73583984375,4927.94140625,-186.8628692626953,-148.40211486816406,-3.4873046875,878.987548828125,1290.93310546875,14.761863708496094,1,15.708763122558594,4771.8828125,4960.4599609375,-177.60177612304688,-147.20506286621094,-61.845703125,872.55224609375,1127.57568359375,254.6272735595703,1,17.201276779174805,5478.38623046875,5581.26171875,-197.79310607910156,-157.95156860351562,-273.62548828125,1009.841064453125,1073.2298583984375,-17.696617126464844,1,19.14809226989746,5793.0205078125,5648.435546875,-220.95797729492188,-174.11209106445312,102.286376953125,642.80224609375,730.4932861328125,377.7362060546875,1,18.92152976989746,5915.39453125,6052.8935546875,-218.85560607910156,-177.94058227539062,-120.398681640625,978.166748046875,602.6761474609375,-95.87763977050781,1,23.087249755859375,7180.33349609375,7332.3095703125,-261.4808349609375,-210.3398895263672,-283.9404296875,SN000368420812,Pumba,72508.1,2025-12-19T19:08:28.112Z,1765551351865529900,3D
634.74609375,18.038818359375,420.98638916015625,1,28.935882568359375,8518.212890625,7633.7119140625,-351.84283447265625,-269.34765625,1042.4755859375,850.39111328125,-62.498046875,130.6874237060547,1,29.118057250976562,8427.5087890625,7896.99755859375,-332.0007019042969,-256.81781005859375,499.66162109375,947.3076171875,1311.831787109375,159.89060974121094,1,16.70750617980957,5151.716796875,5423.16015625,-190.14208984375,-158.974609375,-119.921142578125,767.888671875,904.038818359375,340.651123046875,1,18.81093406677246,5764.212890625,5421.2431640625,-222.9518585205078,-171.0924530029297,203.91064453125,1031.038330078125,812.010986328125,-49.155155181884766,1,21.867088317871094,6649.658203125,6478.23681640625,-251.33688354492188,-196.83181762695312,41.430908203125,897.278076171875,1321.1907958984375,52.27716064453125,1,15.211210250854492,4761.10205078125,4777.61328125,-173.31581115722656,-136.84657287597656,-190.47119140625,922.312744140625,1309.5322265625,11.6844482421875,1,16.512880325317383,5429.3095703125,5688.8984375,-190.91200256347656,-154.91339111328125,-440.871826171875,788.76953125,703.5029296875,235.3149871826172,1,25.63396644592285,8478.818359375,8322.5576171875,-321.1974182128906,-253.7191619873047,73.873779296875,841.624755859375,671.2408447265625,84.7166748046875,1,25.50627326965332,7880.421875,7780.34228515625,-311.115966796875,-252.8914337158203,486.693115234375,655.826416015625,362.4578857421875,320.95867919921875,1,25.659076690673828,8027.548828125,6848.94384765625,-323.5051574707031,-233.3402099609375,714.080322265625,826.16943359375,296.0770263671875,79.29196166992188,1,29.522445678710938,9397.919921875,8403.8876953125,-369.6309814453125,-273.4572448730469,534.17822265625,970.345458984375,1164.4808349609375,116.41806030273438,1,16.72480010986328,5017.76953125,4919.25439453125,-187.99929809570312,-147.39572143554688,-23.2587890625,879.386962890625,1287.26123046875,16.343841552734375,1,16.105356216430664,4949.6123046875,5095.771484375,-184.59591674804688,-151.66636657714844,-51.79052734375,870.081787109375,1127.141357421875,256.27899169921875,1,17.29654884338379,5563.9609375,5351.9609375,-203.37754821777344,-153.98114013671875,-195.30615234375,1009.858154296875,1073.33056640625,-14.91925048828125,1,19.52198600769043,5991.77197265625,5688.28466796875,-229.23171997070312,-176.30210876464844,128.518798828125,643.820556640625,728.788330078125,377.10833740234375,1,19.10104751586914,5922.7373046875,6101.873046875,-220.92982482910156,-181.66127014160156,-60.829833984375,976.30859375,603.19580078125,-94.36650848388672,1,23.95722198486328,7364.81005859375,7479.86083984375,-274.5026550292969,-222.37440490722656,-82.5107421875,SN000368420812,Pumba,72508.2,2025-12-19T19:08:28.225Z,1765551351897609400,3D
632.61572265625,21.542236328125,417.684814453125,1,29.043642044067383,8490.2763671875,7797.7158203125,-350.88519287109375,-274.413330078125,1045.580810546875,852.827392578125,-61.72314453125,130.617919921875,1,30.163366317749023,8848.5,8363.1796875,-348.2400817871094,-271.3714599609375,512.609619140625,947.579345703125,1310.77587890625,162.62721252441406,1,16.425785064697266,5108.005859375,5334.40576171875,-186.646728515625,-153.98870849609375,-181.227783203125,769.238525390625,904.9642333984375,340.08367919921875,1,18.69944190979004,5721.55712890625,5387.3125,-221.1393585205078,-169.81065368652344,197.0537109375,1038.109130859375,816.2132568359375,-51.16557312011719,1,22.064937591552734,6720.259765625,6409.41357421875,-256.4211120605469,-197.78216552734375,121.819091796875,897.231689453125,1323.99658203125,55.51275634765625,1,14.984369277954102,4639.283203125,4722.8388671875,-168.55226135253906,-134.9724578857422,-196.345947265625,922.5546875,1314.9833984375,14.403457641601562,1,15.933055877685547,5097.80712890625,5481.3896484375,-179.30526733398438,-149.74148559570312,-411.927001953125,790.982666015625,707.7666015625,235.58189392089844,1,25.899324417114258,8556.3974609375,8289.166015625,-326.6452941894531,-255.86489868164062,157.63134765625,845.54541015625,672.291259765625,86.24592590332031,1,24.6561222076416,7529.1748046875,7424.61962890625,-297.55718994140625,-241.73916625976562,475.55810546875,657.108154296875,366.9091796875,321.2203369140625,1,26.022111892700195,8124.994140625,6921.92724609375,-329.2778015136719,-238.16781616210938,783.822509765625,829.094970703125,297.0374755859375,79.20521545410156,1,31.08553695678711,9745.958984375,8647.986328125,-394.03509521484375,-294.9234924316406,908.75146484375,972.7138671875,1166.9119873046875,114.68025207519531,1,16.63266944885254,4928.81689453125,4878.9970703125,-185.57205200195312,-147.33071899414062,7.281005859375,880.223388671875,1291.36572265625,17.95215606689453,1,15.934444427490234,4834.666015625,5047.9267578125,-180.60630798339844,-150.64414978027344,-40.588623046875,871.798583984375,1127.197265625,253.55201721191406,1,17.322463989257812,5523.1201171875,5609.4365234375,-199.9280242919922,-159.3641815185547,-258.685302734375,1012.249755859375,1077.352294921875,-17.915771484375,1,19.052139282226562,5763.19580078125,5576.12841796875,-220.0430145263672,-172.18960571289062,109.170166015625,643.141357421875,731.0419921875,376.490966796875,1,18.7701416015625,5829.5986328125,5940.73876953125,-216.62298583984375,-175.80068969726562,-87.35205078125,982.44140625,607.16064453125,-94.55370330810547,1,22.429885864257812,6942.4853515625,7169.4970703125,-250.14634704589844,-202.4573516845703,-362.82861328125,SN000368420812,Pumba,72508.333,2025-12-19T19:08:28.342Z,1765551351929493700,3D
634.874267578125,20.576416015625,419.42236328125,1,29.490875244140625,8706.947265625,7808.685546875,-361.0791320800781,-277.28570556640625,1113.071044921875,848.679931640625,-62.120849609375,134.40570068359375,1,28.809741973876953,8289.046875,7908.40625,-325.10552978515625,-255.06268310546875,443.899169921875,949.02099609375,1314.2530517578125,159.84161376953125,1,16.953765869140625,5245.97021484375,5616.255859375,-192.7979736328125,-163.6876220703125,-149.489990234375,766.829345703125,905.1064453125,339.900634765625,1,18.78118324279785,5736.412109375,5365.43115234375,-222.74282836914062,-170.45335388183594,231.665283203125,1039.982177734375,815.17529296875,-51.55426788330078,1,21.936723709106445,6652.64404296875,6398.85595703125,-253.37820434570312,-196.8431396484375,105.348876953125,899.6396484375,1328.6837158203125,52.435821533203125,1,15.577133178710938,4893.13671875,4871.28515625,-179.4938201904297,-141.17950439453125,-150.449462890625,924.37939453125,1317.412353515625,11.52984619140625,1,16.261775970458984,5181.146484375,5652.29931640625,-183.33468627929688,-156.01113891601562,-382.376220703125,789.847900390625,706.986572265625,235.86985778808594,1,25.51971435546875,8489.345703125,8029.822265625,-323.5363464355469,-247.31008911132812,138.246826171875,844.28857421875,671.5272216796875,86.48802185058594,1,25.534761428833008,7665.87548828125,7925.37109375,-305.582763671875,-260.44097900390625,571.00341796875,657.205078125,365.4912109375,320.85772705078125,1,26.240337371826172,8222.1484375,6938.4140625,-333.92742919921875,-239.9029541015625,816.693115234375,828.434326171875,296.2607421875,79.04588317871094,1,31.354610443115234,9764.73828125,8976.1044921875,-393.8662414550781,-303.7311706542969,879.734375,971.1748046875,1166.6973876953125,114.05764770507812,1,16.521163940429688,4912.93505859375,4823.6982421875,-184.4449920654297,-145.0019073486328,-10.256103515625,880.67138671875,1296.514404296875,15.420768737792969,1,15.846834182739258,4809.189453125,5045.2783203125,-179.0896453857422,-149.86843872070312,-59.077880859375,870.8935546875,1126.6103515625,253.3061981201172,1,17.195589065551758,5452.49072265625,5564.1328125,-197.39405822753906,-158.1531982421875,-254.538818359375,1011.315673828125,1075.9344482421875,-17.659751892089844,1,18.96800994873047,5697.001953125,5657.275390625,-216.7431640625,-173.62997436523438,82.388671875,640.727783203125,731.384521484375,377.21856689453125,1,18.90370750427246,5825.064453125,5872.79638671875,-219.24697875976562,-177.2373046875,5.258056640625,975.37109375,609.2645263671875,-97.47962188720703,1,22.99934196472168,7190.85888671875,7359.43603515625,-259.92041015625,-208.71742248535156,-348.764892578125,SN000368420812,Pumba,72508.433,2025-12-19T19:08:28.445Z,1765551351961857600,3D
633.069091796875,19.16357421875,416.8026123046875,1,29.312118530273438,8756.150390625,7829.83740234375,-359.1867370605469,-273.2520751953125,988.9814453125,850.20458984375,-62.79833984375,132.19607543945312,1,28.271713256835938,8074.373046875,7729.5107421875,-316.3348083496094,-248.80455017089844,421.03125,947.753173828125,1310.454345703125,162.3065643310547,1,17.079998016357422,5276.380859375,5615.25537109375,-195.1184539794922,-165.1241455078125,-110.531982421875,769.921875,904.285888671875,340.3287353515625,1,18.702272415161133,5693.61083984375,5612.037109375,-218.02090454101562,-174.01300048828125,128.56103515625,1032.885986328125,812.6876220703125,-51.10313034057617,1,21.89824676513672,6674.95361328125,6479.7568359375,-252.16407775878906,-196.7216796875,37.289306640625,897.412353515625,1325.260498046875,55.38441467285156,1,15.083629608154297,4687.51220703125,4801.05810546875,-169.97549438476562,-136.8428192138672,-209.364013671875,922.4697265625,1316.019775390625,14.157630920410156,1,15.18050479888916,4581.3701171875,4696.7802734375,-169.2472381591797,-137.77481079101562,-100.950439453125,790.232421875,706.6597900390625,235.9333038330078,1,25.7564754486084,8569.7587890625,8104.1904296875,-327.320068359375,-250.49790954589844,163.31787109375,844.9326171875,671.402587890625,86.57963562011719,1,25.6632137298584,7767.025390625,8120.2978515625,-306.8686828613281,-263.1759338378906,487.417236328125,658.89453125,364.5137939453125,320.50457763671875,1,25.90932273864746,8160.9580078125,6922.990234375,-328.50042724609375,-235.54063415527344,713.179931640625,830.005615234375,296.048828125,79.65602111816406,1,30.47517967224121,9759.25390625,8569.5703125,-387.00103759765625,-283.1569519042969,659.0478515625,971.41162109375,1166.1541748046875,114.19094848632812,1,16.520557403564453,4930.2783203125,4883.31298828125,-184.10452270507812,-145.56124877929688,-43.184326171875,879.706787109375,1293.177490234375,17.667800903320312,1,15.284740447998047,4625.142578125,4875.80078125,-170.3579864501953,-142.50494384765625,-118.85107421875,871.575927734375,1127.0426025390625,254.0037078857422,1,17.227527618408203,5459.2646484375,5596.46484375,-197.57388305664062,-159.034912109375,-257.031982421875,1010.95751953125,1074.105224609375,-17.03558349609375,1,19.550189971923828,5881.47265625,5798.59375,-226.22898864746094,-181.064697265625,166.614990234375,644.597412109375,729.95703125,377.568115234375,1,18.438493728637695,5697.8349609375,5772.83837890625,-212.0025177001953,-171.15834045410156,-76.112060546875,973.52001953125,604.74169921875,-95.00587463378906,1,22.416778564453125,6838.0068359375,7120.24609375,-248.93667602539062,-204.3688507080078,-272.599365234375,SN000368420812,Pumba,72508.533,2025-12-19T19:08:28.557Z,1765551351993567000,3D
631.7138671875,20.3720703125,421.21441650390625,1,28.20838165283203,8159.0556640625,7523.568359375,-337.03875732421875,-264.4226989746094,999.912353515625,843.356201171875,-62.450927734375,139.7923126220703,1,29.269603729248047,8397.8759765625,8038.57861328125,-331.80462646484375,-262.2367248535156,530.12744140625,953.31787109375,1310.6923828125,157.99732971191406,1,16.063722610473633,4874.3857421875,5380.72265625,-176.8131866455078,-154.09024047851562,-215.6494140625,769.43603515625,904.1663818359375,340.0865478515625,1,18.61380386352539,5696.25439453125,5358.134765625,-219.79647827148438,-168.44338989257812,184.12451171875,1036.774169921875,810.7161865234375,-51.32134246826172,1,22.454553604125977,6900.1123046875,6614.2314453125,-262.4385070800781,-203.02243041992188,96.862060546875,900.453369140625,1322.6192626953125,51.83793640136719,1,15.177043914794922,4748.71728515625,4881.02392578125,-171.3766632080078,-138.12908935546875,-239.287109375,924.673583984375,1312.5821533203125,10.255355834960938,1,15.422966003417969,4722.9140625,4906.04541015625,-172.6292266845703,-141.6603240966797,-165.46484375,786.876708984375,708.125,233.1331024169922,1,25.247188568115234,8385.927734375,8107.884765625,-317.0187072753906,-246.39120483398438,51.2705078125,845.585693359375,671.3233642578125,85.55342102050781,1,25.38489532470703,7778.10791015625,7643.51171875,-309.1072082519531,-251.0623779296875,547.7841796875,660.639892578125,364.26171875,319.7191162109375,1,25.660770416259766,8019.6328125,6913.521484375,-322.5216064453125,-234.43350219726562,691.3671875,829.36865234375,295.7314453125,79.42271423339844,1,33.64161682128906,10707.283203125,9321.541015625,-437.70330810546875,-324.5776672363281,1156.63134765625,975.849609375,1165.48193359375,111.28692626953125,1,16.709545135498047,4982.4111328125,4946.8896484375,-186.79698181152344,-148.3902130126953,-18.991455078125,882.145751953125,1289.504638671875,15.263420104980469,1,15.47782039642334,4684.4970703125,4993.4443359375,-172.5463409423828,-145.9971923828125,-120.37109375,874.81982421875,1124.068603515625,250.40391540527344,1,17.244762420654297,5494.9658203125,5621.89306640625,-198.15174865722656,-158.84628295898438,-282.421875,1015.566650390625,1072.651611328125,-19.320186614990234,1,19.340721130371094,5856.94921875,5760.62109375,-223.390869140625,-177.52981567382812,103.155029296875,640.51220703125,732.4473876953125,378.09930419921875,1,19.833106994628906,6311.7568359375,6000.720703125,-239.09776306152344,-183.0049285888672,55.94189453125,973.308837890625,603.96630859375,-95.95127868652344,1,22.928266525268555,7063.6083984375,7348.6201171875,-257.1094665527344,-210.86032104492188,-283.197509765625,SN000368420812,Pumba,72508.666,2025-12-19T19:08:28.677Z,1765551352025349500,3D
632.868896484375,20.0166015625,424.8748779296875,1,27.71746063232422,8160.83154296875,7581.12255859375,-329.9868469238281,-257.2773132324219,763.968994140625,844.662841796875,-63.256591796875,138.01661682128906,1,29.56499481201172,8633.83984375,8040.3544921875,-340.6163635253906,-262.20086669921875,527.721923828125,950.0380859375,1312.89208984375,158.81158447265625,1,16.74186897277832,5193.052734375,5465.4296875,-190.58026123046875,-158.85557556152344,-156.94482421875,768.753173828125,903.7996826171875,339.9888916015625,1,19.178813934326172,5887.2275390625,5477.42578125,-229.47103881835938,-175.14346313476562,266.489990234375,1032.12451171875,811.5814208984375,-52.67887496948242,1,21.470470428466797,6520.263671875,6291.966796875,-245.82150268554688,-190.4077911376953,20.0849609375,897.80126953125,1322.125,52.077392578125,1,15.28215217590332,4814.90576171875,4853.03125,-174.1593780517578,-137.64779663085938,-229.623291015625,922.166259765625,1310.74560546875,10.928604125976562,1,16.511510848999023,5329.18994140625,5733.25341796875,-188.3034210205078,-157.6998291015625,-402.394287109375,788.41162109375,705.9805908203125,233.90748596191406,1,25.353273391723633,8516.888671875,8114.09375,-321.0478210449219,-245.45404052734375,21.38525390625,845.97021484375,670.640869140625,85.52310180664062,1,25.03923225402832,7561.0185546875,7897.13720703125,-297.3281555175781,-254.21514892578125,428.2548828125,659.16943359375,363.2391357421875,320.47503662109375,1,25.724193572998047,7996.2587890625,7080.1123046875,-320.8066711425781,-238.41831970214844,663.7021484375,829.16455078125,295.08837890625,79.04145812988281,1,28.976762771606445,8951.1328125,8339.373046875,-354.5897521972656,-273.72967529296875,593.13330078125,973.17431640625,1165.66455078125,114.10194396972656,1,16.841537475585938,5025.71826171875,4953.49951171875,-189.0682830810547,-149.38967895507812,2.27294921875,879.461181640625,1288.099609375,16.366859436035156,1,15.680498123168945,4716.7197265625,4977.73583984375,-175.82565307617188,-148.1014862060547,-51.87060546875,872.275634765625,1125.7666015625,253.28968811035156,1,17.479759216308594,5607.9677734375,5680.2626953125,-202.45834350585938,-160.67340087890625,-280.656005859375,1011.321044921875,1073.1268310546875,-17.432579040527344,1,19.35887908935547,5850.751953125,5750.23046875,-223.37095642089844,-177.48287963867188,110.252197265625,641.871826171875,730.2650146484375,376.57635498046875,1,19.736265182495117,6159.2265625,6187.322265625,-232.958740234375,-188.13970947265625,42.761962890625,976.495361328125,602.54296875,-97.08132934570312,1,22.278493881225586,6724.48876953125,7072.3876953125,-245.41519165039062,-203.86317443847656,-247.664794921875,SN000368420812,Pumba,72508.8,2025-12-19T19:08:28.807Z,1765551352057306900,3D
630.318115234375,20.5615234375,425.1895751953125,1,28.641876220703125,8302.326171875,7630.0791015625,-344.23992919921875,-269.8917541503906,1059.819580078125,845.736083984375,-63.4404296875,140.61366271972656,1,28.407634735107422,7922.8759765625,7824.82421875,-314.33941650390625,-256.3063049316406,543.897705078125,951.751953125,1316.7587890625,157.4620361328125,1,16.19660758972168,4937.35205078125,5390.2353515625,-179.6401824951172,-154.94699096679688,-200.515625,768.34228515625,902.6373291015625,339.82025146484375,1,19.12866973876953,5871.92578125,5497.5576171875,-228.29122924804688,-174.99758911132812,246.478515625,1033.074462890625,812.293212890625,-51.86222839355469,1,21.876033782958984,6628.2607421875,6572.548828125,-250.13841247558594,-199.1868896484375,28.385498046875,898.739013671875,1322.251220703125,50.71379089355469,1,15.044845581054688,4705.15673828125,4786.8662109375,-169.8303985595703,-135.40496826171875,-236.174560546875,922.5654296875,1308.592529296875,9.883384704589844,1,16.2178897857666,5196.6455078125,5721.51025390625,-182.09141540527344,-155.82040405273438,-442.908935546875,788.185791015625,706.017333984375,234.29234313964844,1,25.89796257019043,8562.615234375,8238.3544921875,-327.4776611328125,-255.0780792236328,177.448974609375,846.10009765625,670.709228515625,85.85244750976562,1,25.669586181640625,7954.04736328125,7718.0029296875,-315.2160949707031,-252.668212890625,530.740966796875,655.386474609375,363.830078125,319.35784912109375,1,25.984424591064453,8037.458984375,6931.54931640625,-326.86834716796875,-239.56350708007812,813.194091796875,828.912353515625,294.7886962890625,79.02423095703125,1,32.31593704223633,10126.349609375,9234.0625,-410.2247009277344,-314.9399719238281,970.7333984375,973.19091796875,1166.3358154296875,115.44194030761719,1,16.782167434692383,5016.72021484375,4936.45166015625,-188.4376220703125,-148.5109100341797,-7.41357421875,879.451904296875,1286.9951171875,16.653602600097656,1,15.911116600036621,4826.2958984375,5084.1279296875,-179.7248077392578,-151.0297088623047,-59.363525390625,871.695556640625,1125.421875,254.21315002441406,1,17.30304718017578,5503.490234375,5641.744140625,-198.77357482910156,-159.82080078125,-272.441650390625,1011.887939453125,1074.0482177734375,-16.331436157226562,1,19.147705078125,5781.3193359375,5716.6845703125,-219.8813018798828,-175.37770080566406,81.204833984375,641.865966796875,728.3388671875,375.52117919921875,1,19.33219337463379,6080.232421875,5934.19873046875,-229.0277557373047,-179.30810546875,11.05029296875,974.77783203125,603.9512939453125,-97.24819946289062,1,24.541748046875,7560.8798828125,7664.669921875,-283.8136901855469,-230.35830688476562,-18.560546875,SN000368420812,Pumba,72508.9,2025-12-19T19:08:28.914Z,1765551352105564900,3D
633.654296875,18.591796875,421.2093505859375,1,28.069740295410156,8241.4443359375,7586.53759765625,-336.20233154296875,-261.4091796875,869.379150390625,847.215576171875,-63.236328125,135.99148559570312,1,27.761066436767578,7805.7041015625,7766.15234375,-304.16534423828125,-247.34571838378906,352.9033203125,950.864013671875,1311.009765625,159.46844482421875,1,16.946414947509766,5295.44140625,5524.2529296875,-194.77743530273438,-161.0576934814453,-145.6123046875,765.905029296875,904.672607421875,341.34161376953125,1,18.389249801635742,5597.59716796875,5557.783203125,-212.55548095703125,-170.0668487548828,67.230712890625,1035.332275390625,811.5029296875,-51.052364349365234,1,21.413494110107422,6476.8681640625,6332.6669921875,-244.02391052246094,-191.43092346191406,14.625244140625,900.2021484375,1320.4197998046875,52.15788269042969,1,15.31724739074707,4797.02685546875,4740.306640625,-175.70970153808594,-137.02052307128906,-155.9404296875,924.865966796875,1308.40771484375,11.442489624023438,1,15.28359603881836,4686.34765625,4833.466796875,-170.7313690185547,-138.82032775878906,-182.71923828125,785.260986328125,705.0628662109375,233.39012145996094,1,25.453975677490234,8385.45703125,7914.2744140625,-322.1767272949219,-247.0067901611328,222.796630859375,842.420654296875,669.888427734375,85.03573608398438,1,25.142087936401367,7565.7060546875,7871.759765625,-299.0365905761719,-255.36093139648438,479.03369140625,656.94140625,362.4073486328125,319.62884521484375,1,27.04007911682129,8442.7255859375,7135.275390625,-346.2848815917969,-250.9005889892578,951.046142578125,826.828369140625,294.7437744140625,79.12030029296875,1,30.847579956054688,9701.052734375,8753.7119140625,-388.52606201171875,-293.349609375,782.21728515625,972.364013671875,1163.20166015625,115.22212219238281,1,16.578161239624023,4936.36328125,4883.2080078125,-184.88026428222656,-146.24026489257812,-25.05615234375,881.785400390625,1286.519775390625,16.464492797851562,1,15.74760627746582,4799.201171875,5008.837890625,-177.9184112548828,-147.77691650390625,-85.423095703125,870.1357421875,1125.4927978515625,253.54066467285156,1,16.937347412109375,5378.5810546875,5500.89453125,-193.27993774414062,-154.5836181640625,-298.670166015625,1012.353759765625,1072.6153564453125,-16.431556701660156,1,19.02462387084961,5754.998046875,5664.5107421875,-218.38809204101562,-173.17669677734375,64.5556640625,639.638427734375,731.3319091796875,379.32696533203125,1,18.821420669555664,5843.7666015625,6032.6396484375,-216.53468322753906,-177.79786682128906,-107.963623046875,973.957763671875,604.5416259765625,-96.23929595947266,1,22.73142433166504,6991.7822265625,7300.9853515625,-253.61679077148438,-208.43911743164062,-309.327880859375,SN000368420812,Pumba,72509.033,2025-12-19T19:08:29.046Z,1765551352137372100,3D
637.219970703125,14.51953125,419.26043701171875,1,28.45550537109375,8418.65625,7642.3359375,-343.6974182128906,-264.1209411621094,896.711181640625,850.69921875,-68.195068359375,130.9913787841797,1,28.958072662353516,8420.6806640625,7950.43359375,-329.33294677734375,-255.42201232910156,419.741943359375,947.636962890625,1313.101806640625,159.3217010498047,1,16.563440322875977,5138.400390625,5461.337890625,-187.34014892578125,-157.25636291503906,-196.152587890625,766.986083984375,905.183837890625,341.16796875,1,18.409757614135742,5544.765625,5590.33203125,-211.6199493408203,-172.3629150390625,102.124755859375,1037.553466796875,812.592529296875,-50.57768249511719,1,23.036672592163086,7097.2783203125,6558.080078125,-274.3776550292969,-206.96372985839844,246.572509765625,895.81640625,1324.368408203125,51.998626708984375,1,15.256033897399902,4807.51953125,4836.140625,-173.81761169433594,-137.0587615966797,-231.728759765625,920.7978515625,1314.51171875,10.570556640625,1,16.414960861206055,5320.92724609375,5624.37158203125,-188.0379638671875,-154.47158813476562,-400.8701171875,791.6748046875,703.599365234375,233.5539093017578,1,26.210634231567383,8734.69921875,8351.439453125,-333.623046875,-258.07476806640625,166.4072265625,848.21484375,669.900146484375,83.62001037597656,1,25.202289581298828,7557.49267578125,7831.29296875,-300.3291015625,-256.1380920410156,532.10302734375,656.137939453125,362.0958251953125,322.51959228515625,1,25.724597930908203,7932.77978515625,6791.3037109375,-323.22857666015625,-235.7071990966797,823.158447265625,829.40673828125,292.7545166015625,80.50936889648438,1,30.48503875732422,9626.9609375,8436.9375,-386.268798828125,-284.4551696777344,799.8369140625,972.775634765625,1167.42431640625,113.10905456542969,1,16.585731506347656,4906.1787109375,4865.32568359375,-184.55419921875,-146.7117156982422,1.803955078125,878.283203125,1290.865966796875,15.0697021484375,1,15.765144348144531,4786.9560546875,5010.7548828125,-177.7904052734375,-148.2502899169922,-74.3779296875,871.634521484375,1127.4276123046875,253.13072204589844,1,17.352426528930664,5524.296875,5726.9580078125,-198.8726806640625,-161.53823852539062,-295.123779296875,1014.21533203125,1075.47705078125,-18.2987060546875,1,19.24150848388672,5846.98681640625,5704.2265625,-222.4435272216797,-175.11434936523438,84.19970703125,640.702880859375,730.421875,379.62713623046875,1,18.661664962768555,5668.53759765625,5705.0283203125,-215.27882385253906,-174.57606506347656,69.022216796875,970.728515625,606.1912841796875,-96.65631103515625,1,25.062786102294922,8037.01123046875,8357.19921875,-291.5551452636719,-238.54893493652344,-356.063232421875,SN000368420812,Pumba,72509.166,2025-12-19T19:08:29.175Z,1765551352169794900,3D
634.64990234375,15.66064453125,422.2755126953125,1,29.023868560791016,8472.54296875,7761.1728515625,-350.41180419921875,-273.55340576171875,1052.047119140625,854.584716796875,-66.115478515625,131.9259033203125,1,28.46986961364746,7952.349609375,7923.6513671875,-313.85870361328125,-257.304931640625,491.255615234375,950.109619140625,1312.593505859375,163.2720947265625,1,16.391517639160156,5042.71533203125,5513.8291015625,-182.8221435546875,-157.69723510742188,-226.52587890625,768.65576171875,903.45068359375,341.00286865234375,1,18.50490379333496,5668.0322265625,5324.0048828125,-218.39439392089844,-166.98960876464844,172.85302734375,1035.263427734375,813.319580078125,-51.62548828125,1,21.656354904174805,6591.69775390625,6409.875,-248.24664306640625,-193.6359100341797,11.32958984375,895.7158203125,1324.72509765625,57.35211181640625,1,15.32757568359375,4825.99560546875,4850.3056640625,-175.2418212890625,-138.39492797851562,-207.60693359375,919.637939453125,1315.0732421875,15.267044067382812,1,16.272655487060547,5327.060546875,5593.0380859375,-187.00350952148438,-151.94700622558594,-442.84033203125,786.01513671875,705.8131103515625,234.0155792236328,1,25.40223503112793,8522.6220703125,8140.3740234375,-321.06915283203125,-246.00482177734375,14.97802734375,842.417236328125,671.456787109375,84.21430969238281,1,26.307798385620117,8136.30859375,8109.22705078125,-322.2493591308594,-264.687255859375,536.452392578125,655.913818359375,362.09619140625,322.251953125,1,25.893590927124023,8038.7998046875,6895.3193359375,-326.2346496582031,-237.61660766601562,790.50927734375,828.4443359375,294.1903076171875,79.67338562011719,1,31.42022132873535,9857.8046875,8988.1162109375,-396.11749267578125,-302.53143310546875,838.25244140625,972.481689453125,1167.402099609375,114.86483764648438,1,16.499813079833984,4877.8896484375,4871.013671875,-182.94784545898438,-146.20770263671875,-16.151611328125,877.181640625,1291.52734375,20.652252197265625,1,15.735349655151367,4768.53515625,5002.896484375,-177.42144775390625,-148.41769409179688,-63.649658203125,871.490966796875,1127.2554931640625,254.95887756347656,1,16.948974609375,5371.69775390625,5411.92578125,-194.45391845703125,-153.68711853027344,-251.180419921875,1009.80419921875,1075.80517578125,-18.15631866455078,1,19.30185317993164,5812.3447265625,5741.517578125,-222.16586303710938,-177.5201873779297,118.216064453125,640.120849609375,729.8162841796875,376.768310546875,1,18.482929229736328,5633.7529296875,5806.10888671875,-210.94618225097656,-173.85418701171875,-31.16455078125,976.449462890625,604.3914794921875,-97.02132415771484,1,23.717018127441406,7228.7119140625,7474.4462890625,-269.39910888671875,-222.2351531982422,-81.905029296875,SN000368420812,Pumba,72509.266,2025-12-19T19:08:29.289Z,1765551352201866400,3D
636.52978515625,17.025146484375,417.359619140625,1,29.83722496032715,8773.986328125,7966.09619140625,-364.6163024902344,-283.3002624511719,1146.699462890625,850.99169921875,-64.80126953125,130.34600830078125,1,29.00952911376953,8234.7109375,8083.0751953125,-324.2581481933594,-261.8281555175781,483.639892578125,946.882080078125,1312.1512451171875,160.0830535888672,1,16.73244857788086,5219.4365234375,5409.0791015625,-191.8190460205078,-157.46145629882812,-148.82421875,769.388916015625,903.6790771484375,340.72039794921875,1,18.58443832397461,5644.75390625,5616.2353515625,-215.34188842773438,-173.09210205078125,100.742431640625,1035.20947265625,813.5068359375,-51.31745910644531,1,21.548389434814453,6544.6181640625,6324.0888671875,-247.12054443359375,-191.8535919189453,32.732666015625,898.10400390625,1323.55908203125,51.83259582519531,1,15.192366600036621,4734.21826171875,4765.03515625,-172.7566375732422,-137.0320281982422,-175.46630859375,923.868896484375,1313.1475830078125,11.239540100097656,1,16.097702026367188,5219.34765625,5564.85546875,-183.05039978027344,-151.22357177734375,-439.471923828125,788.889404296875,704.593505859375,233.37779235839844,1,25.88547134399414,8574.5126953125,8236.4482421875,-327.6707763671875,-254.70257568359375,168.994873046875,844.824462890625,670.845458984375,83.87130737304688,1,25.093299865722656,7727.740234375,7651.1953125,-304.3305358886719,-247.7000732421875,452.30224609375,655.677734375,363.2052001953125,320.50665283203125,1,26.088394165039062,8178.66015625,6904.806640625,-331.3524169921875,-237.718994140625,785.62353515625,829.775634765625,294.8951416015625,80.37788391113281,1,30.934627532958984,9712.37109375,8738.265625,-390.07989501953125,-294.2905578613281,819.59326171875,972.26123046875,1166.0323486328125,115.06562805175781,1,16.52475929260254,4919.2919921875,4874.3203125,-184.02780151367188,-145.710205078125,-32.016845703125,881.062255859375,1290.23974609375,14.779998779296875,1,15.649454116821289,4709.2900390625,5014.69287109375,-175.0786590576172,-148.63323974609375,-67.3818359375,871.98876953125,1126.62939453125,254.86488342285156,1,16.677719116210938,5288.7529296875,5294.8935546875,-190.70228576660156,-149.37095642089844,-272.03173828125,1010.593994140625,1075.0994873046875,-17.403106689453125,1,19.332799911499023,5882.1708984375,5752.3779296875,-223.98130798339844,-176.83299255371094,91.24365234375,643.8515625,729.1248779296875,378.0657958984375,1,18.51333236694336,5705.1455078125,5892.453125,-211.65916442871094,-173.99574279785156,-96.609619140625,975.777587890625,605.4044189453125,-96.01487731933594,1,22.871185302734375,7044.677734375,7251.6044921875,-256.990478515625,-208.6740264892578,-263.504638671875,SN000368420812,Pumba,72509.4,2025-12-19T19:08:29.405Z,1765551352233519700,3D
636.197998046875,17.052490234375,417.35003662109375,1,29.190093994140625,8644.0205078125,7724.65576171875,-356.4579772949219,-271.9407958984375,1038.468505859375,850.069091796875,-64.918212890625,129.70269775390625,1,28.558181762695312,8247.904296875,7805.90478515625,-322.1869812011719,-250.2609405517578,398.506103515625,947.042236328125,1312.201416015625,160.02377319335938,1,16.6193904876709,5162.78515625,5431.5302734375,-189.1024169921875,-157.41015625,-168.18896484375,769.41015625,903.7276611328125,340.76348876953125,1,18.836368560791016,5732.22216796875,5439.3056640625,-222.4495086669922,-172.51324462890625,227.176513671875,1035.11474609375,813.435546875,-51.35287857055664,1,21.968955993652344,6684.47802734375,6499.7451171875,-253.2252655029297,-198.20123291015625,60.558837890625,898.212158203125,1323.6497802734375,51.79634094238281,1,15.388456344604492,4827.54443359375,4911.5810546875,-175.2234649658203,-140.1482391357422,-210.1376953125,923.93994140625,1313.1964111328125,11.1884765625,1,15.65934944152832,4732.46484375,5009.353515625,-174.55545043945312,-146.7322998046875,-113.52783203125,788.82763671875,704.5982666015625,233.36878967285156,1,26.21744155883789,8893.9521484375,8291.341796875,-337.2389831542969,-253.2932891845703,87.57373046875,844.757568359375,670.83203125,83.85797119140625,1,25.759611129760742,7861.78369140625,8091.6376953125,-310.2284240722656,-262.0523681640625,480.54443359375,655.5087890625,363.230224609375,320.47210693359375,1,26.300661087036133,8241.814453125,6971.81396484375,-334.6141357421875,-240.84397888183594,814.923583984375,829.3154296875,294.8853759765625,80.21595764160156,1,30.239013671875,9512.322265625,8512.6103515625,-379.7564697265625,-283.9979248046875,727.0498046875,972.28662109375,1166.0157470703125,115.0059814453125,1,16.756912231445312,5012.498046875,4959.40771484375,-187.79733276367188,-148.6029510498047,-23.37109375,881.104736328125,1290.343505859375,14.759574890136719,1,15.48086929321289,4695.8544921875,4967.17041015625,-172.97618103027344,-145.2074737548828,-120.281982421875,872.0166015625,1126.6544189453125,254.82603454589844,1,17.376083374023438,5548.1796875,5630.73193359375,-200.75733947753906,-159.864501953125,-262.456787109375,1010.587646484375,1075.048583984375,-17.457122802734375,1,19.372901916503906,5867.9794921875,5805.236328125,-223.54208374023438,-178.54649353027344,94.398681640625,643.90234375,729.1658935546875,378.2186279296875,1,19.424846649169922,5968.98046875,6189.2568359375,-224.94631958007812,-187.13723754882812,14.598388671875,975.63330078125,605.332763671875,-96.0232925415039,1,22.48844337463379,6849.431640625,7206.978515625,-248.85345458984375,-206.34564208984375,-289.591796875,SN000368420812,Pumba,72509.5,2025-12-19T19:08:29.507Z,1765551352265461900,3D
632.4091796875,14.837158203125,423.3555908203125,1,28.909408569335938,8587.91015625,7795.1728515625,-350.84271240234375,-269.6980285644531,922.3720703125,854.12744140625,-67.00341796875,132.96450805664062,1,28.75307846069336,8288.2333984375,7956.802734375,-323.7686462402344,-254.89308166503906,400.603759765625,949.979248046875,1315.26025390625,159.92462158203125,1,16.194103240966797,4922.896484375,5480.20166015625,-178.3451385498047,-156.72454833984375,-225.4111328125,769.283447265625,903.8770751953125,341.45208740234375,1,18.675159454345703,5670.74072265625,5678.63427734375,-216.2579345703125,-174.897216796875,98.68115234375,1032.548583984375,812.3260498046875,-51.67724609375,1,21.59410285949707,6520.8408203125,6352.06591796875,-246.95425415039062,-193.6071014404297,56.888427734375,897.620849609375,1322.16748046875,52.36480712890625,1,15.336246490478516,4861.791015625,4924.2412109375,-175.02020263671875,-138.6681365966797,-259.60205078125,922.501953125,1310.822265625,11.201103210449219,1,15.295759201049805,4691.86328125,4833.14013671875,-171.09164428710938,-139.00079345703125,-177.669677734375,787.01123046875,705.2017822265625,233.6096649169922,1,26.785717010498047,8428.4892578125,8738.978515625,-330.6159362792969,-280.3987121582031,448.810302734375,844.479248046875,671.457763671875,83.865966796875,1,25.585081100463867,7760.5390625,8120.60400390625,-305.65728759765625,-261.9784851074219,455.36669921875,656.728271484375,361.014892578125,321.6312255859375,1,26.033023834228516,8136.9287109375,6998.5244140625,-328.7724609375,-239.28778076171875,752.176025390625,830.33251953125,293.753173828125,79.74114990234375,1,30.579147338867188,9509.041015625,8551.1044921875,-383.7742919921875,-290.3262939453125,864.29931640625,973.72998046875,1167.8958740234375,115.58444213867188,1,16.59980010986328,4948.36376953125,4892.17578125,-185.31475830078125,-146.4892578125,-25.63134765625,880.072998046875,1287.1580810546875,16.792373657226562,1,15.591941833496094,4796.15087890625,5053.533203125,-175.29661560058594,-145.99758911132812,-168.513427734375,870.577392578125,1128.421875,254.59031677246094,1,16.63491439819336,5273.0849609375,5283.5859375,-189.93258666992188,-148.80540466308594,-277.98876953125,1010.678955078125,1075.322265625,-17.23479461669922,1,19.26125144958496,5786.4150390625,5749.7021484375,-221.19384765625,-177.7720947265625,118.338623046875,640.346923828125,730.0137939453125,376.2073974609375,1,18.662405014038086,5744.7587890625,5865.2802734375,-214.515625,-174.87945556640625,-51.344482421875,977.413330078125,601.750732421875,-95.30712127685547,1,23.285184860229492,7185.271484375,7406.20166015625,-263.35302734375,-214.6732940673828,-228.056884765625,SN000368420812,Pumba,72509.6,2025-12-19T19:08:29.616Z,1765551352297512800,3D
638.854248046875,15.94384765625,418.40576171875,1,28.202741622924805,8323.6142578125,7685.52197265625,-337.916748046875,-262.67584228515625,823.716796875,853.064697265625,-66.24169921875,130.8776092529297,1,28.642345428466797,8207.4375,7843.6728515625,-321.74249267578125,-252.74708557128906,434.295166015625,948.064208984375,1308.2764892578125,163.02305603027344,1,16.522342681884766,5150.4287109375,5385.0595703125,-188.11810302734375,-155.36032104492188,-185.391845703125,769.15087890625,902.1934814453125,341.9227294921875,1,19.21133041381836,5926.3466796875,5513.251953125,-230.2001190185547,-175.2967071533203,241.846435546875,1037.038330078125,810.0673828125,-51.34068298339844,1,22.582382202148438,6931.15234375,6544.8212890625,-265.56365966796875,-203.36927795410156,161.706787109375,895.9462890625,1318.321044921875,56.01329040527344,1,15.421707153320312,4817.90625,4894.4560546875,-175.66506958007812,-140.63526916503906,-183.473876953125,921.1904296875,1309.62744140625,14.611846923828125,1,16.759418487548828,5428.166015625,5849.69873046875,-192.08026123046875,-161.27667236328125,-400.713134765625,788.384521484375,704.4664306640625,234.2245635986328,1,25.818166732788086,8551.2646484375,8160.9716796875,-327.1789855957031,-252.9036407470703,181.708740234375,844.375,670.17529296875,84.60768127441406,1,26.046152114868164,7843.0673828125,8223.458984375,-312.1311950683594,-269.2828674316406,566.95556640625,654.418212890625,362.74072265625,321.2034912109375,1,26.911821365356445,8458.1787109375,7085.0634765625,-345.28179931640625,-247.40838623046875,898.538330078125,829.5048828125,293.6927490234375,79.89268493652344,1,30.72854995727539,9577.982421875,8711.3203125,-385.0050048828125,-293.4580993652344,819.08349609375,974.15185546875,1165.0626220703125,115.53755187988281,1,16.767902374267578,5001.11279296875,4942.765625,-187.93035888671875,-148.80152893066406,-4.75732421875,879.635009765625,1284.51416015625,18.966407775878906,1,16.189970016479492,4976.62841796875,5151.345703125,-185.3906707763672,-153.06605529785156,-59.14306640625,871.36669921875,1124.92626953125,253.94447326660156,1,17.394163131713867,5495.57080078125,5650.642578125,-199.8889923095703,-161.8527374267578,-225.608642578125,1010.324462890625,1071.7347412109375,-16.639480590820312,1,19.074399948120117,5790.0009765625,5697.4560546875,-219.4170379638672,-173.81036376953125,54.976318359375,641.169921875,728.8624267578125,378.4884033203125,1,19.87473487854004,6293.25634765625,5934.376953125,-240.3018798828125,-183.37417602539062,118.912841796875,973.128173828125,603.1297607421875,-96.82479858398438,1,23.663108825683594,7274.37890625,7615.1123046875,-267.2581481933594,-221.66409301757812,-209.783203125,SN000368420812,Pumba,72509.733,2025-12-19T19:08:29.740Z,1765551352329518100,3D
636.391845703125,16.946044921875,424.4342041015625,1,29.845714569091797,8829.8408203125,7964.1533203125,-365.5701904296875,-281.80859375,1108.647216796875,851.19873046875,-67.1298828125,134.74996948242188,1,28.778615951538086,8167.19775390625,8100.0791015625,-319.81524658203125,-259.9689025878906,420.6171875,954.436767578125,1309.8280029296875,161.0288848876953,1,17.14095687866211,5294.265625,5683.658203125,-195.275634765625,-166.54437255859375,-127.62109375,770.5322265625,904.1566162109375,340.90655517578125,1,19.062767028808594,5864.64306640625,5496.1318359375,-227.21697998046875,-173.95643615722656,219.969482421875,1036.472412109375,809.9520263671875,-51.60945129394531,1,21.89555549621582,6643.3486328125,6533.52734375,-250.8210906982422,-198.1530303955078,32.218017578125,899.074462890625,1323.51318359375,55.72291564941406,1,15.33376693725586,4778.61962890625,4810.94580078125,-174.7064971923828,-138.7648468017578,-166.221435546875,922.809814453125,1315.03759765625,13.247077941894531,1,16.37103843688965,5293.1064453125,5614.8037109375,-187.2289581298828,-154.48004150390625,-392.988525390625,789.513671875,705.4840087890625,234.0261688232422,1,25.762466430664062,8561.6591796875,8305.70703125,-324.7861328125,-253.79721069335938,89.4443359375,846.43115234375,670.4759521484375,84.46647644042969,1,25.67385482788086,7985.3740234375,7801.79052734375,-314.91448974609375,-253.3485870361328,481.654296875,655.35498046875,362.9461669921875,321.71563720703125,1,25.9420166015625,8144.03857421875,6841.72802734375,-329.6294250488281,-235.2919921875,771.70458984375,828.47265625,293.163818359375,79.42158508300781,1,30.566978454589844,9641.5146484375,8677.8310546875,-384.5061340332031,-288.841064453125,723.279296875,976.696044921875,1166.471923828125,111.58901977539062,1,16.510154724121094,4932.91943359375,4866.212890625,-184.02914428710938,-144.82742309570312,-48.959228515625,880.6611328125,1290.84716796875,18.445350646972656,1,15.772640228271484,4786.5927734375,4985.89697265625,-178.2014923095703,-148.03016662597656,-60.302490234375,874.90625,1126.121337890625,251.55076599121094,1,16.801700592041016,5329.74609375,5356.146484375,-192.30686950683594,-151.2958221435547,-269.98974609375,1015.844970703125,1073.212890625,-19.707584381103516,1,18.987340927124023,5730.654296875,5622.67431640625,-217.92742919921875,-172.48304748535156,79.662109375,642.036376953125,730.8404541015625,379.05987548828125,1,18.932193756103516,5871.2626953125,5897.75244140625,-220.19993591308594,-177.00941467285156,-20.798583984375,973.829345703125,602.0037841796875,-97.01492309570312,1,23.558090209960938,7160.0830078125,7402.72705078125,-266.58935546875,-219.78932189941406,-89.375,SN000368420812,Pumba,72509.866,2025-12-19T19:08:29.868Z,1765551352361545000,3D
631.57666015625,15.58935546875,421.82733154296875,1,28.624156951904297,8485.54296875,7594.3671875,-347.5216064453125,-264.3036193847656,940.025146484375,851.92578125,-65.917236328125,130.7790069580078,1,29.52614402770996,8543.9580078125,8075.8017578125,-337.1981506347656,-263.2282409667969,526.649658203125,950.254150390625,1314.61669921875,158.75125122070312,1,16.87822151184082,5288.99267578125,5590.1455078125,-192.60972595214844,-160.64462280273438,-209.376708984375,771.36865234375,904.51123046875,342.638671875,1,18.533222198486328,5622.0341796875,5566.70263671875,-214.7740936279297,-171.95632934570312,110.276611328125,1035.451904296875,809.9154052734375,-51.043312072753906,1,21.738086700439453,6582.08203125,6314.95263671875,-250.24546813964844,-193.71742248535156,89.577880859375,898.382080078125,1329.076171875,52.02085876464844,1,15.290655136108398,4787.68408203125,4819.18896484375,-174.24578857421875,-138.01296997070312,-192.802978515625,922.375732421875,1317.87255859375,10.432052612304688,1,15.667020797729492,4781.54052734375,4977.4951171875,-176.06649780273438,-145.3511505126953,-124.687744140625,787.1376953125,704.7335205078125,234.0783233642578,1,25.23334312438965,8327.4921875,7980.2939453125,-317.2703552246094,-245.59994506835938,132.5166015625,841.50048828125,671.1953125,83.55009460449219,1,25.243377685546875,7770.93408203125,7596.76513671875,-307.54595947265625,-248.0410614013672,505.001708984375,657.286865234375,361.288818359375,321.83685302734375,1,27.280832290649414,8637.2978515625,7001.16259765625,-354.7254638671875,-248.24615478515625,988.029296875,827.6396484375,294.3551025390625,80.437255859375,1,29.43999481201172,9041.5703125,8430.6328125,-361.2717590332031,-280.57244873046875,701.76171875,970.392333984375,1166.998779296875,112.56101989746094,1,16.553380966186523,4911.89453125,4885.87255859375,-183.9133758544922,-146.2637481689453,-26.55908203125,878.650634765625,1296.769775390625,15.239471435546875,1,15.649677276611328,4760.8427734375,5031.1826171875,-175.69699096679688,-147.4810791015625,-111.1943359375,869.60693359375,1128.580078125,252.91978454589844,1,17.05417251586914,5435.2529296875,5575.4462890625,-194.8873291015625,-156.17689514160156,-316.093994140625,1010.314697265625,1072.0880126953125,-17.36437225341797,1,19.25952911376953,5849.84033203125,5734.48095703125,-222.23355102539062,-175.63137817382812,73.692138671875,642.871826171875,731.1663818359375,378.36663818359375,1,18.360626220703125,5652.123046875,5627.77392578125,-211.7797088623047,-168.6504669189453,-26.45556640625,968.09521484375,604.0179443359375,-97.1342544555664,1,22.96534538269043,7048.60888671875,7360.2255859375,-257.0418701171875,-211.83079528808594,-266.711181640625,SN000368420812,Pumba,72509.966,2025-12-19T19:08:29.987Z,1765551352394115500,3D
640.806396484375,14.593017578125,427.78924560546875,1,29.226051330566406,8593.0205078125,7888.88671875,-354.2110595703125,-276.4879150390625,1027.612060546875,849.52685546875,-67.1064453125,132.17173767089844,1,28.60184669494629,8258.931640625,7820.236328125,-322.6744079589844,-250.78375244140625,400.9140625,947.720947265625,1311.5887451171875,162.41529846191406,1,16.90928077697754,5269.884765625,5454.2421875,-194.63880920410156,-159.97268676757812,-118.319091796875,766.041015625,902.9007568359375,341.40850830078125,1,19.023319244384766,5805.8173828125,5451.0771484375,-226.1129608154297,-173.98260498046875,256.7763671875,1034.771728515625,812.12255859375,-51.144325256347656,1,22.231956481933594,6757.7607421875,6459.716796875,-258.4134521484375,-200.02474975585938,141.091552734375,896.0673828125,1321.66943359375,55.03797912597656,1,15.211692810058594,4772.19287109375,4806.0732421875,-173.27206420898438,-137.1296844482422,-205.7666015625,921.0556640625,1311.341552734375,13.792495727539062,1,16.830364227294922,5574.5498046875,5769.876953125,-196.975830078125,-158.10047912597656,-421.121337890625,785.890869140625,703.9354248046875,233.2299041748047,1,25.941268920898438,8582.814453125,8103.68994140625,-330.0747375488281,-253.3063507080078,238.3193359375,842.162841796875,670.177734375,83.401611328125,1,25.892513275146484,7755.50927734375,8134.8359375,-309.65802001953125,-267.635498046875,594.218017578125,659.94189453125,359.6259765625,323.7216796875,1,26.833818435668945,8380.68359375,7019.447265625,-343.56182861328125,-246.9225311279297,938.223876953125,828.443115234375,293.223388671875,80.05287170410156,1,29.682937622070312,9132.291015625,8513.4375,-365.309326171875,-283.84722900390625,722.377685546875,971.461181640625,1165.6602783203125,115.97238159179688,1,16.611583709716797,4962.23291015625,4875.0771484375,-186.06272888183594,-146.25498962402344,-18.15771484375,878.56689453125,1287.801025390625,18.511016845703125,1,15.683256149291992,4788.40576171875,4946.8427734375,-177.95298767089844,-146.45606994628906,-70.84033203125,871.5048828125,1125.6390380859375,256.48492431640625,1,17.242551803588867,5506.44921875,5645.13037109375,-198.19651794433594,-159.0637664794922,-295.279296875,1009.980712890625,1074.3101806640625,-16.716896057128906,1,19.282089233398438,5828.853515625,5720.53125,-222.52252197265625,-176.5564727783203,109.43359375,641.134521484375,727.4976806640625,380.09521484375,1,19.391036987304688,6178.3076171875,5851.79296875,-232.63601684570312,-176.7171173095703,8.27294921875,977.177734375,602.8017578125,-95.322509765625,1,23.36030387878418,7189.294921875,7541.4140625,-263.1611328125,-218.32423400878906,-239.47119140625,SN000368420812,Pumba,72510.066,2025-12-19T19:08:30.097Z,1765551352425658500,3D
639.2158203125,15.23291015625,420.0205078125,1,28.828964233398438,8500.9150390625,7706.5888671875,-348.7813720703125,-268.5399169921875,962.63427734375,844.953125,-63.818359375,139.37429809570312,1,28.236480712890625,7899.90625,7809.0654296875,-311.2947082519531,-253.11155700683594,471.6962890625,948.27734375,1314.388427734375,160.54888916015625,1,16.998737335205078,5303.94921875,5567.912109375,-195.0923614501953,-162.3683319091797,-145.78857421875,766.964111328125,904.0079345703125,339.3165283203125,1,18.53329086303711,5693.953125,5338.15625,-219.0481414794922,-167.0148162841797,162.18212890625,1029.984130859375,812.7203369140625,-49.2028694152832,1,21.726810455322266,6639.74365234375,6320.3251953125,-251.3002166748047,-192.48696899414062,52.575927734375,898.032470703125,1323.5643310546875,52.53509521484375,1,15.195144653320312,4718.626953125,4708.34326171875,-173.0790557861328,-136.45619201660156,-145.318359375,923.31298828125,1312.267578125,11.773872375488281,1,16.340173721313477,5264.6396484375,5658.884765625,-185.81199645996094,-155.37918090820312,-404.43896484375,787.97998046875,704.8175048828125,233.40953063964844,1,24.68364906311035,8184.2939453125,7802.21630859375,-309.5472106933594,-237.31666564941406,55.204833984375,845.400390625,671.5269775390625,84.06256103515625,1,25.114538192749023,7559.5166015625,7940.259765625,-297.91265869140625,-256.31597900390625,449.48876953125,658.43359375,361.536376953125,321.3770751953125,1,25.289447784423828,7841.55859375,6958.26318359375,-313.42352294921875,-232.7964630126953,612.03759765625,826.549560546875,295.1243896484375,79.3958740234375,1,29.412765502929688,9052.154296875,8508.630859375,-360.16937255859375,-281.0533752441406,652.021240234375,971.938720703125,1167.1397705078125,116.22648620605469,1,16.606122970581055,4949.859375,4888.8681640625,-185.48931884765625,-146.5369873046875,-21.714111328125,880.4755859375,1289.426513671875,16.351654052734375,1,15.410749435424805,4640.2822265625,4845.4111328125,-172.4868927001953,-143.53334045410156,-67.16455078125,869.517578125,1128.107177734375,255.08106994628906,1,16.748130798339844,5287.337890625,5229.88720703125,-192.3382110595703,-149.51715087890625,-216.0419921875,1008.875732421875,1075.220458984375,-16.45745849609375,1,19.191638946533203,5770.2060546875,5719.58056640625,-220.3278045654297,-176.54403686523438,109.859375,644.177734375,726.830322265625,375.59539794921875,1,19.163999557495117,6059.8583984375,5788.63818359375,-228.0972442626953,-174.71217346191406,5.636962890625,979.343017578125,601.78955078125,-93.31051635742188,1,22.321300506591797,6844.779296875,7048.7890625,-248.25946044921875,-201.05023193359375,-303.4560546875,SN000368420812,Pumba,72510.2,2025-12-19T19:08:30.206Z,1765551352457517800,3D
635.59130859375,17.92529296875,420.89056396484375,1,27.9818115234375,8227.63671875,7551.1318359375,-334.4125671386719,-258.75732421875,827.362548828125,841.38671875,-63.266845703125,138.89198303222656,1,28.288352966308594,8002.0263671875,7811.30810546875,-314.3541259765625,-252.19927978515625,445.636962890625,945.793212890625,1310.361328125,161.5643310546875,1,17.016712188720703,5309.689453125,5570.6298828125,-195.47821044921875,-162.66201782226562,-140.16943359375,767.234619140625,904.0684814453125,341.03485107421875,1,18.52618408203125,5662.6923828125,5575.1357421875,-215.50184631347656,-171.20887756347656,83.652587890625,1036.129150390625,811.5980224609375,-50.809139251708984,1,21.553319931030273,6560.41015625,6348.8525390625,-247.43658447265625,-192.25308227539062,23.48095703125,898.036376953125,1323.343994140625,53.0452880859375,1,15.153603553771973,4759.68896484375,4723.8837890625,-173.0984649658203,-135.0207061767578,-195.904541015625,924.423828125,1314.27490234375,12.534324645996094,1,16.149076461791992,5224.869140625,5684.83447265625,-182.1537628173828,-153.4659423828125,-476.05615234375,787.564453125,705.3809814453125,232.8604278564453,1,26.430580139160156,8445.251953125,8518.5,-328.93133544921875,-270.8570556640625,372.0595703125,846.994140625,671.2138671875,84.81669616699219,1,24.650646209716797,7399.3642578125,7688.5556640625,-291.6673889160156,-248.45164489746094,442.332763671875,657.52734375,363.1221923828125,321.2503662109375,1,25.8218994140625,8006.123046875,6867.12109375,-324.8633728027344,-236.58982849121094,785.84375,828.02001953125,295.4779052734375,80.28990173339844,1,29.779556274414062,9098.58203125,8779.470703125,-362.84552001953125,-290.38348388671875,682.770263671875,971.9453125,1166.40087890625,115.3089599609375,1,16.63306999206543,4971.431640625,4898.6552734375,-186.16600036621094,-146.66326904296875,-26.20556640625,881.982421875,1290.5751953125,15.0770263671875,1,15.54687786102295,4729.90087890625,4959.86572265625,-174.57711791992188,-145.3853759765625,-109.701171875,870.072265625,1126.44873046875,254.0461883544922,1,17.106801986694336,5445.580078125,5564.2216796875,-196.2101593017578,-157.003173828125,-285.165771484375,1009.940673828125,1072.8817138671875,-15.847831726074219,1,19.156982421875,5788.76904296875,5742.328125,-220.02825927734375,-175.984619140625,76.7626953125,639.66748046875,730.7493896484375,377.1470947265625,1,19.373828887939453,6068.75390625,6243.8876953125,-225.39215087890625,-184.65574645996094,-95.09912109375,975.27978515625,604.17333984375,-96.66145324707031,1,22.46818733215332,6811.3232421875,7107.04052734375,-248.70262145996094,-204.93243408203125,-247.00927734375,SN000368420812,Pumba,72510.3,2025-12-19T19:08:30.317Z,1765551352505725900,3D
633.454833984375,18.381591796875,419.4183349609375,1,28.950145721435547,8621.55859375,7718.0703125,-353.0207214355469,-268.50848388671875,952.567138671875,844.213134765625,-63.347412109375,137.40798950195312,1,28.550750732421875,8189.4765625,7857.43359375,-321.08551025390625,-253.18484497070312,434.829833984375,945.039306640625,1310.712890625,161.47129821777344,1,16.523860931396484,5046.30322265625,5436.2099609375,-185.56809997558594,-158.61276245117188,-139.9931640625,769.332275390625,902.6336669921875,342.36572265625,1,18.859952926635742,5797.94580078125,5427.7841796875,-224.24948120117188,-171.32427978515625,204.821044921875,1033.421630859375,812.3953857421875,-50.767154693603516,1,21.707862854003906,6631.337890625,6402.1083984375,-249.80508422851562,-193.48411560058594,13.520263671875,897.586181640625,1324.843994140625,53.052581787109375,1,15.282815933227539,4800.3017578125,4822.634765625,-174.3771209716797,-137.6881103515625,-204.196533203125,923.6904296875,1315.0994873046875,12.555976867675781,1,16.215456008911133,5333.353515625,5675.439453125,-185.209716796875,-151.89984130859375,-510.1279296875,786.804443359375,705.4796142578125,234.0598602294922,1,24.036252975463867,7701.2001953125,7467.43359375,-295.878662109375,-232.8520050048828,204.9375,842.696044921875,670.598388671875,84.93183898925781,1,25.454029083251953,7945.87451171875,7615.8310546875,-313.4068298339844,-247.7119598388672,480.97802734375,655.35693359375,363.66650390625,320.974853515625,1,25.70325469970703,8027.96240234375,6919.02783203125,-323.18817138671875,-235.0399932861328,703.063720703125,824.352294921875,295.0904541015625,80.33909606933594,1,30.442354202270508,9686.7607421875,8480.7783203125,-386.25860595703125,-282.9565124511719,724.89111328125,970.04150390625,1165.53271484375,114.97824096679688,1,16.671451568603516,4956.5927734375,4900.943359375,-186.34376525878906,-147.6510772705078,-1.79833984375,880.6943359375,1292.497802734375,15.135452270507812,1,15.561956405639648,4711.98193359375,4958.8759765625,-174.4307861328125,-146.0145721435547,-92.19287109375,869.2568359375,1125.6341552734375,254.11228942871094,1,17.125133514404297,5457.478515625,5563.30322265625,-196.60972595214844,-156.9152374267578,-286.760498046875,1011.189453125,1073.9019775390625,-16.111358642578125,1,19.29137420654297,5877.25146484375,5786.5849609375,-222.80320739746094,-176.62648010253906,58.3486328125,642.666748046875,728.9144287109375,378.82281494140625,1,18.7454833984375,5846.9560546875,5785.3828125,-218.7601776123047,-172.9639892578125,-38.203125,973.08251953125,604.9512939453125,-96.47567749023438,1,22.62824058532715,6877.30859375,7197.6689453125,-251.3212432861328,-207.83438110351562,-242.582275390625,SN000368420812,Pumba,72510.4,2025-12-19T19:08:30.430Z,1765551352537381800,3D
639.1748046875,16.087890625,427.2335205078125,1,29.889598846435547,8941.8662109375,7845.029296875,-370.14813232421875,-278.66375732421875,1120.56005859375,849.723876953125,-67.12451171875,133.91383361816406,1,28.131072998046875,8089.017578125,7630.359375,-316.17230224609375,-244.92202758789062,397.35302734375,946.159912109375,1310.33203125,164.38465881347656,1,16.781864166259766,5226.1279296875,5491.2666015625,-191.75640869140625,-159.54867553710938,-159.26220703125,768.123779296875,903.099853515625,340.52178955078125,1,18.64363670349121,5697.12255859375,5319.7607421875,-220.63653564453125,-168.2928924560547,210.885986328125,1035.08740234375,813.05224609375,-50.86030197143555,1,21.68978500366211,6620.8330078125,6336.89404296875,-250.3357391357422,-192.671630859375,44.196044921875,895.894775390625,1324.112060546875,56.580291748046875,1,15.39659309387207,4793.0009765625,4778.0498046875,-176.35494995117188,-139.15335083007812,-129.5439453125,921.729736328125,1316.0123291015625,15.279312133789062,1,16.687877655029297,5309.04833984375,5875.8134765625,-188.65988159179688,-163.39186096191406,-365.46240234375,787.43310546875,704.71875,233.6480255126953,1,25.211463928222656,8435.62109375,8115.3388671875,-317.5163879394531,-244.9027557373047,5.75,843.907470703125,670.7354736328125,83.70553588867188,1,25.575326919555664,7905.32080078125,7660.70263671875,-313.90887451171875,-251.5967559814453,548.195556640625,656.167236328125,360.765625,319.9737548828125,1,25.886371612548828,8142.19580078125,6961.61669921875,-327.3958740234375,-236.209228515625,699.980224609375,830.1494140625,293.2938232421875,78.47355651855469,1,29.966123580932617,9396.31640625,8442.083984375,-375.1346435546875,-281.5517272949219,718.576171875,972.573486328125,1167.2537841796875,115.83448791503906,1,16.675405502319336,4971.06640625,4906.21875,-186.65933227539062,-147.52410888671875,-9.403076171875,879.565673828125,1291.494140625,18.311431884765625,1,15.734333038330078,4783.90283203125,5007.05908203125,-177.60311889648438,-148.0482177734375,-76.7978515625,871.07470703125,1127.41845703125,255.59190368652344,1,17.33014678955078,5544.1728515625,5671.5,-199.66310119628906,-159.91748046875,-293.72998046875,1013.87451171875,1075.874755859375,-16.11614227294922,1,19.07724380493164,5789.8798828125,5614.4052734375,-220.37660217285156,-172.50746154785156,86.93603515625,642.3369140625,727.6619873046875,377.84735107421875,1,18.469011306762695,5720.96923828125,5875.18359375,-211.42539978027344,-172.4399871826172,-124.0859375,978.39208984375,603.47900390625,-96.48237609863281,1,22.423009872436523,6896.6240234375,7178.0244140625,-249.35601806640625,-203.88226318359375,-331.8291015625,SN000368420812,Pumba,72510.533,2025-12-19T19:08:30.548Z,1765551352569690800,3D
634.709716796875,15.420166015625,424.889892578125,1,29.052249908447266,8621.0546875,7710.6279296875,-354.1338195800781,-269.6968078613281,990.1162109375,852.475830078125,-65.85595703125,134.8536376953125,1,28.661392211914062,8208.169921875,7844.8671875,-322.28857421875,-253.42967224121094,451.453125,950.198974609375,1313.5274658203125,160.4073028564453,1,16.63502311706543,5140.47265625,5392.728515625,-189.3223876953125,-157.56187438964844,-133.05712890625,767.906005859375,903.0877685546875,341.16412353515625,1,18.64654541015625,5662.560546875,5625.8984375,-216.3972625732422,-173.86398315429688,113.500244140625,1034.524169921875,812.2227783203125,-51.317283630371094,1,21.714996337890625,6574.484375,6396.501953125,-249.01629638671875,-195.00099182128906,58.30029296875,899.30615234375,1323.7119140625,52.55799865722656,1,14.91981029510498,4620.05224609375,4706.79541015625,-167.666748046875,-134.28660583496094,-201.713623046875,924.453125,1312.8780517578125,11.486244201660156,1,16.658723831176758,5325.0400390625,5710.755859375,-190.6732635498047,-160.1724090576172,-318.695556640625,786.840576171875,704.3707275390625,233.25196838378906,1,25.454912185668945,8470.306640625,8103.470703125,-321.4855651855469,-247.8677978515625,94.028076171875,843.859375,671.2408447265625,83.40568542480469,1,25.405784606933594,7655.42578125,8009.07763671875,-302.686279296875,-259.8436279296875,488.04296875,656.1337890625,361.012451171875,322.00872802734375,1,24.739248275756836,7623.6396484375,6808.6015625,-304.08355712890625,-226.86268615722656,574.353759765625,827.20849609375,294.0701904296875,79.6114501953125,1,29.100299835205078,9115.28125,8237.86328125,-360.3864440917969,-270.1894836425781,580.463623046875,973.350341796875,1166.809326171875,115.34109497070312,1,16.888744354248047,5066.93408203125,4974.5908203125,-190.41769409179688,-149.77352905273438,-4.447021484375,881.618896484375,1289.84765625,16.048751831054688,1,15.736422538757324,4752.015625,4935.6396484375,-177.90223693847656,-147.7642059326172,-27.10009765625,870.435302734375,1126.7103271484375,254.27552795410156,1,17.540611267089844,5626.5166015625,5757.9609375,-202.94375610351562,-162.75181579589844,-287.7373046875,1010.082275390625,1074.76123046875,-17.48210906982422,1,19.494117736816406,5970.96484375,5813.193359375,-226.86575317382812,-178.09646606445312,76.074951171875,640.328857421875,728.88623046875,377.61181640625,1,18.13788604736328,5616.0576171875,5669.09033203125,-207.5159149169922,-166.27145385742188,-122.7578125,974.98095703125,603.4886474609375,-96.6680679321289,1,23.43366241455078,7114.9921875,7354.6025390625,-264.3862609863281,-217.706787109375,-106.106201171875,SN000368420812,Pumba,72510.633,2025-12-19T19:08:30.649Z,1765551352601590700,3D
634.107666015625,15.679931640625,424.8663330078125,1,30.687177658081055,9003.7744140625,8024.7353515625,-379.4998474121094,-292.8462829589844,1353.27783203125,849.55078125,-66.09375,133.3456573486328,1,28.381614685058594,8071.08935546875,7811.7060546875,-316.2714538574219,-251.3604736328125,423.073974609375,948.481689453125,1310.581787109375,161.1564483642578,1,17.34564971923828,5336.35498046875,5723.4150390625,-198.39483642578125,-169.6586456298828,-76.76513671875,767.260009765625,904.6522216796875,341.37359619140625,1,18.9176025390625,5785.19921875,5647.67041015625,-222.05076599121094,-175.81439208984375,147.85986328125,1033.212890625,811.0006103515625,-51.43925857543945,1,21.829029083251953,6628.330078125,6395.2529296875,-251.55503845214844,-195.60171508789062,75.25927734375,897.16943359375,1320.992919921875,53.63609313964844,1,15.024263381958008,4628.59423828125,4749.244140625,-168.56085205078125,-136.28192138671875,-182.725341796875,922.589599609375,1311.765380859375,12.38885498046875,1,16.459522247314453,5314.4443359375,5741.21728515625,-187.2555694580078,-157.32530212402344,-418.72705078125,786.552734375,705.1385498046875,232.79884338378906,1,25.67692756652832,8526.173828125,8196.908203125,-324.3724060058594,-251.66482543945312,119.999267578125,844.10498046875,671.0511474609375,83.51774597167969,1,25.392356872558594,7848.0830078125,7661.4296875,-310.3620300292969,-249.88185119628906,502.060791015625,660.0625,360.644775390625,321.9542236328125,1,26.445903778076172,8446.9453125,6893.0068359375,-341.2354736328125,-237.09262084960938,778.44580078125,828.472900390625,294.1385498046875,80.34910583496094,1,31.308271408081055,9729.677734375,8883.388671875,-393.6817932128906,-302.3503112792969,917.3681640625,974.023193359375,1166.369140625,114.6102294921875,1,16.606903076171875,4944.05029296875,4879.73779296875,-185.4586181640625,-146.49607849121094,-15.47998046875,880.5947265625,1287.247802734375,16.561386108398438,1,15.38767147064209,4607.208984375,4884.64501953125,-171.03128051757812,-144.45448303222656,-74.137451171875,871.21044921875,1126.96728515625,253.4618682861328,1,17.362350463867188,5557.349609375,5635.974609375,-200.75453186035156,-159.58843994140625,-273.99609375,1010.6875,1073.5096435546875,-17.74555206298828,1,19.311691284179688,5812.06201171875,5753.109375,-222.31845092773438,-178.07337951660156,123.60986328125,639.439453125,731.237548828125,379.60626220703125,1,18.6868839263916,5831.4765625,5896.169921875,-216.25254821777344,-173.9053192138672,-101.98828125,974.20703125,602.1988525390625,-96.29679107666016,1,23.483837127685547,7406.076171875,7572.841796875,-268.08734130859375,-215.23719787597656,-346.63671875,SN000368420812,Pumba,72510.766,2025-12-19T19:08:30.769Z,1765551352633556400,3D
635.2177734375,17.36572265625,425.757568359375,1,28.412019729614258,8433.224609375,7697.994140625,-342.5426940917969,-263.6756591796875,840.28173828125,852.103759765625,-66.2119140625,134.7179412841797,1,28.45766830444336,8176.44384765625,7867.126953125,-318.7865295410156,-251.22198486328125,374.96337890625,950.781005859375,1311.282958984375,158.51463317871094,1,16.206850051879883,4942.2587890625,5383.482421875,-179.93450927734375,-154.87997436523438,-196.881591796875,767.74755859375,904.4063720703125,340.89306640625,1,19.02080726623535,5868.7568359375,5522.908203125,-226.58787536621094,-173.78599548339844,193.969970703125,1030.2568359375,809.952392578125,-51.41907501220703,1,21.830480575561523,6606.146484375,6436.357421875,-250.67784118652344,-196.7894744873047,73.863525390625,897.496826171875,1324.8748779296875,52.367431640625,1,15.203238487243652,4701.06982421875,4670.18505859375,-173.25486755371094,-136.34893798828125,-117.5791015625,921.60107421875,1315.19287109375,10.461845397949219,1,15.826799392700195,4954.3359375,5402.37353515625,-176.2085723876953,-150.23233032226562,-335.560546875,787.9775390625,705.51220703125,233.9943389892578,1,25.693267822265625,8464.1044921875,8167.56494140625,-323.82159423828125,-253.00747680664062,179.181640625,844.153076171875,669.9942626953125,84.59007263183594,1,25.653955459594727,7985.5087890625,7679.20361328125,-316.1875305175781,-251.23171997070312,523.67236328125,658.09716796875,362.0841064453125,321.7728271484375,1,25.725399017333984,8015.00830078125,6841.880859375,-323.9269104003906,-234.24270629882812,743.733154296875,827.88134765625,293.27880859375,79.04397583007812,1,32.14984893798828,10100.99609375,8847.734375,-412.20574951171875,-306.94586181640625,1068.02392578125,973.143310546875,1166.0484619140625,110.94418334960938,1,16.495912551879883,4921.8291015625,4841.71630859375,-183.98150634765625,-144.5496826171875,-36.7060546875,878.83203125,1292.227294921875,15.331459045410156,1,15.66931438446045,4671.96044921875,4911.78173828125,-175.62001037597656,-147.9571990966797,-2.84033203125,870.884521484375,1125.8013916015625,250.0419158935547,1,17.767871856689453,5797.44677734375,5464.9052734375,-212.70535278320312,-158.06024169921875,-177.4775390625,1014.96630859375,1073.0838623046875,-19.349544525146484,1,19.156450271606445,5789.443359375,5725.958984375,-220.08338928222656,-175.52806091308594,77.76318359375,641.34521484375,730.399169921875,380.64642333984375,1,19.064849853515625,6004.5341796875,5724.9287109375,-226.72268676757812,-173.6731719970703,29.087646484375,971.46533203125,601.1878662109375,-96.3186264038086,1,22.7349853515625,7048.7763671875,7331.42919921875,-254.31947326660156,-207.55746459960938,-357.145751953125,SN000368420812,Pumba,72510.9,2025-12-19T19:08:30.903Z,1765551352665483800,3D
632.711181640625,18.50634765625,421.353759765625,1,30.579059600830078,9064.3623046875,8103.7470703125,-378.31085205078125,-290.9010314941406,1238.272705078125,846.771728515625,-63.459716796875,132.43902587890625,1,28.48672103881836,7989.73486328125,7890.6552734375,-315.1878967285156,-256.21173095703125,488.66162109375,944.8037109375,1314.4892578125,159.30970764160156,1,16.730199813842773,5230.013671875,5524.240234375,-190.53273010253906,-158.83457946777344,-204.647216796875,765.1328125,904.0096435546875,340.89373779296875,1,18.311843872070312,5544.9052734375,5546.5947265625,-210.7594451904297,-169.9631805419922,73.439697265625,1032.67431640625,814.27783203125,-51.43354797363281,1,21.771041870117188,6626.412109375,6327.83056640625,-251.69586181640625,-193.8330078125,82.306640625,894.65673828125,1326.459228515625,51.874053955078125,1,15.218147277832031,4797.6005859375,4805.982421875,-173.73922729492188,-136.51658630371094,-221.97509765625,919.43212890625,1315.04150390625,10.99359130859375,1,16.140052795410156,5249.3427734375,5810.31298828125,-181.1420135498047,-154.8400115966797,-540.136962890625,785.98779296875,705.5675048828125,233.03761291503906,1,24.389114379882812,7677.337890625,7640.0732421875,-298.0111083984375,-241.84246826171875,305.385986328125,843.995849609375,671.1416015625,84.64979553222656,1,25.41414451599121,7933.01171875,7716.3251953125,-311.5169372558594,-248.99021911621094,434.38134765625,657.72998046875,362.517822265625,319.5169677734375,1,26.404891967773438,8327.8701171875,7037.24462890625,-336.64642333984375,-241.3120880126953,774.927001953125,827.791259765625,295.615234375,79.70440673828125,1,29.146326065063477,9060.951171875,8301.6455078125,-359.3375244140625,-273.35693359375,613.473876953125,967.82666015625,1166.84326171875,114.35513305664062,1,16.659181594848633,4951.8251953125,4887.998046875,-186.1890869140625,-147.29150390625,-0.970458984375,876.10546875,1293.393310546875,15.39520263671875,1,15.855140686035156,4899.5458984375,5080.46240234375,-180.5615234375,-148.52235412597656,-123.039306640625,867.80615234375,1126.1856689453125,253.87779235839844,1,17.197250366210938,5496.3330078125,5669.4638671875,-196.9647979736328,-158.7365264892578,-323.46533203125,1007.467529296875,1075.535888671875,-17.34827423095703,1,19.021793365478516,5750.36767578125,5633.11669921875,-218.46554565429688,-172.54379272460938,72.916748046875,641.51611328125,728.546630859375,379.15863037109375,1,19.239810943603516,6087.720703125,6148.453125,-225.37261962890625,-180.86065673828125,-119.434814453125,974.679931640625,605.846923828125,-95.44097137451172,1,23.193565368652344,7150.904296875,7381.998046875,-261.8307189941406,-213.65785217285156,-235.63525390625,SN000368420812,Pumba,72511,2025-12-19T19:08:31.020Z,1765551352697415800,3D
633.8173828125,18.59814453125,420.79266357421875,1,28.54814910888672,8441.8154296875,7686.5576171875,-344.8819580078125,-265.8453369140625,907.068359375,845.478271484375,-63.145263671875,135.37562561035156,1,28.9775390625,8222.26171875,8023.4189453125,-325.00177001953125,-261.5398254394531,523.753662109375,945.6474609375,1312.7049560546875,159.7039337158203,1,16.319721221923828,4947.498046875,5473.02783203125,-180.73094177246094,-158.32907104492188,-177.04931640625,764.917236328125,904.9984130859375,340.86724853515625,1,18.202390670776367,5573.8759765625,5239.3837890625,-213.66888427734375,-162.962890625,133.711181640625,1033.884521484375,812.1383056640625,-50.56117630004883,1,21.890411376953125,6678.8125,6389.103515625,-253.58285522460938,-195.57492065429688,79.465087890625,896.12451171875,1324.243408203125,51.87846374511719,1,14.955419540405273,4610.7275390625,4657.84326171875,-168.6856231689453,-134.5186004638672,-156.32373046875,921.56787109375,1313.8406982421875,11.113677978515625,1,16.260761260986328,5231.818359375,5711.1259765625,-183.69601440429688,-155.8567352294922,-433.635986328125,786.171875,706.0240478515625,233.21156311035156,1,24.237464904785156,7695.8125,7562.0478515625,-297.3908996582031,-237.84654235839844,261.77197265625,845.635498046875,671.2650146484375,85.40542602539062,1,25.07328224182129,7767.8955078125,7501.52099609375,-306.5346984863281,-244.048095703125,475.26220703125,657.122802734375,363.1199951171875,319.76019287109375,1,24.969717025756836,7724.8154296875,6904.7431640625,-307.8788146972656,-229.74668884277344,573.906005859375,828.286376953125,295.6544189453125,79.24125671386719,1,29.502735137939453,9103.6953125,8393.0341796875,-363.886474609375,-279.7821044921875,710.893310546875,970.360595703125,1166.7332763671875,114.63035583496094,1,16.6116943359375,4920.26171875,4836.109375,-185.8508758544922,-146.78607177734375,27.176025390625,878.786376953125,1290.98974609375,14.945472717285156,1,15.758956909179688,4805.7880859375,4996.7333984375,-178.67588806152344,-148.04693603515625,-68.568359375,869.050537109375,1126.5089111328125,253.57408142089844,1,17.213848114013672,5482.1181640625,5654.4423828125,-197.2381591796875,-159.29183959960938,-296.683349609375,1012.103271484375,1073.66162109375,-15.330001831054688,1,19.102706909179688,5796.21484375,5623.16015625,-220.96871948242188,-173.21253967285156,98.63427734375,640.4453125,730.0767822265625,379.34576416015625,1,19.01162338256836,5938.6474609375,5970.7265625,-221.612548828125,-177.8087158203125,-58.05224609375,975.104736328125,604.2869873046875,-96.67007446289062,1,23.154727935791016,7250.97705078125,7363.08203125,-263.45458984375,-210.4127655029297,-306.6767578125,SN000368420812,Pumba,72511.133,2025-12-19T19:08:31.137Z,1765551352729644800,3D
635.01513671875,16.49853515625,422.20867919921875,1,28.901504516601562,8540.345703125,7833.904296875,-349.5865478515625,-271.5331115722656,940.062744140625,853.54443359375,-64.139892578125,127.28634643554688,1,28.017784118652344,8013.39599609375,7658.013671875,-312.839599609375,-245.1503143310547,381.25634765625,945.8955078125,1309.3377685546875,163.93939208984375,1,17.057470321655273,5342.40673828125,5663.61962890625,-195.56475830078125,-164.03903198242188,-178.125732421875,766.861083984375,903.6083984375,339.8233642578125,1,18.859079360961914,5718.61767578125,5644.197265625,-220.26565551757812,-176.60940551757812,171.7490234375,1034.763671875,813.537109375,-51.14320755004883,1,21.380844116210938,6474.67626953125,6219.79296875,-244.8609161376953,-189.17251586914062,45.1064453125,895.90771484375,1323.9365234375,56.53814697265625,1,15.419240951538086,4847.6826171875,4904.0087890625,-176.20230102539062,-140.19503784179688,-202.831787109375,921.542724609375,1315.65625,15.33636474609375,1,16.822385787963867,5531.00341796875,5963.4912109375,-193.61097717285156,-161.7896270751953,-478.300537109375,785.8583984375,705.403076171875,233.38282775878906,1,25.337003707885742,8383.9921875,8095.986328125,-318.50054931640625,-247.97166442871094,102.778076171875,839.40625,672.2166748046875,82.75961303710938,1,25.502735137939453,7891.3818359375,7700.7578125,-312.0724792480469,-251.16900634765625,504.73583984375,659.30419921875,361.16748046875,320.33935546875,1,25.380722045898438,7955.2802734375,6792.6396484375,-319.0892333984375,-229.52621459960938,657.897216796875,827.757568359375,295.8831787109375,80.09556579589844,1,30.562105178833008,9562.36328125,8523.4580078125,-384.9864501953125,-288.49993896484375,837.93603515625,971.582275390625,1166.2962646484375,115.58625793457031,1,17.361968994140625,5241.3330078125,5086.90087890625,-198.70968627929688,-155.31643676757812,52.770751953125,879.225341796875,1291.7132568359375,18.31982421875,1,15.645339965820312,4767.43359375,5045.544921875,-175.6737518310547,-147.5757598876953,-120.1962890625,869.60546875,1126.8818359375,254.4464874267578,1,17.266443252563477,5454.36669921875,5505.51171875,-199.17344665527344,-158.51625061035156,-197.914794921875,1007.72705078125,1075.1156005859375,-17.558876037597656,1,19.35420799255371,5909.09521484375,5745.04736328125,-224.66551208496094,-176.20108032226562,80.345458984375,641.913330078125,728.2794189453125,376.3756103515625,1,18.386104583740234,5709.6962890625,5743.0029296875,-211.8523406982422,-169.51373291015625,-95.883056640625,975.483642578125,605.0689697265625,-95.07571411132812,1,22.040719985961914,6685.8193359375,7063.078125,-241.55615234375,-200.58383178710938,-327.30908203125,SN000368420812,Pumba,72511.266,2025-12-19T19:08:31.276Z,1765551352761460200,3D
637.031494140625,12.59326171875,421.849609375,1,28.32476806640625,8351.18359375,7592.439453125,-341.1068420410156,-262.5526123046875,895.0537109375,852.0751953125,-66.2080078125,131.63316345214844,1,28.803382873535156,8353.765625,7808.55615234375,-327.27325439453125,-251.71482849121094,435.0087890625,947.16650390625,1313.938232421875,160.22059631347656,1,16.764039993286133,5200.32421875,5504.49609375,-190.7899932861328,-159.9541473388672,-159.090087890625,769.446044921875,902.865234375,340.9794921875,1,18.61416244506836,5667.2587890625,5649.1904296875,-215.85023498535156,-173.6635284423828,89.502685546875,1032.11083984375,812.3955078125,-51.69184875488281,1,21.73162078857422,6612.5498046875,6368.875,-250.32652282714844,-194.01416015625,54.2275390625,896.35107421875,1324.369873046875,52.16007995605469,1,15.39699935913086,4813.7626953125,4831.73388671875,-176.13412475585938,-139.52244567871094,-162.769287109375,921.856689453125,1314.4293212890625,10.995147705078125,1,16.917917251586914,5539.72119140625,5879.2744140625,-196.114990234375,-161.9631805419922,-406.193115234375,787.4599609375,704.58642578125,233.9010467529297,1,25.885223388671875,8528.7255859375,8255.95703125,-326.56243896484375,-256.0589599609375,189.389892578125,840.62646484375,672.3863525390625,82.18006896972656,1,24.986305236816406,7430.08740234375,7851.93359375,-295.06939697265625,-256.182373046875,516.7197265625,658.874755859375,359.8970947265625,323.00311279296875,1,26.98790740966797,8455.5224609375,6978.1533203125,-347.4058532714844,-246.95765686035156,972.2607421875,824.921630859375,294.6007080078125,79.52432250976562,1,29.778583526611328,9317.125,8358.462890625,-371.9994812011719,-278.8367614746094,713.48876953125,972.0498046875,1168.319091796875,114.55397033691406,1,16.743642807006836,4985.69921875,4919.53515625,-187.6375732421875,-148.45921325683594,4.766357421875,879.37548828125,1290.53369140625,15.175575256347656,1,15.79532241821289,4828.67138671875,5010.30615234375,-179.24493408203125,-148.0918731689453,-78.24267578125,872.193115234375,1127.5042724609375,255.81617736816406,1,17.324623107910156,5516.640625,5642.02099609375,-199.45530700683594,-160.0618438720703,-266.26953125,1007.998291015625,1075.42919921875,-18.346450805664062,1,18.995834350585938,5773.1669921875,5669.0634765625,-218.53257751464844,-172.640625,46.65234375,643.521240234375,727.1136474609375,377.6966552734375,1,18.89280891418457,5916.1533203125,5932.11328125,-220.0550994873047,-175.75706481933594,-81.602294921875,972.39404296875,602.946044921875,-95.09537506103516,1,22.34247398376465,6776.8359375,7162.5283203125,-246.08509826660156,-204.96026611328125,-290.76611328125,SN000368420812,Pumba,72511.366,2025-12-19T19:08:31.395Z,1765551352793309300,3D
634.284423828125,13.497314453125,421.25860595703125,1,29.16635513305664,8541.3798828125,7860.5830078125,-352.3091125488281,-275.68707275390625,1029.051513671875,853.22509765625,-65.785400390625,131.9536895751953,1,28.927978515625,8146.1806640625,8022.75439453125,-322.4063720703125,-261.855712890625,532.708251953125,948.66162109375,1314.8388671875,158.87237548828125,1,16.618284225463867,5159.80419921875,5368.90869140625,-189.8355255126953,-156.5752716064453,-140.177734375,768.583740234375,902.9759521484375,340.41937255859375,1,18.7021484375,5739.2470703125,5342.353515625,-221.93902587890625,-168.62109375,201.496337890625,1032.22021484375,811.896484375,-51.22712707519531,1,22.230274200439453,6838.732421875,6477.7919921875,-259.9844665527344,-198.72669982910156,92.106201171875,897.032470703125,1322.7833251953125,51.08793640136719,1,15.193099975585938,4722.24951171875,4844.71142578125,-171.5493927001953,-138.4920654296875,-200.541259765625,922.0986328125,1311.6015625,10.016716003417969,1,15.860483169555664,4855.943359375,5059.625,-179.0655517578125,-148.076416015625,-118.123779296875,787.619384765625,704.45947265625,233.8636016845703,1,25.096969604492188,8245.3310546875,8049.5546875,-313.1416015625,-246.3974151611328,98.18310546875,840.84423828125,672.240966796875,82.30221557617188,1,25.211462020874023,7787.8681640625,7711.4599609375,-306.4380798339844,-249.3236083984375,447.11962890625,657.827392578125,360.3543701171875,322.24468994140625,1,27.596546173095703,8653.86328125,7225.57275390625,-356.1941223144531,-256.0719909667969,1016.065185546875,825.830078125,294.71533203125,79.79615783691406,1,29.48954963684082,9357.873046875,8383.3623046875,-368.73583984375,-273.60211181640625,554.474609375,972.490478515625,1167.68212890625,114.73829650878906,1,16.72385025024414,4969.9228515625,4907.72265625,-187.27366638183594,-148.38967895507812,12.383544921875,879.52880859375,1288.1351318359375,15.174797058105469,1,15.568866729736328,4723.94580078125,5009.88623046875,-174.23260498046875,-146.744384765625,-113.697509765625,872.289794921875,1127.090087890625,255.6484832763672,1,17.109676361083984,5461.09912109375,5571.9150390625,-196.310791015625,-156.6321563720703,-301.17919921875,1008.432861328125,1074.76904296875,-17.99951934814453,1,19.441707611083984,5874.017578125,5718.2080078125,-225.75909423828125,-178.4029083251953,160.329345703125,642.289306640625,727.662841796875,376.963623046875,1,18.442041397094727,5763.5400390625,5837.033203125,-212.22747802734375,-170.2902069091797,-150.607421875,973.287353515625,602.3656005859375,-94.44160461425781,1,23.354780197143555,7266.666015625,7475.4755859375,-265.04510498046875,-215.051513671875,-273.537353515625,SN000368420812,Pumba,72511.466,2025-12-19T19:08:31.500Z,1765551352825569200,3D
634.511962890625,20.02392578125,419.0548095703125,1,29.21915054321289,8618.998046875,7800.7763671875,-355.40789794921875,-274.10284423828125,1034.891357421875,851.2080078125,-63.10302734375,129.35879516601562,1,28.449665069580078,8131.701171875,7731.15966796875,-319.2502136230469,-249.79977416992188,446.177001953125,952.009521484375,1313.51171875,157.3084716796875,1,16.550214767456055,5129.8251953125,5359.08984375,-188.45631408691406,-155.96636962890625,-148.481201171875,771.56689453125,903.699951171875,340.98980712890625,1,18.238933563232422,5538.8427734375,5477.45361328125,-210.42474365234375,-167.7442626953125,69.9189453125,1035.23193359375,812.660400390625,-50.98426055908203,1,21.278377532958984,6450.0302734375,6256.7060546875,-242.67019653320312,-188.71047973632812,3.241943359375,898.137939453125,1326.78564453125,51.90388488769531,1,15.237255096435547,4779.9990234375,4828.046875,-173.34925842285156,-137.5225372314453,-212.9345703125,921.339599609375,1315.589111328125,10.074821472167969,1,16.12729835510254,5288.91796875,5630.93701171875,-183.75189208984375,-150.8252716064453,-503.004638671875,788.626953125,706.9677734375,232.96351623535156,1,25.105812072753906,8392.2822265625,8162.4072265625,-314.64764404296875,-244.7793731689453,-35.247802734375,844.5224609375,671.485107421875,84.08961486816406,1,25.328304290771484,7878.4013671875,7652.892578125,-310.3847351074219,-248.22830200195312,464.967529296875,658.96826171875,365.0181884765625,321.01025390625,1,26.227401733398438,8174.31884765625,6813.85546875,-334.0390930175781,-238.5308837890625,880.097412109375,828.46142578125,296.0987548828125,80.14582824707031,1,29.631587982177734,9317.171875,8391.92578125,-369.7033386230469,-276.97930908203125,637.32421875,972.437255859375,1166.2474365234375,110.78793334960938,1,16.588783264160156,4946.734375,4862.91943359375,-185.54232788085938,-145.96693420410156,-16.060791015625,878.072021484375,1294.1904296875,15.837364196777344,1,15.694953918457031,4759.9482421875,5050.455078125,-176.01239013671875,-148.49813842773438,-99.622802734375,873.38427734375,1124.9400634765625,250.96104431152344,1,17.290422439575195,5469.0458984375,5677.7197265625,-197.56350708007812,-161.0143280029297,-269.574951171875,1014.9873046875,1074.545654296875,-19.35525894165039,1,19.14269256591797,5766.958984375,5683.32177734375,-220.14810180664062,-175.37815856933594,107.94580078125,642.681640625,731.74853515625,377.239501953125,1,18.318511962890625,5736.0625,6004.45654296875,-208.12237548828125,-171.51055908203125,-252.385009765625,972.635498046875,605.8087158203125,-95.66812133789062,1,22.55851936340332,6932.9951171875,7221.1337890625,-251.1857147216797,-205.7577362060547,-316.55419921875,SN000368420812,Pumba,72511.6,2025-12-19T19:08:31.608Z,1765551352857693800,3D
632.270263671875,21.025634765625,417.99774169921875,1,28.23525619506836,8334.8525390625,7464.3310546875,-341.3697204589844,-259.7820129394531,924.121826171875,845.140380859375,-62.362548828125,130.8576202392578,1,29.79279327392578,8611.447265625,8066.501953125,-342.35772705078125,-266.21484375,613.4248046875,952.087158203125,1310.36767578125,157.2741241455078,1,17.321868896484375,5422.37158203125,5712.44140625,-199.7608642578125,-166.9918670654297,-138.804443359375,771.492431640625,904.285400390625,340.2042236328125,1,19.01946258544922,5801.31005859375,5414.1865234375,-226.3876953125,-173.42401123046875,271.507568359375,1031.9658203125,811.5716552734375,-51.79728698730469,1,21.653470993041992,6569.38671875,6385.35546875,-248.2135772705078,-193.9026336669922,38.05859375,897.61376953125,1320.43359375,51.937957763671875,1,15.464141845703125,4833.1669921875,4911.28466796875,-176.43824768066406,-141.39076232910156,-176.900390625,921.214599609375,1309.93701171875,10.199501037597656,1,16.589149475097656,5405.0107421875,5857.607421875,-189.48886108398438,-159.36944580078125,-457.726806640625,789.04345703125,706.903076171875,233.46876525878906,1,25.453731536865234,8457.419921875,8070.8076171875,-321.6537170410156,-247.69720458984375,115.674560546875,842.771240234375,671.71337890625,83.88047790527344,1,25.359214782714844,7885.7001953125,7661.2978515625,-310.6059265136719,-248.4153289794922,463.211669921875,657.304931640625,366.116455078125,321.57183837890625,1,25.262619018554688,7822.6455078125,6715.6533203125,-315.93487548828125,-229.49749755859375,718.83984375,827.01513671875,296.6282958984375,80.47991943359375,1,29.939311981201172,9439.76953125,8390.8603515625,-376.0191955566406,-279.0690612792969,693.6943359375,974.2734375,1164.77880859375,111.06036376953125,1,16.664093017578125,4959.6298828125,4937.57373046875,-185.8406219482422,-147.98597717285156,-22.26025390625,878.96435546875,1286.7373046875,16.189544677734375,1,15.570423126220703,4743.8974609375,5005.37841796875,-174.84933471679688,-146.44052124023438,-118.166259765625,874.248779296875,1125.076416015625,250.7779083251953,1,17.280838012695312,5505.416015625,5652.716796875,-198.30996704101562,-159.48309326171875,-290.202880859375,1015.7021484375,1073.4107666015625,-19.38056182861328,1,19.25374984741211,5810.2333984375,5692.728515625,-222.00701904296875,-175.94911193847656,115.591796875,641.159912109375,733.0213623046875,373.2811279296875,1,18.916736602783203,5894.091796875,5750.65087890625,-222.241455078125,-174.04574584960938,18.37548828125,972.0654296875,604.2037353515625,-96.85755920410156,1,22.304855346679688,6814.296875,7129.81298828125,-246.88241577148438,-203.2081756591797,-311.09765625,SN000368420812,Pumba,72511.7,2025-12-19T19:08:31.724Z,1765551352905591300,3D
628.092529296875,17.705810546875,422.299560546875,1,28.269485473632812,8286.2177734375,7543.01513671875,-340.1451416015625,-262.912353515625,944.19873046875,847.859130859375,-63.189208984375,133.5401153564453,1,28.623699188232422,8067.8603515625,7989.498046875,-317.982177734375,-259.0101318359375,483.73291015625,950.181640625,1315.5322265625,162.89218139648438,1,17.400285720825195,5385.7568359375,5759.1318359375,-199.44212341308594,-169.72283935546875,-103.676513671875,769.2197265625,904.0650634765625,340.64617919921875,1,19.041793823242188,5795.55517578125,5691.34912109375,-223.25039672851562,-178.14279174804688,174.70849609375,1030.6015625,813.57470703125,-51.564117431640625,1,22.05550193786621,6730.72265625,6465.94921875,-255.74591064453125,-198.15423583984375,86.393798828125,895.548095703125,1326.86376953125,57.2412109375,1,15.255398750305176,4718.8662109375,4833.5908203125,-172.27420043945312,-139.21998596191406,-172.281005859375,919.0107421875,1316.0501708984375,15.280319213867188,1,16.064449310302734,5155.3984375,5488.17041015625,-182.11192321777344,-150.74278259277344,-390.767578125,787.333984375,706.5245361328125,233.26487731933594,1,25.642738342285156,8451.0693359375,8178.7578125,-322.7149353027344,-252.57681274414062,158.7724609375,843.837646484375,673.0924072265625,83.60218811035156,1,25.11273956298828,7727.6572265625,7546.69287109375,-305.84375,-246.4388427734375,502.558349609375,660.075927734375,362.65380859375,322.24505615234375,1,26.10295295715332,8195.7587890625,6882.8681640625,-332.23236083984375,-237.35165405273438,793.443603515625,826.554931640625,296.6075439453125,80.0103759765625,1,30.174957275390625,9395.5849609375,8423.4716796875,-378.0338439941406,-284.6418151855469,815.582763671875,971.788818359375,1168.668212890625,115.83921813964844,1,16.681306838989258,4944.1337890625,4927.66357421875,-185.76254272460938,-148.31756591796875,-5.5009765625,876.21630859375,1293.4599609375,21.27898406982422,1,15.481725692749023,4648.421875,4908.2626953125,-172.77694702148438,-145.40936279296875,-67.703125,871.06689453125,1128.1719970703125,255.5878448486328,1,17.282428741455078,5549.05126953125,5659.103515625,-199.04299926757812,-158.54095458984375,-320.346435546875,1010.32666015625,1075.748046875,-15.835456848144531,1,19.49020767211914,5869.037109375,5728.224609375,-225.7480926513672,-178.9259033203125,166.219970703125,640.9140625,730.164794921875,373.50555419921875,1,19.13852310180664,5968.26953125,6003.82421875,-223.64405822753906,-179.95050048828125,-27.698486328125,970.495849609375,605.4935302734375,-97.28266143798828,1,22.302522659301758,6874.29345703125,7146.2470703125,-247.74415588378906,-201.96121215820312,-357.390625,SN000368420812,Pumba,72511.833,2025-12-19T19:08:31.843Z,1765551352937465000,3D
635.072509765625,18.83740234375,418.85052490234375,1,28.649215698242188,8484.9326171875,7670.984375,-347.46392822265625,-266.5714111328125,938.823974609375,851.723876953125,-62.9609375,129.8680419921875,1,28.60546112060547,8249.068359375,7795.513671875,-323.2576599121094,-251.2282257080078,432.51123046875,947.345703125,1311.4921875,160.39324951171875,1,16.524351119995117,5066.9482421875,5377.935546875,-186.6555633544922,-157.24156188964844,-129.709228515625,768.3515625,903.0301513671875,340.06732177734375,1,18.921117782592773,5807.1796875,5379.708984375,-225.7283172607422,-171.28518676757812,242.31982421875,1033.87060546875,810.2996826171875,-50.29209518432617,1,21.739437103271484,6604.19921875,6425.9794921875,-249.80862426757812,-195.48297119140625,47.460205078125,895.240966796875,1321.05615234375,53.479248046875,1,15.024654388427734,4587.02392578125,4749.31298828125,-168.02259826660156,-137.56466674804688,-148.720703125,920.218017578125,1311.412109375,12.190460205078125,1,16.450843811035156,5365.9443359375,5767.4091796875,-188.10723876953125,-156.7589111328125,-454.784423828125,786.6630859375,707.50439453125,233.66441345214844,1,25.39047622680664,8422.146484375,8193.4921875,-318.71209716796875,-249.3855438232422,62.18798828125,840.88330078125,672.6104736328125,83.73091125488281,1,25.249584197998047,7832.5009765625,7643.95703125,-308.4611511230469,-247.7147674560547,458.495849609375,656.819091796875,365.0460205078125,322.20501708984375,1,25.488157272338867,7975.939453125,6913.3564453125,-319.261474609375,-232.41336059570312,637.846435546875,825.693603515625,296.5443115234375,79.92304992675781,1,29.245983123779297,9079.5986328125,8267.904296875,-361.6563720703125,-274.3558044433594,667.03564453125,972.55908203125,1166.875732421875,113.84754943847656,1,16.563058853149414,4911.9140625,4847.00439453125,-184.80224609375,-146.19871520996094,2.84814453125,878.2919921875,1287.1021728515625,16.938690185546875,1,16.098899841308594,4872.22900390625,5138.0224609375,-182.72190856933594,-154.23741149902344,-17.36962890625,872.696533203125,1125.0751953125,253.71006774902344,1,17.06896209716797,5442.16748046875,5587.8974609375,-195.29205322265625,-156.73243713378906,-311.330322265625,1011.92626953125,1072.2156982421875,-16.354766845703125,1,18.97724151611328,5764.74755859375,5574.75146484375,-219.165283203125,-170.97999572753906,78.13720703125,640.608154296875,729.9075927734375,377.0166015625,1,18.219640731811523,5649.5244140625,5710.466796875,-208.89439392089844,-167.66770935058594,-118.841552734375,969.797607421875,603.96484375,-97.08627319335938,1,22.337858200073242,6851.6591796875,7172.80859375,-247.614501953125,-203.66380310058594,-333.461669921875,SN000368420812,Pumba,72511.933,2025-12-19T19:08:31.961Z,1765551352969948900,3D
635.111572265625,19.345458984375,424.70062255859375,1,28.379302978515625,8250.830078125,7773.7099609375,-337.8689270019531,-268.6955871582031,912.9375,847.5126953125,-64.07958984375,131.3249969482422,1,29.62242317199707,8652.8994140625,8096.16552734375,-340.4875183105469,-262.82952880859375,499.72607421875,946.072265625,1311.517578125,158.95169067382812,1,16.846027374267578,5263.013671875,5529.81982421875,-192.7695770263672,-160.24359130859375,-171.698974609375,768.922607421875,904.382080078125,340.3994140625,1,18.420080184936523,5650.166015625,5588.09228515625,-213.6012420654297,-169.81703186035156,36.30078125,1028.829345703125,811.2608642578125,-49.00684356689453,1,21.507549285888672,6538.234375,6332.5166015625,-246.2981414794922,-191.3817138671875,13.446533203125,900.450927734375,1323.523193359375,49.35502624511719,1,15.255718231201172,4784.3935546875,4783.31982421875,-174.23045349121094,-137.06600952148438,-189.21337890625,927.60009765625,1313.951904296875,9.443572998046875,1,16.17646598815918,5206.0263671875,5548.771484375,-183.9042510986328,-152.42947387695312,-394.539794921875,786.296630859375,707.2955322265625,233.29994201660156,1,25.41242027282715,8451.5947265625,8098.212890625,-320.78131103515625,-247.70919799804688,94.020263671875,844.87451171875,671.6673583984375,85.1898193359375,1,25.33570098876953,7882.7197265625,7589.138671875,-311.3455505371094,-247.3006134033203,491.4228515625,660.005859375,363.3255615234375,321.11181640625,1,25.353775024414062,7942.8916015625,6711.68505859375,-319.5710144042969,-228.266357421875,689.310302734375,828.63671875,295.6641845703125,79.91194152832031,1,30.011959075927734,9269.64453125,8541.3154296875,-372.1496276855469,-286.7711486816406,777.689453125,973.276611328125,1166.7623291015625,114.33137512207031,1,16.464448928833008,4898.60986328125,4837.20166015625,-183.2658233642578,-144.6110382080078,-31.46337890625,885.02490234375,1290.39794921875,11.406867980957031,1,15.61032772064209,4688.63232421875,4948.2568359375,-174.79530334472656,-147.2456512451172,-50.98193359375,872.1748046875,1126.773681640625,253.62416076660156,1,17.09799575805664,5446.1689453125,5562.8427734375,-195.8826904296875,-156.52565002441406,-296.730712890625,1015.083984375,1073.837890625,-15.8846435546875,1,19.106189727783203,5756.0302734375,5742.89208984375,-218.4716339111328,-175.5975341796875,66.043212890625,642.536376953125,730.1104736328125,376.6019287109375,1,18.48611068725586,5819.8828125,5979.7490234375,-212.3825225830078,-172.14315795898438,-215.787109375,974.584228515625,601.9453125,-94.97575378417969,1,23.36344337463379,7248.77001953125,7438.984375,-265.46209716796875,-215.31106567382812,-237.40771484375,SN000368420812,Pumba,72512.033,2025-12-19T19:08:32.066Z,1765551353001254300,3D
631.865966796875,17.8251953125,417.3677978515625,1,29.48478889465332,8708.1796875,7816.80322265625,-360.6478576660156,-276.9350891113281,1097.266845703125,850.319091796875,-62.935302734375,129.09193420410156,1,28.47878646850586,8169.3193359375,7810.46630859375,-319.87396240234375,-251.20347595214844,419.87060546875,944.8310546875,1310.8712158203125,159.20372009277344,1,17.07880973815918,5282.9345703125,5640.279296875,-194.95591735839844,-165.36854553222656,-124.098388671875,768.055908203125,903.4659423828125,341.85748291015625,1,18.960256576538086,5837.8125,5470.65087890625,-225.7502899169922,-172.61776733398438,204.82666015625,1022.39501953125,810.9716796875,-52.46968460083008,1,21.56520652770996,6514.6845703125,6309.4990234375,-247.20849609375,-192.92877197265625,72.971923828125,898.498046875,1324.834228515625,50.54685974121094,1,15.245532035827637,4767.00244140625,4793.3388671875,-173.52552795410156,-137.30580139160156,-190.866455078125,924.611083984375,1314.15966796875,10.413673400878906,1,16.099977493286133,5182.44140625,5564.07421875,-182.0486297607422,-151.68405151367188,-426.593994140625,787.5126953125,704.4775390625,233.6132354736328,1,25.24376678466797,8195.421875,7915.5771484375,-315.93841552734375,-248.1883544921875,253.13037109375,841.171875,670.7774658203125,83.75985717773438,1,25.542762756347656,7841.83544921875,7819.720703125,-310.28955078125,-254.861083984375,507.458984375,658.8173828125,362.736572265625,321.5911865234375,1,26.482091903686523,8304.4453125,7065.78125,-336.8380126953125,-243.51246643066406,810.50732421875,827.46875,295.8271484375,80.55105590820312,1,31.377925872802734,9880.0068359375,8802.33203125,-398.4068603515625,-298.7391052246094,886.4091796875,969.258544921875,1164.49658203125,114.38601684570312,1,16.76467514038086,4994.8740234375,4913.720703125,-188.1031951904297,-148.43385314941406,8.756103515625,881.229248046875,1292.521240234375,12.921615600585938,1,15.781213760375977,4811.5322265625,5019.814453125,-178.3592987060547,-148.07908630371094,-86.18701171875,869.9794921875,1125.1937255859375,254.24977111816406,1,16.836627960205078,5355.3447265625,5328.61572265625,-193.6148681640625,-150.8946990966797,-258.581298828125,1011.577392578125,1072.33203125,-15.481971740722656,1,19.264049530029297,5803.044921875,5675.35009765625,-222.18077087402344,-175.97923278808594,130.322265625,642.448974609375,729.700439453125,379.082763671875,1,19.445858001708984,6190.904296875,5842.7392578125,-233.69068908691406,-177.16819763183594,27.512939453125,982.090087890625,598.4432373046875,-94.5509033203125,1,24.088390350341797,7425.6220703125,7601.431640625,-276.0877685546875,-225.16371154785156,-105.86474609375,SN000368420812,Pumba,72512.166,2025-12-19T19:08:32.178Z,1765551353033562700,3D
630.584228515625,17.153076171875,421.4783935546875,1,29.808013916015625,8712.8359375,8064.482421875,-362.1744079589844,-286.0939636230469,1142.0361328125,850.32958984375,-65.185302734375,130.5554962158203,1,28.598674774169922,8080.1953125,7719.6591796875,-320.76300048828125,-253.75897216796875,560.54150390625,948.90185546875,1311.98486328125,158.07632446289062,1,16.366615295410156,5063.87548828125,5345.66943359375,-184.9649658203125,-154.30296325683594,-181.912109375,768.134765625,904.6732177734375,341.52099609375,1,18.792865753173828,5694.7109375,5661.6728515625,-218.5271453857422,-176.09072875976562,143.9765625,1028.489501953125,808.4061279296875,-50.039878845214844,1,21.71238136291504,6545.31396484375,6477.9384765625,-248.0423583984375,-197.61239624023438,62.36083984375,896.064208984375,1324.5018310546875,51.71284484863281,1,15.293888092041016,4778.10400390625,4870.22998046875,-173.56346130371094,-139.15158081054688,-203.471435546875,920.346435546875,1314.55908203125,10.031333923339844,1,16.899580001831055,5520.9365234375,5881.599609375,-195.326171875,-161.93162536621094,-408.885009765625,786.819091796875,705.521484375,233.11610412597656,1,26.021217346191406,8609.544921875,8206.5517578125,-330.3680114746094,-255.52049255371094,214.6923828125,842.514404296875,671.2208251953125,83.43252563476562,1,25.21595573425293,7595.6982421875,7964.0283203125,-299.72869873046875,-257.5993957519531,464.52685546875,657.792724609375,362.3748779296875,321.57794189453125,1,24.96152687072754,7722.513671875,6702.2177734375,-310.1223449707031,-226.54318237304688,651.13720703125,827.3232421875,294.821044921875,80.43498229980469,1,29.14067268371582,9208.138671875,8112.52294921875,-364.4628601074219,-267.1318664550781,599.68505859375,972.319580078125,1166.46435546875,111.69429016113281,1,16.763092041015625,4995.24560546875,4870.20947265625,-188.71340942382812,-147.86476135253906,28.50732421875,877.67626953125,1291.519287109375,14.913612365722656,1,15.851655960083008,4807.875,5027.67578125,-179.34628295898438,-149.71922302246094,-48.93310546875,870.8583984375,1126.129638671875,251.1230926513672,1,17.390607833862305,5491.38818359375,5626.41650390625,-199.9713592529297,-161.42108154296875,-217.6533203125,1011.544677734375,1071.17041015625,-18.057403564453125,1,19.350191116333008,5823.974609375,5713.54638671875,-223.3655548095703,-177.62672424316406,143.46484375,641.3525390625,730.895751953125,379.80029296875,1,18.405179977416992,5648.66015625,5637.4189453125,-212.1295166015625,-169.54066467285156,-10.5361328125,976.457763671875,597.4471435546875,-91.78700256347656,1,23.78607940673828,7256.19140625,7392.404296875,-270.8232116699219,-220.24708557128906,-68.898193359375,SN000368420812,Pumba,72512.266,2025-12-19T19:08:32.293Z,1765551353065901000,3D
636.770263671875,15.470703125,418.8189697265625,1,28.73481559753418,8476.2646484375,7604.458984375,-349.0655822753906,-266.9698486328125,1002.737548828125,850.198974609375,-64.3896484375,133.36622619628906,1,28.639408111572266,8198.3271484375,7844.05712890625,-321.89508056640625,-253.37649536132812,450.6845703125,950.401123046875,1308.8526611328125,161.33518981933594,1,16.45367431640625,5086.2314453125,5379.9853515625,-185.9987030029297,-155.57826232910156,-175.531982421875,767.53076171875,904.201416015625,340.93182373046875,1,18.405181884765625,5629.8359375,5499.392578125,-214.1596221923828,-168.79214477539062,80.165771484375,1022.96435546875,808.113525390625,-50.12599563598633,1,21.866350173950195,6674.97314453125,6387.8271484375,-253.17588806152344,-195.20896911621094,70.7685546875,897.766845703125,1323.026611328125,55.08265686035156,1,15.25010871887207,4804.5302734375,4819.099609375,-174.18112182617188,-137.13815307617188,-215.9794921875,922.27099609375,1314.177978515625,13.286407470703125,1,16.12352752685547,5276.46875,5534.326171875,-184.8009490966797,-149.80364990234375,-452.71875,786.479248046875,705.145263671875,233.6133270263672,1,25.83885955810547,8557.765625,8216.876953125,-326.9233703613281,-253.96617126464844,165.12451171875,842.133056640625,671.144775390625,83.85078430175781,1,24.961328506469727,7718.158203125,7596.2861328125,-303.04803466796875,-244.89329528808594,421.754638671875,657.44140625,361.8245849609375,321.3350830078125,1,25.40309715270996,7947.9482421875,6738.732421875,-319.82843017578125,-229.16641235351562,691.5498046875,825.14794921875,294.851318359375,78.99031066894531,1,29.424053192138672,9185.4912109375,8279.8349609375,-365.73809814453125,-274.8349609375,670.20849609375,972.60107421875,1165.3131103515625,112.86178588867188,1,16.805879592895508,4999.03125,4922.4912109375,-188.65924072265625,-149.1968994140625,21.994140625,879.816650390625,1290.626953125,17.558570861816406,1,15.62059211730957,4760.7744140625,4952.048828125,-176.41085815429688,-145.98704528808594,-87.46435546875,870.06103515625,1126.2796630859375,251.87074279785156,1,17.44745445251465,5592.8681640625,5765.28662109375,-200.9569549560547,-162.07447814941406,-311.6005859375,1011.487060546875,1071.0855712890625,-17.49017333984375,1,19.203739166259766,5746.7880859375,5713.1162109375,-219.93487548828125,-176.95884704589844,126.07080078125,641.168701171875,730.167236328125,379.3995361328125,1,18.55855369567871,5853.9111328125,5723.3369140625,-217.08294677734375,-168.67271423339844,-102.460693359375,971.78857421875,597.5970458984375,-95.01460266113281,1,24.204328536987305,7498.9970703125,7740.35205078125,-277.0107727050781,-227.0609588623047,-166.793701171875,SN000368420812,Pumba,72512.4,2025-12-19T19:08:32.406Z,1765551353097672400,3D
634.412841796875,17.760498046875,419.51116943359375,1,29.54656982421875,8775.1025390625,7790.2529296875,-362.77264404296875,-275.6419982910156,1084.21533203125,851.39892578125,-62.857666015625,132.141845703125,1,28.26495933532715,7991.75439453125,7801.23046875,-313.5965576171875,-251.43301391601562,433.3818359375,944.244873046875,1310.3447265625,160.36068725585938,1,16.78636360168457,5234.0087890625,5498.1767578125,-191.60023498535156,-159.19248962402344,-174.2451171875,767.7421875,903.953369140625,341.15972900390625,1,18.697288513183594,5650.9677734375,5572.169921875,-217.56826782226562,-174.24830627441406,166.768798828125,1026.423828125,807.40234375,-49.148651123046875,1,21.98723602294922,6717.5361328125,6425.1728515625,-255.41493225097656,-197.1298828125,91.8447265625,895.43310546875,1324.106689453125,52.54579162597656,1,15.181715965270996,4734.6982421875,4747.61328125,-172.7041473388672,-136.4185333251953,-177.7919921875,921.154541015625,1314.654541015625,11.75726318359375,1,16.09914207458496,5228.62109375,5478.75537109375,-184.15396118164062,-149.56715393066406,-414.45556640625,785.071533203125,705.5189208984375,233.7738800048828,1,25.435321807861328,8456.46875,8203.0908203125,-319.82464599609375,-249.45120239257812,56.240478515625,841.814453125,671.4283447265625,84.84797668457031,1,25.199460983276367,7780.68505859375,7640.98046875,-306.8631286621094,-248.06488037109375,470.1806640625,656.367919921875,362.8857421875,320.98663330078125,1,25.683406829833984,8040.5712890625,6813.5869140625,-324.385498046875,-232.76025390625,727.02001953125,828.328125,295.8651123046875,79.02943420410156,1,30.05246353149414,9427.5302734375,8444.173828125,-376.7878723144531,-282.21142578125,734.42822265625,968.99853515625,1165.8345947265625,114.14019775390625,1,16.601058959960938,4934.08154296875,4893.1220703125,-185.0157928466797,-146.81568908691406,-17.717041015625,878.4267578125,1291.643310546875,14.806159973144531,1,15.619180679321289,4708.2607421875,4980.9853515625,-174.93698120117188,-147.48789978027344,-70.782470703125,869.18994140625,1126.690673828125,254.26148986816406,1,17.444393157958984,5561.771484375,5735.908203125,-200.7243194580078,-162.3583221435547,-280.515625,1007.365478515625,1069.1036376953125,-14.790771484375,1,19.292808532714844,5836.943359375,5690.8369140625,-223.08270263671875,-175.97955322265625,117.914306640625,641.3037109375,730.430908203125,378.8594970703125,1,18.44072914123535,5700.1845703125,5841.4384765625,-211.17897033691406,-172.09042358398438,-106.330078125,977.638427734375,597.1121826171875,-95.2624282836914,1,23.772411346435547,7498.126953125,7690.5712890625,-272.1390075683594,-219.52120971679688,-327.19384765625,SN000368420812,Pumba,72512.5,2025-12-19T19:08:32.517Z,1765551353129476300,3D
633.381103515625,14.331787109375,422.28570556640625,1,28.929203033447266,8566.3974609375,7682.97412109375,-352.1956787109375,-269.0109558105469,994.0390625,848.99755859375,-65.309814453125,133.8484344482422,1,28.7408447265625,8254.123046875,7792.42724609375,-324.9672546386719,-253.0308837890625,482.883056640625,944.94873046875,1311.29638671875,163.43133544921875,1,16.710874557495117,5284.50390625,5528.689453125,-191.48207092285156,-157.59364318847656,-241.19091796875,766.819580078125,903.896728515625,341.66802978515625,1,18.4520263671875,5651.9697265625,5316.57763671875,-217.40135192871094,-166.2810821533203,159.98974609375,1026.325439453125,811.9306640625,-51.682254791259766,1,21.694454193115234,6536.48046875,6444.49462890625,-247.66668701171875,-196.54995727539062,60.966552734375,895.4296875,1325.69677734375,55.509979248046875,1,15.221628189086914,4746.49365234375,4777.28369140625,-173.22715759277344,-137.41213989257812,-175.186279296875,921.23046875,1316.97021484375,14.380607604980469,1,17.28093719482422,5569.17724609375,6139.69287109375,-198.3310089111328,-171.20211791992188,-369.49951171875,784.1689453125,705.0430908203125,233.30873107910156,1,25.326698303222656,8288.166015625,8140.30712890625,-316.0574951171875,-250.76165771484375,141.365478515625,840.033447265625,671.6136474609375,83.21136474609375,1,24.93332862854004,7656.435546875,7601.115234375,-301.4979248046875,-246.0039520263672,447.385986328125,658.065673828125,360.2137451171875,321.96990966796875,1,26.35332679748535,8256.6025390625,6991.99609375,-335.29620361328125,-241.609375,819.08251953125,825.953369140625,294.5894775390625,79.03604125976562,1,29.197113037109375,8899.44921875,8318.982421875,-356.8596496582031,-278.3739013671875,732.83935546875,970.830322265625,1167.232177734375,115.81880187988281,1,16.76067352294922,4997.72021484375,4927.5751953125,-188.0939178466797,-148.70639038085938,4.882568359375,878.6298828125,1293.318359375,17.322463989257812,1,16.120899200439453,4973.0908203125,5092.171875,-185.33233642578125,-151.37374877929688,-56.681640625,868.91796875,1127.660400390625,255.14833068847656,1,17.415912628173828,5530.94091796875,5706.5205078125,-200.16860961914062,-162.22628784179688,-260.47119140625,1005.5166015625,1074.5479736328125,-17.39856719970703,1,19.02920150756836,5731.154296875,5621.8916015625,-218.5393524169922,-173.19937133789062,99.315673828125,645.037109375,726.5465087890625,381.7144775390625,1,18.421951293945312,5648.908203125,5714.76025390625,-211.50057983398438,-171.07781982421875,-31.697265625,973.494873046875,600.95458984375,-94.17677307128906,1,23.57373809814453,7245.802734375,7455.9130859375,-267.23406982421875,-218.17300415039062,-174.90673828125,SN000368420812,Pumba,72512.6,2025-12-19T19:08:32.620Z,1765551353161621700,3D
633.80322265625,14.912841796875,423.05609130859375,1,28.378761291503906,8371.435546875,7505.9892578125,-343.24420166015625,-261.65966796875,940.623291015625,851.056396484375,-66.8232421875,132.68019104003906,1,28.84356689453125,8362.615234375,7838.01416015625,-327.8479919433594,-252.9048614501953,442.9951171875,950.723388671875,1311.7904052734375,158.7022705078125,1,16.69378662109375,5189.8779296875,5502.2880859375,-189.790771484375,-159.13131713867188,-179.18310546875,770.9736328125,903.54541015625,342.09185791015625,1,18.770381927490234,5790.708984375,5418.0283203125,-223.05296325683594,-169.87693786621094,174.19384765625,1022.41064453125,808.60546875,-52.226470947265625,1,22.283069610595703,6826.1103515625,6460.8876953125,-260.94281005859375,-200.00482177734375,139.58935546875,898.189697265625,1324.5693359375,51.97044372558594,1,15.213315963745117,4777.60986328125,4799.826171875,-173.47552490234375,-136.9405975341797,-205.78271484375,922.719482421875,1314.83984375,10.275474548339844,1,15.68456745147705,4734.60498046875,4924.349609375,-176.18226623535156,-146.09640502929688,-62.302734375,785.42431640625,705.705810546875,233.0522003173828,1,25.809188842773438,8592.51171875,8109.365234375,-328.5953674316406,-251.1761932373047,177.175537109375,843.3408203125,670.799560546875,84.02107238769531,1,25.040416717529297,7719.8994140625,7842.455078125,-301.29962158203125,-250.05746459960938,361.62060546875,660.2109375,360.1552734375,320.6239013671875,1,26.153575897216797,8183.4384765625,6864.8779296875,-332.594970703125,-237.8402557373047,820.860107421875,829.7744140625,293.6435546875,80.23593139648438,1,30.0260066986084,9343.8349609375,8486.5859375,-374.2875671386719,-284.302734375,755.9912109375,973.802734375,1166.51318359375,111.97694396972656,1,16.669158935546875,4967.6044921875,4908.03662109375,-186.5132293701172,-147.5592498779297,-9.927490234375,880.021484375,1291.6082763671875,14.903228759765625,1,15.602640151977539,4769.20556640625,4976.1025390625,-176.0557861328125,-145.87380981445312,-109.751953125,872.213134765625,1126.3094482421875,251.8372344970703,1,17.293519973754883,5527.068359375,5659.84375,-199.0779571533203,-159.6389923095703,-291.791015625,1014.05859375,1072.012939453125,-18.111602783203125,1,19.20796775817871,5801.5,5735.8681640625,-221.15834045410156,-176.6016082763672,98.320556640625,643.590576171875,729.3839111328125,378.925537109375,1,19.039405822753906,5846.787109375,5930.84716796875,-220.49746704101562,-179.5290985107422,19.6240234375,974.203369140625,596.3441162109375,-94.14456939697266,1,24.723979949951172,7637.57421875,7698.4345703125,-287.36114501953125,-232.20077514648438,3.314453125,SN000368420812,Pumba,72512.7,2025-12-19T19:08:32.722Z,1765551353193604300,3D
638.72900390625,14.01513671875,423.6468505859375,1,27.775705337524414,8212.37109375,7554.01416015625,-331.6606140136719,-256.12738037109375,755.174072265625,850.242919921875,-67.217529296875,130.36488342285156,1,28.850540161132812,8269.5478515625,7693.6845703125,-327.71240234375,-252.75233459472656,554.638427734375,949.10888671875,1314.53271484375,159.1189422607422,1,16.91293716430664,5348.669921875,5558.2744140625,-194.8004608154297,-159.61302185058594,-211.24853515625,767.478759765625,905.034423828125,341.40191650390625,1,18.40435791015625,5632.974609375,5261.791015625,-216.91143798828125,-164.90911865234375,167.466064453125,1030.38671875,811.2239990234375,-50.971588134765625,1,21.39539909362793,6488.1923828125,6221.8837890625,-245.75059509277344,-189.710205078125,57.684326171875,896.358642578125,1324.2071533203125,52.143341064453125,1,15.342533111572266,4827.6201171875,4880.7890625,-175.0155029296875,-138.9561309814453,-217.126220703125,920.67041015625,1312.839599609375,10.725364685058594,1,15.882397651672363,4889.39013671875,5141.31640625,-178.97808837890625,-148.86122131347656,-162.7509765625,786.962646484375,704.7733154296875,234.6090545654297,1,25.00497055053711,8301.4140625,8008.4248046875,-313.6197814941406,-243.11863708496094,44.044677734375,842.638671875,670.7186279296875,84.49862670898438,1,25.334104537963867,7884.498046875,7605.0712890625,-310.9625549316406,-247.22021484375,476.529052734375,659.378173828125,360.10888671875,322.54339599609375,1,26.078685760498047,8155.00537109375,6933.0224609375,-330.1259460449219,-238.1515350341797,774.517333984375,828.342041015625,293.532958984375,79.69871520996094,1,28.701086044311523,8922.556640625,8078.3779296875,-353.420166015625,-265.7377624511719,590.035888671875,971.596435546875,1166.896728515625,114.17384338378906,1,16.58452033996582,4952.01708984375,4868.00634765625,-185.42819213867188,-145.72999572753906,-26.426025390625,877.760986328125,1290.18310546875,16.254562377929688,1,15.916231155395508,4933.7138671875,5166.646484375,-180.90802001953125,-149.9503631591797,-154.179443359375,869.887451171875,1128.465576171875,254.02540588378906,1,17.024654388427734,5422.89111328125,5541.63818359375,-194.7931365966797,-155.61972045898438,-303.8046875,1009.28076171875,1074.10888671875,-17.97930908203125,1,19.240127563476562,5797.6630859375,5700.47509765625,-221.44129943847656,-176.06752014160156,112.531005859375,639.427001953125,731.1314697265625,377.36199951171875,1,19.107269287109375,5875.486328125,6133.2392578125,-219.6656494140625,-183.24981689453125,-43.767578125,974.040283203125,601.235595703125,-94.37386322021484,1,24.29332733154297,7426.39453125,7606.86474609375,-278.5235290527344,-228.33065795898438,-26.080322265625,SN000368420812,Pumba,72512.833,2025-12-19T19:08:32.852Z,1765551353225330800,3D
636.740966796875,14.11083984375,425.13726806640625,1,28.44683074951172,8374.375,7652.724609375,-342.0840148925781,-264.5019226074219,898.5361328125,849.441650390625,-67.7080078125,130.94029235839844,1,28.869234085083008,8169.208984375,7908.45263671875,-323.51544189453125,-258.7089538574219,540.72802734375,948.99169921875,1312.1798095703125,159.8587646484375,1,16.0521240234375,4898.21630859375,5463.9775390625,-176.18426513671875,-154.69821166992188,-266.2333984375,770.9501953125,903.9364013671875,342.46112060546875,1,18.48330307006836,5595.41259765625,5620.0947265625,-213.1324462890625,-172.769287109375,89.067626953125,1030.5732421875,807.1002197265625,-50.84907531738281,1,21.99355125427246,6694.5947265625,6375.541015625,-255.4044189453125,-196.69712829589844,120.14453125,896.308837890625,1324.61962890625,53.1026611328125,1,15.304651260375977,4828.984375,4846.94873046875,-175.00759887695312,-137.86102294921875,-219.0966796875,920.73974609375,1314.56884765625,11.400733947753906,1,15.516914367675781,4746.58154296875,4849.587890625,-174.98052978515625,-141.7788848876953,-117.063720703125,785.864501953125,704.3656005859375,234.24253845214844,1,25.646272659301758,8597.68359375,8153.0830078125,-325.8485107421875,-248.8253936767578,79.69970703125,841.98876953125,670.3870849609375,84.23733520507812,1,25.350069046020508,7671.22216796875,8042.6875,-301.9006042480469,-259.1354675292969,442.288330078125,658.106201171875,359.4122314453125,321.19134521484375,1,26.35993194580078,8254.3271484375,6888.6640625,-336.3061218261719,-239.8587646484375,855.418212890625,828.359130859375,293.0810546875,79.5499267578125,1,29.476947784423828,9124.513671875,8425.341796875,-363.41259765625,-279.1880798339844,669.226806640625,971.58251953125,1166.395751953125,113.24502563476562,1,16.784393310546875,5032.044921875,4958.0439453125,-188.6087646484375,-148.656005859375,-20.871826171875,877.9375,1291.525146484375,16.222496032714844,1,15.912555694580078,4903.0927734375,5044.92578125,-181.7968292236328,-148.82481384277344,-86.520751953125,869.86572265625,1128.3333740234375,253.3584747314453,1,16.840871810913086,5336.0322265625,5334.716796875,-193.3894500732422,-151.7044219970703,-241.971435546875,1007.603759765625,1069.8267822265625,-17.31140899658203,1,19.3476619720459,5864.1513671875,5768.29541015625,-223.607177734375,-177.69287109375,101.32958984375,641.5576171875,730.7666015625,377.4813232421875,1,18.524782180786133,5700.4765625,5790.416015625,-213.0352020263672,-172.85304260253906,-45.186767578125,976.78271484375,596.576416015625,-95.17361450195312,1,22.344966888427734,6778.99462890625,7088.0859375,-246.9652099609375,-203.7108917236328,-264.28173828125,SN000368420812,Pumba,72512.933,2025-12-19T19:08:32.965Z,1765551353257718400,3D
636.7919921875,10.814208984375,424.72674560546875,1,28.833297729492188,8502.880859375,7699.44384765625,-349.1935729980469,-268.74603271484375,973.821533203125,853.993896484375,-70.93359375,131.03997802734375,1,28.201213836669922,7814.384765625,7744.62548828125,-309.9717102050781,-253.5335235595703,534.55419921875,949.327880859375,1312.17822265625,161.2584991455078,1,16.84008026123047,5256.35009765625,5554.2431640625,-192.22581481933594,-160.61512756347656,-181.402099609375,768.833251953125,903.1595458984375,340.3953857421875,1,18.23733139038086,5504.068359375,5244.7626953125,-212.487060546875,-164.92977905273438,181.66259765625,1035.012939453125,806.4049072265625,-50.51115417480469,1,22.339277267456055,6811.39453125,6556.865234375,-259.8145751953125,-202.18484497070312,120.59765625,898.340576171875,1323.743896484375,53.052978515625,1,15.484429359436035,4901.99951171875,4987.96435546875,-177.0780792236328,-141.26966857910156,-241.57568359375,923.886962890625,1314.1708984375,11.67413330078125,1,16.17936897277832,4992.4296875,5136.76513671875,-184.98585510253906,-151.37982177734375,-92.20458984375,786.2294921875,702.957763671875,234.1235809326172,1,25.362070083618164,8434.8525390625,8197.896484375,-318.5060119628906,-248.66458129882812,39.507568359375,840.315673828125,670.066650390625,82.42088317871094,1,25.324134826660156,7833.703125,7586.83154296875,-310.1470031738281,-248.0380859375,512.869873046875,654.05859375,358.4110107421875,322.65789794921875,1,25.393142700195312,7922.888671875,6827.5556640625,-318.0069885253906,-230.7510986328125,662.4619140625,828.947998046875,291.1529541015625,80.17008972167969,1,29.520004272460938,9150.29296875,8418.1142578125,-364.5347900390625,-279.1592712402344,674.256103515625,973.616943359375,1166.83642578125,114.69790649414062,1,16.767980575561523,5011.1767578125,4940.8330078125,-188.1904296875,-148.59490966796875,-8.69970703125,881.282958984375,1290.20166015625,15.646903991699219,1,15.728691101074219,4864.9873046875,5067.4990234375,-178.40003967285156,-147.0576171875,-151.55908203125,872.0703125,1128.5540771484375,255.7646942138672,1,17.734899520874023,5861.251953125,5521.68896484375,-212.88648986816406,-157.0026397705078,-251.090087890625,1010.065185546875,1069.9473876953125,-16.349517822265625,1,19.442611694335938,5843.70458984375,5778.97119140625,-224.27008056640625,-179.80252075195312,148.818359375,642.31298828125,727.0167236328125,376.550537109375,1,18.32467269897461,5642.36767578125,5861.62158203125,-208.3126983642578,-171.83888244628906,-129.18994140625,974.270263671875,596.9298095703125,-95.26382446289062,1,23.338632583618164,7236.775390625,7451.556640625,-264.01837158203125,-214.45333862304688,-270.22412109375,SN000368420812,Pumba,72513.066,2025-12-19T19:08:33.080Z,1765551353305771600,3D
634.369873046875,16.945068359375,425.23046875,1,28.48612403869629,8379.205078125,7650.22900390625,-342.6861572265625,-264.95111083984375,912.47119140625,852.97314453125,-65.11328125,132.72085571289062,1,28.435726165771484,8040.576171875,7938.16796875,-314.51239013671875,-254.41506958007812,402.877685546875,947.375244140625,1313.566162109375,157.71652221679688,1,16.99085807800293,5317.9560546875,5646.8515625,-194.25213623046875,-163.04403686523438,-191.107177734375,769.8671875,901.2584228515625,342.09539794921875,1,18.692562103271484,5709.71630859375,5331.42041015625,-221.42724609375,-169.03970336914062,221.376708984375,1029.5634765625,806.2698974609375,-50.73418045043945,1,21.621875762939453,6487.28271484375,6409.17578125,-245.7015838623047,-195.34390258789062,57.26806640625,901.66943359375,1329.6748046875,48.5013427734375,1,15.327672958374023,4802.0537109375,4874.2001953125,-174.38299560546875,-139.16900634765625,-206.1884765625,927.87353515625,1318.8326416015625,8.201042175292969,1,15.740741729736328,4786.2626953125,5049.8349609375,-176.19113159179688,-147.46766662597656,-126.442138671875,785.63232421875,705.0447998046875,233.77052307128906,1,25.145641326904297,8351.541015625,7981.50048828125,-316.6060791015625,-243.67791748046875,80.489501953125,840.28125,671.0703125,83.53561401367188,1,24.821380615234375,7695.9873046875,7553.431640625,-301.3581237792969,-242.5330047607422,393.402099609375,656.2724609375,361.6895751953125,321.767333984375,1,26.62883758544922,8277.654296875,6985.55908203125,-339.3577880859375,-245.49386596679688,927.4326171875,826.8271484375,294.4190673828125,79.46571350097656,1,30.48053550720215,9601.822265625,8595.6796875,-383.5152282714844,-286.9904479980469,739.96923828125,969.784912109375,1166.4957275390625,112.59532165527344,1,16.753694534301758,5037.72509765625,4953.158203125,-188.27392578125,-147.82412719726562,-39.048095703125,883.84716796875,1297.971923828125,10.287178039550781,1,15.50871753692627,4738.95361328125,4969.1953125,-174.12155151367188,-144.67327880859375,-136.09423828125,868.363525390625,1124.8841552734375,251.9452667236328,1,16.754915237426758,5317.5751953125,5325.1630859375,-191.9224853515625,-150.45291137695312,-267.552978515625,1007.134521484375,1068.4691162109375,-16.43659210205078,1,19.554481506347656,5920.3134765625,5816.744140625,-226.62716674804688,-180.28501892089844,131.3671875,643.498779296875,726.917236328125,379.82159423828125,1,18.936887741088867,5806.24755859375,5828.1884765625,-219.76409912109375,-177.4205322265625,45.884765625,971.48681640625,597.547607421875,-96.19463348388672,1,23.998228073120117,7349.49658203125,7502.85546875,-274.43963623046875,-223.70884704589844,-65.49072265625,SN000368420812,Pumba,72513.2,2025-12-19T19:08:33.205Z,1765551353337759900,3D
636.9111328125,17.13818359375,424.8116455078125,1,29.554828643798828,8750.49609375,7943.404296875,-360.7706298828125,-278.9206848144531,1048.5458984375,851.39111328125,-65.642578125,133.3316650390625,1,29.16839599609375,8409.46484375,7911.5380859375,-331.8957214355469,-257.9732971191406,518.717041015625,946.013916015625,1314.343505859375,158.6713104248047,1,16.731626510620117,5202.50390625,5457.310546875,-191.05894470214844,-158.7634735107422,-152.904541015625,767.770751953125,901.9447021484375,340.6788330078125,1,18.453189849853516,5608.486328125,5284.96728515625,-216.7861785888672,-166.6023712158203,193.871337890625,1026.166748046875,808.6837158203125,-48.592525482177734,1,22.254133224487305,6712.60986328125,6543.798828125,-257.0006103515625,-202.9195098876953,150.58544921875,895.0830078125,1322.040771484375,50.753143310546875,1,15.50228500366211,4837.59521484375,4893.51123046875,-177.20040893554688,-141.5974578857422,-157.162841796875,920.373046875,1310.8880615234375,9.908584594726562,1,17.10741424560547,5568.8544921875,5940.841796875,-198.29481506347656,-165.17236328125,-370.28369140625,787.368896484375,705.38232421875,233.83351135253906,1,25.728565216064453,8581.98828125,8254.6435546875,-325.4964294433594,-252.1875762939453,87.60595703125,842.890625,671.2020263671875,83.82179260253906,1,25.19660186767578,7810.568359375,7572.896484375,-308.3041687011719,-246.4048309326172,480.647216796875,655.97998046875,362.2493896484375,320.994873046875,1,26.12384033203125,8213.0107421875,6909.7177734375,-332.37469482421875,-237.5292510986328,776.649169921875,828.3291015625,294.2916259765625,79.355712890625,1,29.44228744506836,9084.5234375,8240.92578125,-364.56292724609375,-276.93701171875,757.232666015625,970.548828125,1167.34814453125,114.48674011230469,1,16.748462677001953,4988.634765625,4898.58349609375,-188.10247802734375,-148.26907348632812,16.5029296875,877.8955078125,1287.37060546875,14.835281372070312,1,15.777084350585938,4819.6513671875,5000.0595703125,-178.9844207763672,-147.88128662109375,-75.62548828125,867.298095703125,1126.1876220703125,252.61045837402344,1,17.38780975341797,5576.9072265625,5715.22998046875,-200.532470703125,-160.78411865234375,-305.759765625,1011.64453125,1071.7447509765625,-14.980583190917969,1,19.196752548217773,5791.7626953125,5692.41796875,-221.04261779785156,-175.60391235351562,106.662841796875,646.861572265625,723.571533203125,378.47308349609375,1,18.84807586669922,5896.2978515625,5774.41259765625,-220.8665313720703,-172.94393920898438,-29.924072265625,975.326416015625,597.983642578125,-94.46765899658203,1,24.061140060424805,7393.466796875,7600.646484375,-275.1086730957031,-225.42880249023438,-98.194091796875,SN000368420812,Pumba,72513.3,2025-12-19T19:08:33.320Z,1765551353369919400,3D
636.392578125,15.45947265625,420.17535400390625,1,28.430713653564453,8348.03125,7617.54296875,-342.0605773925781,-264.6481628417969,930.603271484375,850.18017578125,-65.815185546875,132.92872619628906,1,29.194366455078125,8442.826171875,7899.6083984375,-333.0908508300781,-257.5374450683594,516.696044921875,945.827392578125,1314.901611328125,156.69473266601562,1,16.25534439086914,5018.75048828125,5231.89697265625,-184.07957458496094,-151.88482666015625,-154.9619140625,767.564453125,903.2843017578125,341.58154296875,1,19.01292610168457,5829.5703125,5380.5703125,-227.3474884033203,-172.27967834472656,268.048095703125,1024.18359375,809.333251953125,-52.338443756103516,1,21.753881454467773,6612.353515625,6357.7333984375,-251.00083923339844,-194.5282745361328,76.799072265625,897.728759765625,1326.86083984375,47.868682861328125,1,15.121940612792969,4688.9765625,4786.74072265625,-170.65762329101562,-137.19313049316406,-188.5810546875,923.611572265625,1315.8992919921875,7.34490966796875,1,15.81700325012207,4815.6953125,5027.57373046875,-178.06549072265625,-147.7520751953125,-101.046875,786.91357421875,705.8560791015625,234.02330017089844,1,25.593109130859375,8422.4482421875,8210.76953125,-321.1519470214844,-252.9369354248047,142.67919921875,841.500732421875,671.0980224609375,83.80061340332031,1,25.478824615478516,7815.91796875,7801.60546875,-309.25775146484375,-254.24427795410156,505.589111328125,657.813232421875,361.8857421875,321.3104248046875,1,26.20176887512207,8249.5263671875,6872.4912109375,-334.58856201171875,-237.45298767089844,804.458740234375,827.143310546875,294.178466796875,79.33135986328125,1,29.57617950439453,9162.84375,8207.95703125,-368.11846923828125,-276.6999206542969,777.36328125,970.615478515625,1167.5869140625,112.478515625,1,16.726572036743164,4981.107421875,4955.068359375,-186.98019409179688,-148.92669677734375,-11.30029296875,880.3076171875,1293.64697265625,10.708282470703125,1,15.884973526000977,4803.59814453125,5119.001953125,-178.56985473632812,-151.70703125,-69.32568359375,870.270751953125,1125.68603515625,252.4965057373047,1,17.05501937866211,5431.94677734375,5442.73779296875,-196.76803588867188,-154.67401123046875,-249.6689453125,1012.89404296875,1072.2813720703125,-16.657394409179688,1,19.41710662841797,5891.86474609375,5744.689453125,-225.12918090820312,-177.57814025878906,117.2158203125,639.903076171875,729.6778564453125,379.37213134765625,1,18.500505447387695,5652.267578125,5668.71337890625,-212.66226196289062,-170.98069763183594,2.65966796875,978.7900390625,596.9434814453125,-96.08922576904297,1,22.254850387573242,6902.685546875,7152.87109375,-247.09237670898438,-200.01492309570312,-414.371826171875,SN000368420812,Pumba,72513.433,2025-12-19T19:08:33.436Z,1765551353401280900,3D
633.77587890625,13.134033203125,424.9007568359375,1,29.560108184814453,8747.2431640625,7846.9931640625,-361.76129150390625,-277.4006652832031,1085.453857421875,847.587646484375,-67.3701171875,136.10867309570312,1,28.6048526763916,8259.53125,7749.46337890625,-323.70123291015625,-249.9011688232422,434.1865234375,946.235107421875,1317.259765625,157.7789764404297,1,16.468416213989258,5153.556640625,5416.72998046875,-187.24102783203125,-155.07444763183594,-218.379638671875,770.1455078125,903.3035888671875,340.769775390625,1,18.64799690246582,5684.611328125,5348.33837890625,-220.21774291992188,-169.2201690673828,212.6064453125,1028.216064453125,812.099365234375,-50.77686309814453,1,21.41995620727539,6483.23583984375,6294.1767578125,-245.0457763671875,-191.24501037597656,40.51611328125,897.963623046875,1326.2109375,48.39018249511719,1,15.486225128173828,4887.8271484375,4893.45947265625,-178.0005340576172,-140.23475646972656,-193.32275390625,924.0634765625,1314.5667724609375,8.035568237304688,1,16.153430938720703,5190.255859375,5616.0830078125,-182.50302124023438,-153.452880859375,-421.305419921875,784.44384765625,705.6492919921875,233.35179138183594,1,25.061498641967773,8215.01171875,8256.8984375,-309.6700134277344,-249.74615478515625,20.947509765625,844.58837890625,671.3248291015625,84.6832275390625,1,24.858600616455078,7544.9755859375,7589.2119140625,-298.5560302734375,-247.20941162109375,488.947265625,660.72314453125,358.6552734375,320.8326416015625,1,25.969120025634766,8153.11865234375,6848.650390625,-329.857421875,-235.35911560058594,767.953369140625,829.721923828125,293.4267578125,79.38906860351562,1,29.5156192779541,9287.41015625,8322.451171875,-368.3399353027344,-274.58001708984375,629.2802734375,970.8798828125,1169.0426025390625,114.94512939453125,1,16.54861068725586,4903.4365234375,4854.93115234375,-184.37437438964844,-146.30221557617188,-0.7568359375,880.884033203125,1291.87158203125,11.899681091308594,1,16.090211868286133,4969.92626953125,5112.02099609375,-184.6204833984375,-151.233154296875,-76.32568359375,867.45458984375,1129.7943115234375,253.91539001464844,1,16.78915786743164,5301.9638671875,5309.94140625,-192.25160217285156,-151.13754272460938,-237.165771484375,1010.722900390625,1075.614990234375,-16.521766662597656,1,18.98377799987793,5686.5478515625,5634.2841796875,-216.8083038330078,-173.50880432128906,97.611328125,643.44189453125,727.602783203125,375.35772705078125,1,19.558788299560547,6210.71923828125,6121.28125,-232.29432678222656,-182.89959716796875,-43.4970703125,972.363037109375,601.5316162109375,-94.23320770263672,1,22.461366653442383,6925.900390625,7215.310546875,-249.2761688232422,-203.53350830078125,-370.9365234375,SN000368420812,Pumba,72513.533,2025-12-19T19:08:33.556Z,1765551353433792500,3D
635.434814453125,17.760986328125,424.342529296875,1,29.161884307861328,8463.3193359375,7723.669921875,-352.6540222167969,-275.6524658203125,1137.856689453125,849.78515625,-65.431640625,133.42373657226562,1,28.70028305053711,8362.39453125,7808.064453125,-326.2804870605469,-250.0558624267578,391.322265625,947.615478515625,1313.2294921875,156.7095947265625,1,16.560911178588867,5218.388671875,5479.7734375,-188.98626708984375,-156.1089324951172,-241.432373046875,767.907958984375,903.26025390625,339.49420166015625,1,18.795963287353516,5725.78515625,5668.599609375,-218.971435546875,-175.39468383789062,119.9404296875,1023.710205078125,807.8558349609375,-50.47371292114258,1,21.553707122802734,6609.6591796875,6311.59521484375,-248.89065551757812,-190.6298065185547,10.21923828125,899.281494140625,1324.890380859375,48.00187683105469,1,15.531790733337402,4946.505859375,4933.30419921875,-179.1979522705078,-140.1749267578125,-226.845458984375,925.239013671875,1314.3363037109375,7.4386749267578125,1,16.1741943359375,5049.8447265625,5202.54150390625,-185.07427978515625,-150.7782440185547,-160.89599609375,786.094482421875,705.8680419921875,233.32069396972656,1,25.27759552001953,8461.130859375,8199.455078125,-317.9828796386719,-246.824462890625,-10.62890625,841.409423828125,671.4630126953125,83.34632873535156,1,25.17772674560547,7829.34912109375,7503.3974609375,-309.0328063964844,-244.33506774902344,481.383544921875,655.26806640625,362.5718994140625,320.111572265625,1,26.163827896118164,8118.94287109375,7016.6640625,-329.4739074707031,-241.55569458007812,797.90966796875,828.7431640625,294.603515625,80.16505432128906,1,30.04429817199707,9650.4677734375,8532.7265625,-379.4625549316406,-277.74969482421875,544.95361328125,972.2080078125,1166.83154296875,112.3477783203125,1,16.85009002685547,5030.94775390625,4964.66943359375,-189.48760986328125,-150.00381469726562,9.61376953125,882.217041015625,1291.57861328125,10.7901611328125,1,16.08675765991211,5050.4111328125,5170.72265625,-185.2990264892578,-150.07073974609375,-154.247314453125,870.779296875,1126.0802001953125,251.92857360839844,1,17.224735260009766,5483.23388671875,5623.32861328125,-197.9185333251953,-159.14935302734375,-275.539306640625,1008.72998046875,1070.9737548828125,-18.273269653320312,1,19.079681396484375,5781.3349609375,5681.962890625,-219.51914978027344,-173.87730407714844,69.171875,642.752685546875,728.088623046875,377.990234375,1,18.84687042236328,5941.7314453125,5983.984375,-219.20700073242188,-175.062744140625,-141.61474609375,977.7607421875,595.140625,-91.58599853515625,1,22.639606475830078,6987.859375,7144.373046875,-254.23768615722656,-204.67251586914062,-283.85791015625,SN000368420812,Pumba,72513.633,2025-12-19T19:08:33.659Z,1765551353465914000,3D
636.384521484375,15.17333984375,425.19451904296875,1,29.145591735839844,8669.845703125,7816.0625,-355.333984375,-272.0834045410156,968.9892578125,848.29736328125,-67.279541015625,138.59950256347656,1,29.8492431640625,8775.0185546875,8124.009765625,-345.44989013671875,-264.1252746582031,511.82861328125,950.49072265625,1311.728271484375,157.86717224121094,1,16.9791259765625,5313.46337890625,5609.498046875,-194.5752410888672,-162.5309600830078,-174.8037109375,769.39990234375,902.7705078125,339.65570068359375,1,18.349803924560547,5579.82470703125,5226.0263671875,-215.75111389160156,-164.8785400390625,195.311279296875,1023.357177734375,809.66259765625,-52.786041259765625,1,21.762107849121094,6640.5087890625,6389.76953125,-251.352783203125,-194.6114044189453,53.323974609375,896.642822265625,1323.8603515625,51.57987976074219,1,15.530376434326172,4924.86865234375,4975.81494140625,-178.16502380371094,-141.1852569580078,-234.07421875,920.878662109375,1314.413818359375,9.589698791503906,1,15.92526912689209,4871.076171875,5090.05908203125,-179.70957946777344,-149.087646484375,-115.646728515625,786.6689453125,705.9112548828125,233.81846618652344,1,23.975555419921875,7619.287109375,7507.2080078125,-293.14105224609375,-234.48379516601562,216.398681640625,845.023193359375,669.9310302734375,85.03158569335938,1,24.73617935180664,7697.39111328125,7505.97216796875,-300.8262023925781,-240.37142944335938,374.02099609375,659.544677734375,360.7388916015625,321.78021240234375,1,25.830034255981445,8135.6533203125,6862.55126953125,-327.68194580078125,-233.88433837890625,717.6259765625,828.424072265625,292.54150390625,79.07254028320312,1,28.570755004882812,8853.796875,8016.56298828125,-351.2501525878906,-264.3946228027344,603.895263671875,973.856201171875,1166.799072265625,110.56880187988281,1,16.71786880493164,4983.73046875,4936.45166015625,-187.05044555664062,-148.32957458496094,-12.23583984375,878.474365234375,1290.6402587890625,14.667816162109375,1,15.761266708374023,4857.57080078125,5131.427734375,-177.7609405517578,-148.53770446777344,-163.4716796875,873.551513671875,1125.260498046875,251.2946014404297,1,16.97146224975586,5383.998046875,5535.0830078125,-193.48733520507812,-155.61944580078125,-298.561279296875,1015.7646484375,1073.5047607421875,-19.773834228515625,1,19.423755645751953,5872.92041015625,5774.482421875,-224.61575317382812,-178.72613525390625,123.823974609375,642.264892578125,728.50537109375,378.13836669921875,1,18.67877769470215,5713.96728515625,5917.890625,-213.5308074951172,-176.68434143066406,-45.568115234375,973.776123046875,597.387451171875,-94.21914672851562,1,23.88690757751465,7301.4453125,7466.408203125,-272.208984375,-222.0832977294922,-79.441162109375,SN000368420812,Pumba,72513.733,2025-12-19T19:08:33.764Z,1765551353497600300,3D
636.3359375,15.88232421875,420.1802978515625,1,29.41750144958496,8714.3955078125,7837.525390625,-359.3381042480469,-275.6345520019531,1046.128173828125,852.390869140625,-66.088623046875,134.16065979003906,1,27.782188415527344,7810.0078125,7769.99267578125,-304.09906005859375,-247.17730712890625,345.375,950.844482421875,1311.2371826171875,158.08729553222656,1,16.77129364013672,5294.00537109375,5621.1669921875,-191.13858032226562,-159.50941467285156,-264.40966796875,768.5458984375,903.2095947265625,340.82818603515625,1,19.062360763549805,5825.9501953125,5735.44482421875,-223.60305786132812,-178.48561096191406,148.47021484375,1026.831298828125,809.12109375,-50.84672927856445,1,21.799110412597656,6613.1123046875,6393.333984375,-251.38658142089844,-196.04779052734375,88.616455078125,896.72998046875,1324.380126953125,52.31459045410156,1,15.559779167175293,4971.48681640625,5061.140625,-178.4672393798828,-141.94712829589844,-282.228759765625,920.5048828125,1314.53173828125,10.264541625976562,1,16.719985961914062,5178.48828125,5232.4765625,-194.50328063964844,-157.40325927734375,-8.912353515625,787.0703125,705.4609375,233.7166290283203,1,26.598934173583984,8482.134765625,8688.998046875,-329.9076843261719,-275.4871826171875,358.391845703125,842.770263671875,670.201416015625,84.087158203125,1,25.365646362304688,7633.7177734375,8026.2431640625,-301.44317626953125,-259.8302917480469,473.935791015625,656.531494140625,362.5181884765625,322.2884521484375,1,27.301633834838867,8562.599609375,6971.0849609375,-353.6392822265625,-249.49234008789062,1045.25830078125,828.603515625,293.4283447265625,78.65093994140625,1,28.96222496032715,8991.91015625,8260.822265625,-356.01861572265625,-271.22711181640625,589.62158203125,972.563232421875,1165.851806640625,110.52871704101562,1,16.71419334411621,5013.404296875,4914.98974609375,-187.7480926513672,-147.1587677001953,-26.1298828125,877.784423828125,1291.5792236328125,15.563438415527344,1,16.283538818359375,5094.3125,5203.51220703125,-188.39453125,-152.8601531982422,-106.434326171875,871.8603515625,1124.7606201171875,250.6190948486328,1,16.795974731445312,5324.44921875,5388.20263671875,-191.66554260253906,-151.71176147460938,-284.629150390625,1013.493896484375,1072.45947265625,-19.788532257080078,1,19.29755401611328,5807.66455078125,5743.53515625,-221.85031127929688,-177.40733337402344,113.609619140625,641.046875,729.673095703125,379.0135498046875,1,18.826820373535156,5798.7041015625,5958.43408203125,-216.63885498046875,-177.80535888671875,-48.287841796875,976.313720703125,597.85205078125,-93.98503112792969,1,24.24453353881836,7494.66015625,7660.5283203125,-278.58349609375,-226.81820678710938,-109.272216796875,SN000368420812,Pumba,72513.866,2025-12-19T19:08:33.874Z,1765551353529787200,3D
634.114013671875,14.552734375,422.0023193359375,1,28.348369598388672,8342.26953125,7527.74609375,-341.92889404296875,-262.04510498046875,933.429931640625,850.75146484375,-66.171142578125,134.4086151123047,1,28.49338150024414,8153.9140625,7749.408203125,-320.0630798339844,-250.32127380371094,445.40087890625,948.24609375,1313.37109375,160.33168029785156,1,17.16472816467285,5387.373046875,5661.6884765625,-197.60052490234375,-164.40904235839844,-166.733642578125,769.679443359375,903.581298828125,342.24395751953125,1,18.747325897216797,5661,5642.76904296875,-217.4868621826172,-175.80580139160156,151.56201171875,1027.590576171875,810.1690673828125,-49.29780960083008,1,21.64261817932129,6572.953125,6416.3017578125,-248.0610809326172,-194.47824096679688,28.5283203125,896.80029296875,1327.1011962890625,53.2049560546875,1,15.521628379821777,4879.0751953125,4909.41455078125,-178.0675506591797,-141.21090698242188,-180.177978515625,921.443359375,1316.842529296875,11.711044311523438,1,15.787336349487305,4849.71484375,5036.65234375,-178.31321716308594,-146.73709106445312,-135.291748046875,786.469970703125,704.9942626953125,233.8765411376953,1,25.74806785583496,8468.26953125,8420.1826171875,-321.55859375,-257.6106262207031,98.9853515625,841.775634765625,670.78173828125,83.71881103515625,1,25.231971740722656,7815.8720703125,7569.3583984375,-308.750732421875,-246.60641479492188,488.84765625,658.637451171875,360.5506591796875,321.8282470703125,1,25.650785446166992,7986.55419921875,6968.3798828125,-321.14044189453125,-235.91909790039062,686.85888671875,827.149658203125,293.7169189453125,79.35372924804688,1,31.118682861328125,10036.888671875,8739.2021484375,-398.577880859375,-289.67919921875,696.35009765625,970.8583984375,1167.05517578125,113.50379943847656,1,16.654022216796875,4974.79052734375,4895.1376953125,-186.4860382080078,-146.79879760742188,-19.78271484375,878.258056640625,1294.4808349609375,16.030654907226562,1,15.670717239379883,4833.42138671875,5039.7802734375,-177.3798370361328,-146.43096923828125,-145.98828125,869.96240234375,1127.3955078125,253.6250457763672,1,16.551538467407227,5253.08984375,5306.3798828125,-188.12179565429688,-148.17312622070312,-313.05029296875,1015.376220703125,1073.457275390625,-15.681709289550781,1,19.2714900970459,5801.568359375,5697.830078125,-222.01025390625,-176.51409912109375,126.51171875,643.1708984375,728.8477783203125,379.2252197265625,1,18.83526611328125,5833.03515625,5717.31640625,-220.40892028808594,-173.62132263183594,33.8193359375,972.944580078125,600.442626953125,-95.69654846191406,1,23.640050888061523,7241.8369140625,7370.25146484375,-269.18231201171875,-218.20521545410156,-105.400146484375,SN000368420812,Pumba,72513.966,2025-12-19T19:08:33.983Z,1765551353561563300,3D
630.7646484375,13.953125,416.31744384765625,1,29.719528198242188,8816.244140625,7806.07421875,-365.7626953125,-277.9173889160156,1131.970703125,845.072998046875,-64.118896484375,142.17164611816406,1,28.479248046875,8195.9228515625,7741.244140625,-320.872314453125,-249.111328125,419.79736328125,950.62353515625,1311.1851806640625,158.7539825439453,1,16.36445426940918,5178.06884765625,5437.1904296875,-185.91940307617188,-152.8917694091797,-292.748779296875,769.30712890625,903.566650390625,339.79656982421875,1,18.858827590942383,5806.736328125,5458.09619140625,-223.9038848876953,-171.39498901367188,182.412353515625,1034.05126953125,809.4071044921875,-50.13423156738281,1,21.46160125732422,6410.169921875,6395.162109375,-242.8495330810547,-194.98385620117188,58.902099609375,896.565185546875,1323.9412841796875,52.7088623046875,1,14.892409324645996,4530.79248046875,4578.95947265625,-167.2320098876953,-134.07940673828125,-104.76171875,920.7822265625,1315.02490234375,10.618965148925781,1,15.789741516113281,4822.35205078125,4992.8271484375,-178.39430236816406,-146.8010711669922,-98.46875,786.498046875,705.80322265625,233.5356903076172,1,25.752613067626953,8466.1240234375,8332.51953125,-322.6495056152344,-256.42742919921875,137.81640625,841.751220703125,672.044189453125,83.13621520996094,1,25.76112937927246,7976.82763671875,7683.40234375,-317.5057678222656,-253.4106903076172,578.1826171875,657.427978515625,361.469970703125,321.2015380859375,1,25.95842933654785,8145.943359375,6860.9638671875,-329.32867431640625,-235.40809631347656,759.390869140625,823.4951171875,294.8773193359375,79.38215637207031,1,29.993389129638672,9349.515625,8480.291015625,-373.9234619140625,-283.3918762207031,736.84814453125,973.839599609375,1167.2550048828125,111.24856567382812,1,16.51181411743164,4949.259765625,4872.85595703125,-184.49989318847656,-144.84744262695312,-53.764892578125,878.550537109375,1290.960693359375,15.542648315429688,1,15.38917064666748,4429.673828125,4570.61083984375,-171.78607177734375,-144.25912475585938,172.3544921875,870.521728515625,1126.7686767578125,250.1831817626953,1,16.79904556274414,5304.87109375,5317.60009765625,-192.41506958007812,-151.43592834472656,-235.382080078125,1013.642578125,1072.653076171875,-18.83099365234375,1,19.42592430114746,5785.0673828125,5852.3544921875,-221.82327270507812,-181.71835327148438,140.907470703125,642.631103515625,728.9737548828125,377.727294921875,1,19.4305362701416,6162.7197265625,5923.0771484375,-231.90597534179688,-178.6894073486328,3.53564453125,970.5009765625,601.5216064453125,-94.12600708007812,1,22.918621063232422,7083.8369140625,7244.9365234375,-258.454833984375,-208.46051025390625,-263.83203125,SN000368420812,Pumba,72514.1,2025-12-19T19:08:34.100Z,1765551353593614500,3D
621.86474609375,24.390869140625,419.3876953125,1,28.95683479309082,8627.3515625,7752.529296875,-352.91302490234375,-269.1416320800781,941.76025390625,841.73828125,-58.736083984375,137.83294677734375,1,27.775299072265625,7950.4306640625,7597.7041015625,-309.119384765625,-241.64651489257812,336.52294921875,950.745361328125,1312.183349609375,157.4422607421875,1,16.807281494140625,5288.8251953125,5553.02685546875,-192.31829833984375,-159.1686248779297,-218.845947265625,768.5,905.392578125,340.173095703125,1,18.54945182800293,5618.8720703125,5567.69140625,-214.95401000976562,-172.3590850830078,120.180419921875,1034.177978515625,812.46875,-51.17560577392578,1,21.75899314880371,6590.583984375,6316.93115234375,-250.76307678222656,-194.02345275878906,96.115478515625,897.14599609375,1324.324951171875,52.01481628417969,1,15.453441619873047,4879.16162109375,4956.40625,-176.58738708496094,-140.7779998779297,-229.342041015625,920.785888671875,1313.87646484375,10.345855712890625,1,15.62950611114502,4744.06787109375,4946.49169921875,-175.32275390625,-145.2476806640625,-102.592529296875,786.684326171875,709.6312255859375,233.2315216064453,1,25.489383697509766,8447.193359375,8030.47265625,-322.4806823730469,-247.9923095703125,155.83740234375,841.234375,673.4942626953125,84.35052490234375,1,24.748844146728516,7699.322265625,7444.12451171875,-301.7853698730469,-239.61131286621094,403.400634765625,659.984375,366.842041015625,319.28271484375,1,25.568809509277344,7833.623046875,7066.7080078125,-315.8930969238281,-239.522216796875,703.765869140625,825.689453125,298.8006591796875,79.69692993164062,1,30.292604446411133,9515.8232421875,8696.125,-378.6916809082031,-288.04168701171875,687.35693359375,972.5087890625,1166.504150390625,110.75300598144531,1,16.784229278564453,5016.330078125,4965.935546875,-188.1331787109375,-149.03895568847656,-17.019775390625,878.14501953125,1291.3818359375,15.831573486328125,1,15.784378051757812,4850.38818359375,5063.8056640625,-178.86854553222656,-148.21646118164062,-117.813232421875,871.427734375,1125.149169921875,249.18397521972656,1,16.940181732177734,5385.6220703125,5416.56005859375,-194.57318115234375,-153.3217010498047,-264.60302734375,1014.05859375,1073.77734375,-18.859786987304688,1,19.375919342041016,5760.31884765625,5709.31640625,-222.48045349121094,-179.38478088378906,193.560302734375,645.422607421875,730.8275146484375,381.32501220703125,1,19.139678955078125,5992.2978515625,5754.798828125,-226.9015655517578,-175.37261962890625,50.302978515625,976.450439453125,604.513671875,-95.24456024169922,1,23.099037170410156,7079.25341796875,7318.8017578125,-260.0557556152344,-212.90170288085938,-205.07275390625,SN000368420812,Pumba,72514.2,2025-12-19T19:08:34.207Z,1765551353625702400,3D
630.123779296875,21.683837890625,418.47601318359375,1,28.326736450195312,8267.353515625,7860.7333984375,-337.49951171875,-270.08306884765625,879.979736328125,846.34521484375,-62.484375,130.29507446289062,1,28.96874237060547,8370.5390625,7885.3466796875,-329.9344787597656,-256.56298828125,502.18017578125,949.250244140625,1310.49560546875,158.1888427734375,1,16.567609786987305,5238.9912109375,5496.30810546875,-188.9127197265625,-155.548828125,-269.5419921875,768.9736328125,904.498291015625,340.9486083984375,1,18.3989315032959,5581.1494140625,5544.23974609375,-212.62973022460938,-170.52322387695312,90.20361328125,1038.439453125,812.0819091796875,-50.375816345214844,1,22.31899642944336,6872.6015625,6414.3349609375,-262.45867919921875,-198.308349609375,131.86083984375,897.100341796875,1323.559326171875,51.932281494140625,1,15.283493995666504,4842.6376953125,4871.34228515625,-174.66156005859375,-137.52407836914062,-247.597412109375,921.548828125,1313.948486328125,10.435684204101562,1,15.842788696289062,4794.6025390625,5016.1279296875,-178.22808837890625,-148.6002197265625,-69.348388671875,786.6318359375,708.0362548828125,233.6455841064453,1,24.330129623413086,7744.87841796875,7664.3173828125,-298.4349060058594,-239.93016052246094,235.14306640625,842.622314453125,671.8948974609375,85.01466369628906,1,24.62297821044922,7590.5283203125,7413.89892578125,-298.5155944824219,-239.72959899902344,430.763427734375,655.43115234375,366.1134033203125,319.0318603515625,1,26.02056884765625,8154.98876953125,6977.28662109375,-329.1211853027344,-238.2339324951172,741.21044921875,826.86572265625,296.615478515625,79.69120788574219,1,31.602375030517578,10132.732421875,8848.095703125,-405.9178466796875,-297.6204528808594,819.994140625,972.285888671875,1165.8978271484375,110.97676086425781,1,16.715003967285156,4983.7177734375,4950.55908203125,-186.8192138671875,-148.46734619140625,-19.8818359375,879.014404296875,1290.8724365234375,14.93450927734375,1,15.904712677001953,4920.96142578125,5095.09765625,-181.44569396972656,-149.0612335205078,-120.455078125,871.317626953125,1125.0191650390625,249.96229553222656,1,16.68022346496582,5268.875,5321.9482421875,-189.97415161132812,-150.2125244140625,-271.356689453125,1013.0068359375,1073.5167236328125,-19.37828826904297,1,19.260000228881836,5816.2998046875,5789.044921875,-221.05357360839844,-177.38075256347656,76.423095703125,641.23974609375,732.10546875,378.78387451171875,1,18.7122802734375,5890.96337890625,5890.306640625,-217.61337280273438,-172.63238525390625,-131.09228515625,974.02001953125,605.9371337890625,-95.43566131591797,1,23.141191482543945,7271.38427734375,7409.80517578125,-262.9325866699219,-210.21292114257812,-349.423828125,SN000368420812,Pumba,72514.3,2025-12-19T19:08:34.318Z,1765551353657509100,3D
631.110107421875,20.029052734375,419.2218017578125,1,27.37786102294922,8064.96923828125,7316.8974609375,-327.0337829589844,-250.12283325195312,785.6865234375,843.96875,-61.279052734375,135.52597045898438,1,28.638290405273438,8277.009765625,7789.93115234375,-324.43817138671875,-251.2200927734375,436.759765625,946.253173828125,1312.283447265625,159.6027069091797,1,16.407373428344727,5027.103515625,5624.8017578125,-181.2471923828125,-159.8140106201172,-259.23193359375,770.4716796875,903.38427734375,341.8984375,1,18.08249855041504,5441.6357421875,5478.1962890625,-206.54466247558594,-167.4912872314453,62.6015625,1035.536376953125,810.6658935546875,-49.996578216552734,1,22.25107765197754,6780.29248046875,6549.23046875,-257.94024658203125,-201.07705688476562,97.30322265625,894.94189453125,1323.88525390625,52.689208984375,1,15.300938606262207,4772.0439453125,4871.71484375,-173.5377655029297,-139.448974609375,-196.7626953125,919.82958984375,1313.9677734375,11.492118835449219,1,15.937652587890625,4910.6357421875,5127.92578125,-180.29183959960938,-149.0984344482422,-145.71826171875,783.241943359375,708.8638916015625,233.2451934814453,1,24.42125701904297,7776.43115234375,7627.0244140625,-300.6286315917969,-240.06004333496094,268.487060546875,841.37060546875,672.6337890625,85.35041809082031,1,24.863771438598633,7723.1005859375,7486.3203125,-303.1942138671875,-241.52548217773438,420.430908203125,658.6748046875,364.4580078125,319.58697509765625,1,26.61068344116211,8405.115234375,6937.8359375,-342.35748291015625,-241.8095245361328,867.79833984375,825.07568359375,297.1676025390625,78.85023498535156,1,28.933414459228516,8978.966796875,8241.18359375,-355.9163513183594,-271.1146545410156,602.356201171875,970.61328125,1167.1405029296875,113.325439453125,1,16.688568115234375,4981.3701171875,4977.86279296875,-186.08168029785156,-148.48126220703125,-41.39501953125,877.369873046875,1290.670166015625,15.869232177734375,1,15.614604949951172,4758.275390625,4983.9697265625,-175.8250274658203,-146.33676147460938,-103.755126953125,868.210693359375,1126.3282470703125,251.30580139160156,1,16.88048553466797,5369.89111328125,5352.3828125,-194.1663360595703,-151.61663818359375,-258.451171875,1012.3994140625,1072.0308837890625,-15.446441650390625,1,19.750661849975586,5996.7890625,5867.0732421875,-230.06524658203125,-182.50115966796875,149.897216796875,645.2822265625,728.8729248046875,379.28521728515625,1,18.80059051513672,5923.62890625,5886.8916015625,-219.68296813964844,-173.57693481445312,-103.2783203125,974.161865234375,603.8651123046875,-96.91841125488281,1,25.231740951538086,7889.11865234375,7944.650390625,-296.0618896484375,-238.67034912109375,-22.18359375,SN000368420812,Pumba,72514.4,2025-12-19T19:08:34.432Z,1765551353705539500,3D
630.510986328125,21.0224609375,418.9017333984375,1,30.242454528808594,8874.201171875,8021.11767578125,-371.6552734375,-289.0350341796875,1254.90966796875,846.27978515625,-61.78955078125,131.0247802734375,1,28.832368850708008,8180.2626953125,7881.265625,-324.305419921875,-258.3541564941406,553.04736328125,947.65576171875,1311.41162109375,158.83905029296875,1,16.93283462524414,5253.13427734375,5542.048828125,-193.66061401367188,-162.188232421875,-129.8486328125,768.80859375,904.4481201171875,341.30767822265625,1,18.53591537475586,5586.18359375,5556.9560546875,-214.22607421875,-172.6623992919922,136.845703125,1035.486328125,811.7177734375,-51.35917663574219,1,21.93082618713379,6668.99462890625,6473.689453125,-252.59976196289062,-197.36204528808594,59.159912109375,896.107666015625,1324.9827880859375,52.32267761230469,1,15.463448524475098,4848.416015625,4777.67822265625,-178.3647918701172,-139.0468292236328,-132.080322265625,920.71435546875,1315.307373046875,10.921836853027344,1,14.933769226074219,4425.6181640625,4582.4619140625,-164.49267578125,-135.70884704589844,-64.208251953125,784.373779296875,708.412841796875,233.49879455566406,1,25.283016204833984,8520.2294921875,8180.57177734375,-319.58270263671875,-245.4747314453125,-31.359375,841.156982421875,672.3597412109375,85.10725402832031,1,24.65720558166504,7631.83740234375,7450.8837890625,-299.2559509277344,-239.82904052734375,403.763671875,655.838134765625,365.490478515625,319.302490234375,1,24.957027435302734,7761.44140625,6742.56640625,-310.3932189941406,-226.27011108398438,611.5390625,825.64208984375,297.0111083984375,78.21627807617188,1,31.069751739501953,9672.9677734375,8791.0986328125,-390.8394470214844,-298.6826477050781,893.89501953125,971.189697265625,1166.520263671875,111.89076232910156,1,16.563135147094727,4960.80810546875,4900.26171875,-185.081787109375,-145.85792541503906,-48.89013671875,878.015625,1292.46435546875,15.162788391113281,1,16.09967041015625,4892.15283203125,5071.642578125,-183.78451538085938,-152.62469482421875,-6.998779296875,869.77587890625,1125.7803955078125,250.5865936279297,1,16.68838882446289,5297.28759765625,5335.03466796875,-190.63409423828125,-150.09605407714844,-284.949951171875,1011.12158203125,1073.057373046875,-18.262916564941406,1,18.96399688720703,5754.2666015625,5657.7021484375,-217.5487823486328,-171.95858764648438,37.661865234375,642.0009765625,731.4560546875,379.80078125,1,18.64844512939453,5801.701171875,5925.2099609375,-214.60215759277344,-174.1212158203125,-119.51513671875,975.518798828125,604.0301513671875,-95.7174072265625,1,22.826068878173828,6950.2998046875,7145.4951171875,-256.0035095214844,-208.6736297607422,-178.475341796875,SN000368420812,Pumba,72514.533,2025-12-19T19:08:34.549Z,1765551353737770800,3D
630.412353515625,21.421630859375,419.221923828125,1,27.936222076416016,8258.734375,7498.681640625,-335.8422546386719,-257.496826171875,835.870849609375,850.13720703125,-61.06005859375,128.34690856933594,1,28.423303604125977,8036.7548828125,7939.4775390625,-315.2928771972656,-255.6065673828125,433.416259765625,945.638671875,1311.9254150390625,161.3395233154297,1,16.694414138793945,5218.96142578125,5505.1845703125,-190.21170043945312,-158.3780059814453,-201.509521484375,767.68603515625,903.7452392578125,342.06402587890625,1,18.45406150817871,5581.029296875,5501.4794921875,-213.826904296875,-170.73240661621094,130.034912109375,1036.670654296875,812.8006591796875,-49.96305465698242,1,21.56291961669922,6526.49951171875,6292.6123046875,-247.27154541015625,-191.94337463378906,60.35107421875,893.787353515625,1322.294189453125,54.689300537109375,1,15.548213958740234,4924.74951171875,4939.1533203125,-178.96417236328125,-141.08154296875,-207.45263671875,918.53515625,1312.265380859375,13.491676330566406,1,16.67953872680664,5435.0078125,5937.9521484375,-190.29721069335938,-161.39324951171875,-468.3642578125,786.39599609375,707.6912841796875,233.42320251464844,1,25.367488861083984,8435.837890625,8236.65234375,-318.36370849609375,-249.6098175048828,33.53857421875,839.836669921875,673.2821044921875,83.51383972167969,1,25.403833389282227,7879.6884765625,7666.2724609375,-311.2334899902344,-249.6305694580078,491.49267578125,656.48583984375,365.779541015625,320.2066650390625,1,25.297039031982422,7938.0947265625,6849.1474609375,-317.1427001953125,-229.60951232910156,614.808837890625,827.010009765625,298.007568359375,80.06082153320312,1,29.80536651611328,9200.107421875,8408.0751953125,-369.7371826171875,-283.007080078125,784.4921875,970.10498046875,1166.8154296875,114.73916625976562,1,16.729290008544922,4997.337890625,4907.923828125,-187.8382568359375,-147.8125457763672,-3.1064453125,876.32177734375,1288.6934814453125,18.24358367919922,1,16.139755249023438,5035.724609375,5200.3330078125,-185.49549865722656,-151.89892578125,-129.42431640625,868.00048828125,1125.6737060546875,252.52381896972656,1,16.763505935668945,5312.0615234375,5306.1904296875,-192.17396545410156,-150.45315551757812,-252.34033203125,1009.8544921875,1073.60302734375,-15.796607971191406,1,19.112215042114258,5778.15673828125,5671.041015625,-219.91065979003906,-174.18563842773438,86.122802734375,641.62890625,730.3839111328125,380.62847900390625,1,18.57925033569336,5762.47998046875,5842.61328125,-214.1855010986328,-172.95106506347656,-84.412353515625,976.99560546875,605.5284423828125,-95.97777557373047,1,23.227304458618164,7112.998046875,7392.638671875,-261.33453369140625,-215.1403350830078,-204.777099609375,SN000368420812,Pumba,72514.633,2025-12-19T19:08:34.654Z,1765551353769505100,3D
632.067138671875,18.326904296875,424.7593994140625,1,29.167583465576172,8672.09765625,7734.34912109375,-357.1525573730469,-271.7803955078125,1026.4033203125,850.816650390625,-65.895263671875,131.5613250732422,1,27.90856170654297,7870.91796875,7742.6845703125,-307.4969177246094,-247.73150634765625,381.96923828125,947.633056640625,1308.18408203125,157.61843872070312,1,16.421035766601562,5034.01953125,5624.85205078125,-181.74810791015625,-160.1154327392578,-251.27685546875,766.34619140625,905.229248046875,340.90716552734375,1,19.19388771057129,5837.6513671875,5652.4599609375,-226.68170166015625,-179.27305603027344,235.893798828125,1033.698486328125,809.8707275390625,-51.561920166015625,1,22.296958923339844,6737.947265625,6500.66015625,-258.46527099609375,-202.25534057617188,167.524658203125,897.056396484375,1323.38134765625,50.5821533203125,1,15.490884780883789,4883.1650390625,4851.6064453125,-178.4816131591797,-139.7910919189453,-171.562744140625,922.2177734375,1314.565673828125,9.202491760253906,1,15.50651741027832,4713.57373046875,4850.48046875,-174.2732696533203,-142.47364807128906,-99.32763671875,784.649658203125,705.474609375,233.1548309326172,1,26.016355514526367,8752.9189453125,8294.37890625,-332.12353515625,-253.6264190673828,93.9736328125,840.881103515625,669.8394775390625,84.08448791503906,1,24.90386390686035,7719.20068359375,7489.0703125,-303.8243408203125,-242.5775604248047,446.161376953125,655.54833984375,362.2060546875,320.1220703125,1,25.530412673950195,7999.3369140625,6793.54443359375,-322.0431823730469,-231.16954040527344,700.8154296875,827.05126953125,293.611328125,79.71864318847656,1,29.044015884399414,8954.466796875,8395.603515625,-355.114013671875,-275.92352294921875,606.325927734375,971.106689453125,1164.5140380859375,109.97189331054688,1,16.70462989807129,4996.6845703125,4943.7021484375,-187.11973571777344,-148.0262451171875,-26.10986328125,879.523681640625,1291.359375,12.578903198242188,1,16.117904663085938,4989.16455078125,5125.884765625,-185.17210388183594,-151.4360809326172,-82.046142578125,870.10498046875,1125.785400390625,249.9115753173828,1,16.771102905273438,5276.83984375,5340.3759765625,-191.2677459716797,-152.00823974609375,-238.435791015625,1015.01025390625,1072.3555908203125,-19.485626220703125,1,19.243560791015625,5824.6552734375,5695.7626953125,-222.3077850341797,-175.73829650878906,107.547607421875,638.20654296875,732.6395263671875,379.3428955078125,1,18.70098114013672,5767.685546875,5866.6142578125,-215.58657836914062,-175.17881774902344,-44.469970703125,978.510986328125,600.3123779296875,-95.59252166748047,1,23.151386260986328,7216.5859375,7410.7255859375,-262.04217529296875,-211.7035369873047,-310.56591796875,SN000368420812,Pumba,72514.766,2025-12-19T19:08:34.776Z,1765551353801609700,3D
632.2861328125,19.076171875,418.89007568359375,1,28.333900451660156,8328.1416015625,7472.8720703125,-342.50299072265625,-261.7688293457031,970.049560546875,846.88818359375,-63.662109375,131.2161102294922,1,28.78878402709961,8201.3935546875,7745.3916015625,-325.05462646484375,-254.19757080078125,551.579833984375,950.694580078125,1312.1507568359375,157.85491943359375,1,16.56009292602539,5190.5341796875,5467.482421875,-188.24537658691406,-156.1225128173828,-231.199951171875,765.92138671875,905.143798828125,339.00360107421875,1,18.540910720825195,5659.2783203125,5359.001953125,-218.31549072265625,-168.35826110839844,181.15625,1035.7763671875,811.684814453125,-51.051151275634766,1,21.655990600585938,6561.8408203125,6391.3955078125,-247.99551391601562,-194.1672821044922,40.250244140625,897.809814453125,1330.051025390625,52.611663818359375,1,15.386829376220703,4874.310546875,4920.9296875,-176.00660705566406,-139.21084594726562,-242.53369140625,920.988525390625,1319.587158203125,10.570541381835938,1,15.775276184082031,4766.83740234375,4914.923828125,-177.9990234375,-146.5648956298828,-42.29638671875,784.69384765625,706.405029296875,232.46714782714844,1,25.038816452026367,8268.8291015625,8124.126953125,-312.0859375,-246.2264862060547,33.8623046875,842.53369140625,670.870361328125,84.31959533691406,1,24.69002914428711,7614.435546875,7512.77490234375,-298.52813720703125,-241.60589599609375,401.36328125,655.827880859375,363.9244384765625,319.8863525390625,1,25.728782653808594,8070.626953125,6736.119140625,-326.61114501953125,-231.787841796875,763.27197265625,826.659912109375,295.420166015625,79.62928771972656,1,29.93462562561035,9300.73046875,8472.27734375,-372.32159423828125,-283.4429016113281,744.62548828125,969.587890625,1165.783447265625,109.96688842773438,1,16.721515655517578,5053.1328125,4945.18212890625,-188.27012634277344,-146.85504150390625,-58.400146484375,877.161376953125,1299.1024169921875,15.427459716796875,1,16.103839874267578,4964.3720703125,5150.2978515625,-184.18991088867188,-152.11178588867188,-83.661376953125,868.338623046875,1126.2156982421875,249.11390686035156,1,16.847993850708008,5340.93212890625,5386.458984375,-192.8561248779297,-152.3701934814453,-265.751220703125,1013.3154296875,1073.4071044921875,-19.192535400390625,1,19.294424057006836,5811.60595703125,5813.9814453125,-221.02268981933594,-178.3152313232422,81.2646484375,642.65771484375,729.881591796875,378.98077392578125,1,19.380311965942383,6157.9873046875,5839.5908203125,-232.52149963378906,-177.16017150878906,29.806884765625,974.521240234375,604.3812255859375,-95.68684387207031,1,23.196304321289062,7135.70166015625,7415.51318359375,-260.734130859375,-214.0155029296875,-252.97021484375,SN000368420812,Pumba,72514.866,2025-12-19T19:08:34.893Z,1765551353833549600,3D
631.966064453125,19.383056640625,419.18475341796875,1,29.59864044189453,8731.28515625,7931.3203125,-361.3828125,-280.2218322753906,1092.779296875,846.7978515625,-63.53759765625,131.07473754882812,1,28.668262481689453,8334.2578125,7837.2373046875,-325.2375793457031,-250.95599365234375,391.83544921875,950.766845703125,1312.036865234375,157.54649353027344,1,16.69809913635254,5281.4736328125,5521.3056640625,-191.14356994628906,-157.09107971191406,-248.6103515625,765.782958984375,905.350341796875,339.05535888671875,1,18.293853759765625,5551.259765625,5486.9462890625,-211.47315979003906,-168.75527954101562,89.154296875,1035.27099609375,811.4339599609375,-50.989097595214844,1,22.37262535095215,6835.63623046875,6420.658203125,-262.2786865234375,-200.01095581054688,172.027587890625,897.83935546875,1329.36669921875,52.25433349609375,1,15.4122314453125,4881.90478515625,4953.2255859375,-176.27349853515625,-140.161376953125,-243.180419921875,921.04296875,1318.80615234375,10.262046813964844,1,15.55974006652832,4780.251953125,5063.0048828125,-173.8063507080078,-145.1715850830078,-198.00732421875,784.64501953125,706.4227294921875,232.4685516357422,1,24.573162078857422,7782.494140625,7651.2958984375,-302.5004577636719,-242.8428955078125,322.953857421875,842.4638671875,670.8695068359375,84.3505859375,1,25.572349548339844,7887.4990234375,7834.251953125,-311.4562683105469,-254.61024475097656,489.1435546875,655.637939453125,364.101318359375,320.00177001953125,1,26.508773803710938,8303.134765625,7003.89794921875,-338.16864013671875,-243.3665771484375,856.216552734375,826.573486328125,295.49072265625,79.58827209472656,1,31.154590606689453,9742.88671875,8761.33203125,-393.4624328613281,-297.7733154296875,893.609375,969.788818359375,1165.595703125,109.9591064453125,1,16.60689353942871,4948.4921875,4911.791015625,-185.29483032226562,-147.050048828125,-26.4638671875,877.283447265625,1298.218505859375,15.199676513671875,1,15.936516761779785,4951.9033203125,5135.81640625,-182.240966796875,-149.82839965820312,-132.72900390625,868.540771484375,1126.18212890625,249.1038055419922,1,16.80270767211914,5331.58984375,5371.8779296875,-192.34689331054688,-151.7335968017578,-270.9814453125,1013.369140625,1073.1591796875,-19.174179077148438,1,19.412343978881836,5846.73828125,5750.396484375,-224.13906860351562,-178.6345977783203,140.7041015625,642.062255859375,730.4273681640625,378.88592529296875,1,18.980052947998047,5908.57763671875,5966.89208984375,-220.6706085205078,-177.93016052246094,-51.7529296875,973.338623046875,604.37548828125,-95.62469482421875,1,22.864126205444336,7089.806640625,7280.53271484375,-257.50238037109375,-208.06573486328125,-302.85546875,SN000368420812,Pumba,72515,2025-12-19T19:08:35.002Z,1765551353865505500,3D
633.027587890625,19.314208984375,419.3043212890625,1,28.272424697875977,8403.609375,7571.6328125,-341.9835205078125,-260.55584716796875,858.667236328125,843.28857421875,-61.880859375,135.15936279296875,1,27.59735107421875,7868.28515625,7574.41845703125,-305.43438720703125,-240.20462036132812,316.88818359375,947.955810546875,1309.525634765625,158.23223876953125,1,16.298385620117188,5001.0751953125,5575.6318359375,-179.8936767578125,-157.8642578125,-271.6142578125,771.548583984375,902.944091796875,340.267333984375,1,18.37875747680664,5580.9677734375,5601.345703125,-211.79025268554688,-171.20730590820312,62.597412109375,1035.891845703125,810.7757568359375,-51.264827728271484,1,21.765005111694336,6572.1220703125,6416.3486328125,-249.31674194335938,-196.0857391357422,71.212158203125,895.991943359375,1323.6624755859375,51.95033264160156,1,15.121517181396484,4586.3408203125,4612.732421875,-170.94403076171875,-137.1206817626953,-51.04541015625,920.66357421875,1314.8551025390625,10.376701354980469,1,15.957852363586426,4867.4306640625,5013.83642578125,-181.30276489257812,-148.9463653564453,-58.32568359375,782.37109375,708.531005859375,232.2018585205078,1,25.494550704956055,8464.1337890625,8202.43359375,-320.9073791503906,-250.42201232910156,82.546142578125,840.914794921875,672.1787109375,84.51361083984375,1,25.03583526611328,7777.8525390625,7465.9111328125,-306.7239685058594,-242.74200439453125,469.10546875,659.5048828125,364.032958984375,320.4737548828125,1,25.13802146911621,7800.904296875,6751.17041015625,-313.58270263671875,-228.65538024902344,667.995361328125,824.96875,296.7041015625,79.34443664550781,1,30.887012481689453,9712.7685546875,8686.265625,-390.2579345703125,-292.9248046875,824.98095703125,971.7802734375,1166.058837890625,110.583251953125,1,16.66179847717285,4967.2392578125,4895.2763671875,-186.56100463867188,-147.25099182128906,-7.88818359375,878.296630859375,1291.3350830078125,14.411666870117188,1,16.13496971130371,5062.7236328125,5183.0751953125,-186.35903930664062,-151.18722534179688,-134.510009765625,870.53564453125,1125.30078125,249.63975524902344,1,17.30282211303711,5506.517578125,5713.931640625,-198.1361083984375,-161.06114196777344,-297.36279296875,1013.47705078125,1072.4393310546875,-18.701705932617188,1,19.257213592529297,5761.55322265625,5700.90576171875,-221.0616455078125,-177.30279541015625,144.994140625,642.672119140625,730.6737060546875,375.35784912109375,1,18.992393493652344,6029.9765625,5998.35546875,-222.78610229492188,-175.81692504882812,-133.109375,975.325439453125,603.470947265625,-96.92171478271484,1,23.006004333496094,7019.34423828125,7313.916015625,-257.72344970703125,-212.6582794189453,-207.62109375,SN000368420812,Pumba,72515.1,2025-12-19T19:08:35.124Z,1765551353897649100,3D
632.598876953125,20.99365234375,421.7205810546875,1,29.102996826171875,8606.7421875,7732.49169921875,-354.82525634765625,-271.89068603515625,1030.837646484375,851.125244140625,-63.56005859375,132.8987274169922,1,29.113555908203125,8508.6416015625,7989.65576171875,-332.92498779296875,-256.95526123046875,429.0126953125,951.156494140625,1309.32275390625,158.02023315429688,1,16.57355308532715,5265.4921875,5483.1142578125,-189.67591857910156,-154.85821533203125,-277.31396484375,768.7333984375,904.18701171875,338.41302490234375,1,18.46366310119629,5648.037109375,5297.908203125,-217.50149536132812,-166.0276641845703,168.2333984375,1027.774658203125,809.366455078125,-51.8306884765625,1,21.940654754638672,6669.5712890625,6342.75146484375,-254.31263732910156,-195.5213165283203,115.21044921875,897.00634765625,1323.523193359375,52.69215393066406,1,14.711259841918945,4469.57177734375,4483.76904296875,-164.75021362304688,-130.986328125,-110.624755859375,920.823486328125,1314.597412109375,10.583488464355469,1,15.559897422790527,4772.8681640625,4949.95947265625,-174.89805603027344,-143.46975708007812,-152.599853515625,786.544189453125,707.4305419921875,233.76490783691406,1,24.007070541381836,7674.5283203125,7570.3056640625,-294.12847900390625,-235.0246124267578,180.173828125,842.9306640625,671.2808837890625,84.98908996582031,1,25.07061767578125,7748.3212890625,7627.4052734375,-304.811279296875,-246.61521911621094,442.546630859375,653.774658203125,365.515380859375,319.50994873046875,1,24.94248390197754,7832.1640625,6632.88671875,-312.79278564453125,-222.63291931152344,602.83447265625,827.185302734375,295.3878173828125,78.90916442871094,1,28.941728591918945,8846.2578125,8349.205078125,-352.3409423828125,-276.1459655761719,649.42041015625,973.268310546875,1165.6229248046875,109.55848693847656,1,16.675203323364258,4979.0107421875,4899.03369140625,-186.84190368652344,-147.1620330810547,-13.2587890625,878.4345703125,1291.1748046875,15.513809204101562,1,16.22275161743164,5103.4521484375,5228.07861328125,-187.49148559570312,-152.04542541503906,-147.768798828125,874.079833984375,1124.986328125,250.3442840576172,1,17.33837127685547,5551.5478515625,5717.015625,-199.30189514160156,-160.4938507080078,-314.897216796875,1014.97998046875,1072.050048828125,-19.86077880859375,1,19.309619903564453,5827.10595703125,5697.4853515625,-222.9995880126953,-176.53857421875,127.437744140625,641.427734375,731.1890869140625,377.00823974609375,1,18.74371910095215,5772.0537109375,5672.556640625,-218.55538940429688,-172.82249450683594,48.477294921875,973.345947265625,599.2354736328125,-93.30728912353516,1,22.671707153320312,7077.32861328125,7290.63671875,-254.5054168701172,-205.21754455566406,-386.6064453125,SN000368420812,Pumba,72515.233,2025-12-19T19:08:35.240Z,1765551353929968900,3D
632.1640625,20.107421875,418.53350830078125,1,28.275503158569336,8287.142578125,7571.828125,-339.8637390136719,-263.3872985839844,933.72265625,848.35595703125,-62.3017578125,134.6487274169922,1,28.99929428100586,8512.462890625,7942.8984375,-331.4212646484375,-253.48959350585938,374.466796875,951.437255859375,1307.193115234375,161.8526153564453,1,16.452571868896484,5213.6455078125,5442.865234375,-187.44210815429688,-153.29209899902344,-286.64794921875,768.371826171875,904.8072509765625,339.497802734375,1,18.596050262451172,5696.9638671875,5333.078125,-219.9302520751953,-167.8208465576172,187.66748046875,1021.99462890625,808.18310546875,-52.19525909423828,1,21.846328735351562,6622.0732421875,6342.75830078125,-252.5425262451172,-195.54345703125,115.770751953125,897.7177734375,1323.4403076171875,56.63285827636719,1,15.0062894821167,4580.91796875,4587.4375,-169.4656219482422,-134.76780700683594,-93.263427734375,921.843994140625,1315.805419921875,14.460334777832031,1,15.700650215148926,4830.375,5014.4853515625,-177.05471801757812,-145.4064178466797,-152.87158203125,786.534423828125,707.189697265625,233.5644073486328,1,25.411426544189453,8381.6845703125,8121.2060546875,-319.177001953125,-249.6848907470703,128.072509765625,839.257080078125,672.4404296875,83.16419982910156,1,24.921878814697266,7702.451171875,7555.7373046875,-302.6966247558594,-243.96908569335938,429.705810546875,653.6572265625,365.6263427734375,320.13580322265625,1,26.2972412109375,8280.857421875,6913.5205078125,-336.21160888671875,-239.24411010742188,819.134521484375,825.495849609375,296.5257568359375,79.9951171875,1,30.20628547668457,9380.55859375,8651.326171875,-375.34613037109375,-288.86932373046875,745.25927734375,974.059814453125,1165.4464111328125,111.42478942871094,1,16.76408576965332,5003.6455078125,4915.6005859375,-188.20565795898438,-148.20645141601562,1.21142578125,879.683837890625,1291.8424072265625,18.572982788085938,1,16.40754508972168,5233.0634765625,5253.875,-192.06141662597656,-152.4378204345703,-158.02001953125,872.103759765625,1125.880615234375,250.39405822753906,1,16.857467651367188,5333.71630859375,5387.6513671875,-192.63279724121094,-152.4667205810547,-264.131103515625,1011.331787109375,1070.74853515625,-19.033164978027344,1,19.199254989624023,5724.1494140625,5636.37841796875,-220.2505340576172,-176.1007843017578,164.790771484375,642.900634765625,730.6859130859375,378.7408447265625,1,20.430347442626953,6458.1103515625,6141.265625,-248.27499389648438,-191.8213653564453,177.478515625,977.15478515625,595.7471923828125,-93.11368560791016,1,23.788562774658203,7311.751953125,7487.05078125,-271.2886962890625,-221.0732879638672,-122.84228515625,SN000368420812,Pumba,72515.333,2025-12-19T19:08:35.350Z,1765551353961495500,3D
625.895751953125,19.529541015625,415.59326171875,1,28.071964263916016,8319.8212890625,7640.525390625,-336.9356689453125,-260.27191162109375,795.906005859375,849.5732421875,-62.196044921875,127.98866271972656,1,28.698463439941406,8297.935546875,7926.72900390625,-323.83770751953125,-253.61582946777344,390.763916015625,951.5146484375,1312.918701171875,156.6975860595703,1,16.511980056762695,5172.72119140625,5491.58203125,-186.78399658203125,-155.86322021484375,-257.390869140625,766.875244140625,905.287841796875,338.4361572265625,1,18.451580047607422,5604.0927734375,5601.982421875,-213.0485076904297,-171.7104034423828,75.459228515625,1017.6962890625,811.036865234375,-52.65478515625,1,21.45742416381836,6497.322265625,6313.3359375,-245.64451599121094,-191.908447265625,42.778564453125,896.846923828125,1325.782470703125,51.61152648925781,1,14.74515151977539,4452.75927734375,4520.2236328125,-164.36109924316406,-132.3905487060547,-102.537109375,919.901611328125,1314.845947265625,9.614845275878906,1,15.736087799072266,4811.9892578125,5055.4814453125,-176.67544555664062,-147.03378295898438,-142.5009765625,784.96875,708.16064453125,233.62037658691406,1,24.37261962890625,7801.46875,7583.041015625,-300.9571838378906,-237.9668731689453,248.138916015625,838.9794921875,672.742431640625,83.98301696777344,1,24.73502540588379,7706.619140625,7468.140625,-301.59393310546875,-239.75424194335938,387.938232421875,657.726318359375,365.1385498046875,321.50897216796875,1,25.171972274780273,7897.22216796875,6658.48779296875,-317.1385192871094,-225.77117919921875,665.654541015625,825.07763671875,297.15673828125,79.91583251953125,1,29.144411087036133,9019.0341796875,8248.283203125,-359.4638671875,-273.87286376953125,669.930908203125,971.370361328125,1166.2767333984375,110.15382385253906,1,16.70987319946289,5002.79150390625,4918.87646484375,-187.38510131835938,-147.32168579101562,-24.9140625,876.8642578125,1293.021240234375,15.625785827636719,1,16.01301383972168,4987.1552734375,5190.76953125,-182.92283630371094,-150.6819610595703,-154.081298828125,871.519287109375,1126.0450439453125,250.2544708251953,1,16.761606216430664,5295.90869140625,5338.74609375,-191.3549041748047,-151.17237854003906,-259.323486328125,1015.32421875,1073.4766845703125,-18.65021514892578,1,19.254730224609375,5798.8759765625,5676.1572265625,-222.03530883789062,-176.01780700683594,130.69677734375,643.369140625,730.0186767578125,377.7880859375,1,18.72591781616211,5822.3583984375,5908.0078125,-216.4029998779297,-174.87850952148438,-85.62158203125,974.32666015625,598.3197021484375,-92.68940734863281,1,23.03822898864746,7041.1083984375,7318.5361328125,-257.8903503417969,-211.9844512939453,-229.18701171875,SN000368420812,Pumba,72515.433,2025-12-19T19:08:35.459Z,1765551353993581200,3D
631.764404296875,19.069580078125,418.473876953125,1,30.585311889648438,8975.328125,7981.259765625,-378.895263671875,-292.1153259277344,1368.66162109375,850.1044921875,-62.080810546875,129.25164794921875,1,28.2862606048584,8107.4873046875,7669.5986328125,-317.827392578125,-247.30380249023438,429.1884765625,947.6376953125,1310.4287109375,160.12197875976562,1,15.997817993164062,4906.486328125,5442.3447265625,-175.73248291015625,-153.09356689453125,-291.5107421875,767.0234375,905.326904296875,338.8726806640625,1,18.853702545166016,5684.7578125,5624.4580078125,-219.72235107421875,-176.9263916015625,195.9951171875,1028.797119140625,809.3416748046875,-51.035308837890625,1,21.632661819458008,6667.611328125,6352.91015625,-251.05145263671875,-191.84974670410156,9.47998046875,895.494384765625,1324.475341796875,53.817535400390625,1,15.332880020141602,4908.3818359375,4903.83740234375,-176.22030639648438,-137.361328125,-277.96875,920.21044921875,1315.8800048828125,12.182960510253906,1,15.258797645568848,4599.58544921875,4791.81982421875,-169.5808563232422,-140.2030029296875,-112.62890625,784.827392578125,708.6025390625,233.2649383544922,1,25.138307571411133,8344.791015625,8230.7548828125,-313.63763427734375,-247.811767578125,-9.493896484375,839.563232421875,673.37646484375,83.72248840332031,1,24.671463012695312,7655.068359375,7465.236328125,-299.8396911621094,-239.89913940429688,394.114501953125,660.1201171875,364.5765380859375,321.979248046875,1,27.24710464477539,8736.9541015625,7113.796875,-354.75872802734375,-247.0054473876953,864.797607421875,827.22265625,297.4715576171875,79.98182678222656,1,29.954608917236328,9423.3037109375,8425.20703125,-375.7501525878906,-280.5428161621094,705.298828125,971.664306640625,1167.193115234375,111.80203247070312,1,16.578338623046875,4978.1474609375,4901.001953125,-185.54208374023438,-145.6402130126953,-55.262939453125,877.949462890625,1292.09326171875,16.201141357421875,1,16.106536865234375,5017.361328125,5189.1552734375,-184.9060821533203,-151.6886749267578,-126.053955078125,869.711181640625,1127.150390625,250.5352325439453,1,16.887454986572266,5345.0078125,5383.6142578125,-193.4390411376953,-152.8202667236328,-251.5126953125,1009.364501953125,1071.3822021484375,-18.001747131347656,1,18.996461868286133,5705.0390625,5640.59765625,-217.18206787109375,-173.2972412109375,86.9345703125,642.554931640625,730.2503662109375,376.8656005859375,1,18.86691665649414,5872.625,5834.142578125,-220.0711669921875,-174.8655242919922,-26.7607421875,972.62646484375,600.23681640625,-94.8532485961914,1,22.90252685546875,7129.4814453125,7347.69482421875,-257.676025390625,-208.4457550048828,-346.57470703125,SN000368420812,Pumba,72515.566,2025-12-19T19:08:35.567Z,1765551354025391000,3D
632.830078125,19.125732421875,418.12255859375,1,29.177143096923828,8548.806640625,7807.6201171875,-353.87799072265625,-275.6967468261719,1071.71923828125,848.137451171875,-62.39208984375,129.30641174316406,1,28.958251953125,8333.734375,7855.0146484375,-328.73565673828125,-255.8816680908203,508.43798828125,948.826416015625,1311.688720703125,157.44117736816406,1,16.922405242919922,5357.1591796875,5727.1474609375,-193.1236114501953,-162.21742248535156,-277.4228515625,766.422607421875,904.5931396484375,339.23541259765625,1,18.77377700805664,5704.494140625,5699.79296875,-218.1153106689453,-176.26747131347656,118.111328125,1031.396484375,808.9832763671875,-50.41302490234375,1,21.770057678222656,6606.44140625,6344.30078125,-251.15907287597656,-194.59815979003906,89.428466796875,894.54443359375,1325.94921875,52.3572998046875,1,15.145344734191895,4670.22509765625,4665.05859375,-172.14266967773438,-136.25511169433594,-115.972900390625,917.91455078125,1316.05322265625,10.286415100097656,1,15.681283950805664,4808.63525390625,5000.52197265625,-176.620361328125,-145.46421813964844,-140.14892578125,785.818359375,707.3314208984375,233.4323272705078,1,24.502708435058594,7783.3935546875,7709.16162109375,-300.9609069824219,-242.625732421875,270.80078125,840.3154296875,672.3114013671875,83.906494140625,1,25.009553909301758,7773.482421875,7587.2021484375,-305.0808410644531,-244.55657958984375,420.076904296875,658.384765625,364.478515625,321.44244384765625,1,27.039440155029297,8499.919921875,7065.033203125,-347.97491455078125,-248.20362854003906,935.71826171875,825.6572265625,296.817626953125,79.65153503417969,1,31.012409210205078,9730.490234375,8646.826171875,-392.7888488769531,-294.0601501464844,886.74658203125,970.045166015625,1166.4649658203125,109.90440368652344,1,16.597639083862305,4978.521484375,4877.5654296875,-186.1055908203125,-145.61859130859375,-37.054443359375,875.09130859375,1293.6678466796875,15.667106628417969,1,16.06886100769043,5036,5205.35546875,-184.4876251220703,-150.7800750732422,-163.170166015625,869.456298828125,1125.364990234375,249.33497619628906,1,16.83832550048828,5323.5908203125,5324.0185546875,-193.21902465820312,-151.7533416748047,-232.094482421875,1009.81201171875,1070.8193359375,-18.94818115234375,1,19.263153076171875,5756.123046875,5655.583984375,-221.706787109375,-176.9951629638672,173.141845703125,643.045166015625,729.4951171875,379.54534912109375,1,18.755460739135742,5888.9580078125,5902.99267578125,-218.11276245117188,-173.73226928710938,-112.05029296875,970.26220703125,601.6378173828125,-94.98690795898438,1,22.339113235473633,6813.396484375,7143.5146484375,-246.90069580078125,-203.68698120117188,-309.34521484375,SN000368420812,Pumba,72515.666,2025-12-19T19:08:35.696Z,1765551354057604600,3D
638.620361328125,17.216552734375,416.57464599609375,1,29.134716033935547,8620.6279296875,7927.5048828125,-353.15545654296875,-275.0392761230469,958.17138671875,852.195068359375,-64.09326171875,129.46408081054688,1,28.328758239746094,8149.73046875,7763.65380859375,-318.1338195800781,-248.53985595703125,386.632080078125,949.05859375,1310.267578125,157.4700164794922,1,16.69137954711914,5236.01904296875,5569.3759765625,-189.67962646484375,-158.8498992919922,-240.422119140625,768.2294921875,904.724853515625,340.47943115234375,1,18.790332794189453,5797.1201171875,5400.15234375,-223.7018585205078,-169.84600830078125,187.696044921875,1030.71240234375,808.167724609375,-51.23497009277344,1,21.57525634765625,6557.86376953125,6400.68701171875,-246.81922912597656,-193.1667022705078,6.218994140625,901.363037109375,1328.2161865234375,49.588409423828125,1,15.083263397216797,4621.29541015625,4731.49853515625,-169.6795654296875,-137.48475646972656,-136.56591796875,927.090087890625,1318.958740234375,8.676773071289062,1,16.658811569213867,5162.03466796875,5421.6357421875,-191.26393127441406,-159.8417510986328,-95.75927734375,786.876708984375,706.5172119140625,233.7854461669922,1,24.299531936645508,7753.6904296875,7585.77392578125,-299.0954284667969,-237.9705352783203,246.044189453125,839.1787109375,671.77978515625,83.14535522460938,1,25.316452026367188,7864.76953125,7631.60791015625,-310.255126953125,-248.06459045410156,477.677001953125,656.525146484375,364.091796875,321.61871337890625,1,25.44322967529297,7991.5068359375,6780.849609375,-320.73101806640625,-229.517333984375,667.111572265625,827.799072265625,295.5921630859375,80.13774108886719,1,30.298904418945312,9437.736328125,8665.447265625,-377.6396179199219,-289.4711608886719,749.91650390625,971.404296875,1165.769287109375,109.8177490234375,1,16.70638656616211,5057.57568359375,4943.27978515625,-188.29278564453125,-146.6170654296875,-63.20361328125,883.5888671875,1297.193603515625,10.900909423828125,1,16.002182006835938,5008.5859375,5188.736328125,-183.4500732421875,-150.2715301513672,-163.36865234375,870.829345703125,1125.8360595703125,249.78590393066406,1,16.791271209716797,5356.7021484375,5350.845703125,-192.84454345703125,-150.54046630859375,-285.8125,1008.2255859375,1070.4205322265625,-20.518943786621094,1,19.239479064941406,5871.8486328125,5807.685546875,-221.69058227539062,-176.12879943847656,28.220458984375,640.867919921875,731.7822265625,379.46319580078125,1,19.107967376708984,6004.080078125,6090.9228515625,-222.63478088378906,-179.6375732421875,-105.807373046875,967.536376953125,600.8072509765625,-94.52703094482422,1,22.895673751831055,6972.94384765625,7218.677734375,-256.5849914550781,-210.54359436035156,-187.464599609375,SN000368420812,Pumba,72515.833,2025-12-19T19:08:35.843Z,1765551354105670400,3D
633.30859375,19.674072265625,423.86572265625,1,28.303104400634766,8244.0859375,7556.9482421875,-339.06072998046875,-263.95941162109375,960.880126953125,847.82568359375,-63.22998046875,132.6051483154297,1,28.747798919677734,8166.74462890625,7920.0361328125,-321.7562561035156,-256.979248046875,485.493408203125,950.696044921875,1309.957763671875,157.47975158691406,1,15.876947402954102,4876.2265625,5485.1923828125,-173.05191040039062,-152.46319580078125,-342.5986328125,768.194580078125,905.8768310546875,340.7991943359375,1,19.027360916137695,5757.03076171875,5657.51806640625,-222.90481567382812,-178.50009155273438,211.305908203125,1035.022216796875,806.314208984375,-50.6049690246582,1,21.610681533813477,6581.080078125,6341.830078125,-248.4418182373047,-192.32479858398438,31.028564453125,895.94482421875,1324.0670166015625,52.34423828125,1,15.204593658447266,4610.82568359375,4639.98681640625,-172.00811767578125,-138.12083435058594,-46.311767578125,919.630615234375,1315.32470703125,10.078086853027344,1,15.63649845123291,4711.40966796875,4957.62451171875,-174.54258728027344,-146.14430236816406,-87.690185546875,783.447998046875,708.958984375,233.18809509277344,1,23.64992332458496,7632.13671875,7505.91015625,-289.0597839355469,-228.74900817871094,65.103515625,838.7900390625,672.631103515625,83.92393493652344,1,24.702903747558594,7647.0380859375,7458.8125,-300.13543701171875,-240.45150756835938,413.939208984375,659.447509765625,364.0133056640625,321.1937255859375,1,25.188766479492188,7853.623046875,6774.2412109375,-314.9186706542969,-228.54226684570312,646.50146484375,826.10400390625,296.302001953125,79.65087890625,1,28.819290161132812,9169.533203125,8144.1298828125,-359.05548095703125,-263.15216064453125,468.63916015625,972.391357421875,1166.578857421875,108.67527770996094,1,16.53193473815918,4970.46484375,4892.81005859375,-184.8612060546875,-144.90438842773438,-68.24169921875,877.35107421875,1291.660400390625,15.169105529785156,1,16.253171920776367,5067.1884765625,5247.751953125,-186.95664978027344,-153.6750030517578,-120.248046875,871.491943359375,1126.19775390625,248.5995330810547,1,16.620281219482422,5243.689453125,5277.15869140625,-189.2938232421875,-149.1951904296875,-262.485595703125,1012.664306640625,1068.5997314453125,-18.904212951660156,1,19.184146881103516,5755.7626953125,5772.4921875,-219.2592010498047,-177.48568725585938,92.46728515625,638.655029296875,734.6336669921875,380.731201171875,1,18.78289794921875,5837.0458984375,5877.4697265625,-217.93612670898438,-175.1798858642578,-53.14697265625,970.962646484375,599.6251220703125,-96.32701110839844,1,22.60186767578125,6977.5517578125,7222.2265625,-252.84228515625,-205.76441955566406,-317.26806640625,SN000368420812,Pumba,72515.933,2025-12-19T19:08:35.964Z,1765551354138019700,3D
631.651611328125,19.109619140625,421.72607421875,1,28.696815490722656,8443.001953125,7663.197265625,-347.176025390625,-267.9468994140625,981.6171875,847.554931640625,-63.82080078125,129.53904724121094,1,28.01296615600586,7814.7998046875,7727.70458984375,-308.03656005859375,-250.5885772705078,469.8681640625,947.458251953125,1311.08837890625,157.826416015625,1,16.529918670654297,5256.78271484375,5548.3466796875,-188.04660034179688,-155.2028350830078,-320.4384765625,767.82958984375,906.3492431640625,340.3695068359375,1,18.741960525512695,5656.1865234375,5641.53369140625,-217.45176696777344,-175.95074462890625,156.394287109375,1026.17138671875,810.5921630859375,-51.98952865600586,1,21.311607360839844,6488.67724609375,6232.5478515625,-243.7384490966797,-187.4997100830078,-9.533935546875,894.131103515625,1324.385009765625,51.82318115234375,1,15.017704010009766,4524.14306640625,4577.56298828125,-168.72735595703125,-136.21533203125,-46.900634765625,918.48291015625,1315.59521484375,9.932960510253906,1,16.124422073364258,4961.0966796875,5198.53662109375,-182.99008178710938,-152.2251739501953,-119.2626953125,785.964111328125,707.7828369140625,233.1517791748047,1,25.110759735107422,8255.990234375,8205.658203125,-312.011474609375,-249.19630432128906,47.39306640625,840.76806640625,672.6357421875,83.3631591796875,1,24.744976043701172,7624.3818359375,7481.05712890625,-300.0524597167969,-242.083251953125,439.451416015625,658.066162109375,364.3128662109375,321.749267578125,1,25.28413963317871,7854.07177734375,6847.97314453125,-315.1429443359375,-231.02589416503906,653.389404296875,825.93701171875,296.2835693359375,79.91885375976562,1,29.5092716217041,9300.3193359375,8261.81640625,-369.3946228027344,-273.4598693847656,648.1142578125,970.931640625,1167.511962890625,109.72305297851562,1,16.639719009399414,4970.15625,4895.5458984375,-186.24070739746094,-146.7226104736328,-22.13525390625,876.269287109375,1291.6875,14.525360107421875,1,16.16162872314453,5102.2861328125,5284.61181640625,-186.02061462402344,-151.9707489013672,-195.066650390625,870.543701171875,1127.7740478515625,249.99940490722656,1,16.938064575195312,5336.8740234375,5390.1865234375,-193.88778686523438,-153.9605255126953,-226.49169921875,1012.029541015625,1073.47412109375,-19.950611114501953,1,18.997304916381836,5725.42578125,5653.46484375,-217.36268615722656,-172.95335388183594,67.490966796875,642.24853515625,732.1387939453125,380.40765380859375,1,18.900142669677734,5968.7685546875,5787.3017578125,-223.26409912109375,-172.91966247558594,-40.92919921875,974.433837890625,599.75439453125,-94.52549743652344,1,22.695791244506836,6943.07861328125,7213.357421875,-253.30430603027344,-207.6927490234375,-258.92138671875,SN000368420812,Pumba,72516.066,2025-12-19T19:08:36.084Z,1765551354171309800,3D
633.62158203125,19.0849609375,418.071533203125,1,29.22687530517578,8599.7265625,7717.8662109375,-356.5834045410156,-273.97247314453125,1097.85498046875,848.53564453125,-62.30029296875,131.2447967529297,1,28.676048278808594,8235.5615234375,7740.3134765625,-324.60516357421875,-251.87826538085938,494.021728515625,949.432373046875,1314.161376953125,155.95155334472656,1,16.908246994018555,5386.427734375,5615.794921875,-194.86557006835938,-159.65621948242188,-256.210693359375,766.55126953125,904.24951171875,339.80645751953125,1,18.588153839111328,5600.669921875,5615.87109375,-214.70838928222656,-174.361083984375,134.73388671875,1022.07421875,809.4085693359375,-52.40620803833008,1,21.746318817138672,6658.888671875,6372.26806640625,-251.68927001953125,-193.6399383544922,41.547119140625,898.39208984375,1326.990234375,48.879852294921875,1,15.591845512390137,5009.09521484375,4930.0859375,-181.30055236816406,-139.76123046875,-235.2607421875,922.97021484375,1316.13916015625,7.657463073730469,1,15.295646667480469,4642.28369140625,4782.76123046875,-171.06381225585938,-139.77432250976562,-116.760986328125,786.06298828125,708.1705322265625,233.51792907714844,1,25.256298065185547,8334.794921875,8129.3876953125,-316.1789855957031,-248.39353942871094,87.209716796875,839.196533203125,673.0411376953125,83.26913452148438,1,24.976314544677734,7777.1044921875,7537.6650390625,-305.2144470214844,-243.05856323242188,419.9951171875,657.5,365.05908203125,321.2294921875,1,25.127710342407227,7859.001953125,6735.958984375,-314.5984191894531,-226.7350616455078,629.183837890625,824.0966796875,297.010986328125,79.40866088867188,1,31.492305755615234,9973.251953125,8836.25,-401.46185302734375,-299.1942443847656,871.302734375,971.647216796875,1167.3970947265625,110.39619445800781,1,16.538150787353516,4964.19091796875,4903.7109375,-184.77719116210938,-145.42308044433594,-63.2060546875,879.751220703125,1294.165771484375,12.139816284179688,1,16.166540145874023,5061.40625,5128.5791015625,-187.24758911132812,-150.713623046875,-103.40234375,871.806884765625,1124.5762939453125,250.29197692871094,1,16.500579833984375,5207.1357421875,5280.5908203125,-187.05287170410156,-148.2195587158203,-291.156494140625,1012.59375,1072.0574951171875,-18.578147888183594,1,19.139556884765625,5756.0390625,5717.8662109375,-219.2671356201172,-175.83447265625,92.392822265625,639.37060546875,731.2464599609375,379.05206298828125,1,18.50960922241211,5758.6689453125,5735.7548828125,-214.49342346191406,-170.28997802734375,-69.45361328125,973.206787109375,598.070068359375,-94.91407012939453,1,23.592090606689453,7265.8291015625,7383.609375,-269.03009033203125,-217.29116821289062,-140.3984375,SN000368420812,Pumba,72516.166,2025-12-19T19:08:36.199Z,1765551354201420000,3D
640.060302734375,14.39404296875,423.967529296875,1,28.83891487121582,8480.095703125,7762.11328125,-348.5313415527344,-270.8802490234375,980.25634765625,855.783447265625,-68.009033203125,131.77919006347656,1,28.063644409179688,8002.7041015625,7607.1240234375,-313.7105712890625,-245.20387268066406,423.475830078125,947.828369140625,1312.5869140625,156.43423461914062,1,16.65464210510254,5251.08642578125,5537.626953125,-189.9178009033203,-157.48130798339844,-251.33251953125,766.92333984375,905.054931640625,340.38409423828125,1,18.777217864990234,5790.9462890625,5369.9951171875,-223.7570343017578,-169.29486083984375,197.227294921875,1026.6337890625,808.8543701171875,-52.15467834472656,1,21.497108459472656,6509.1669921875,6294.5087890625,-246.67086791992188,-192.06448364257812,62.009765625,894.9404296875,1324.697265625,49.46357727050781,1,15.572481155395508,4982.958984375,5003.49951171875,-179.58270263671875,-141.0607452392578,-259.5771484375,919.61962890625,1315.216796875,7.653289794921875,1,15.554879188537598,4762.44140625,4904.66162109375,-175.13583374023438,-142.88943481445312,-131.706298828125,784.362060546875,706.412109375,234.1598663330078,1,25.6385440826416,8536.2294921875,8153.40966796875,-324.7667541503906,-250.37179565429688,120.504150390625,837.170654296875,671.203125,82.8695068359375,1,25.351459503173828,7887.6044921875,7622.6396484375,-311.34747314453125,-248.0843048095703,485.3818359375,655.0693359375,361.382080078125,321.9400634765625,1,25.658355712890625,8018.919921875,6891.63427734375,-322.83758544921875,-234.20069885253906,702.7197265625,827.308837890625,292.979248046875,79.9774169921875,1,31.185123443603516,9744.3779296875,8841.447265625,-393.1567077636719,-299.73883056640625,881.59423828125,971.38671875,1167.502685546875,109.45013427734375,1,16.574626922607422,4963.67236328125,4906.43798828125,-185.18182373046875,-146.0345916748047,-49.145751953125,877.102783203125,1291.413818359375,12.335159301757812,1,16.244216918945312,5115.34033203125,5247.06591796875,-187.80628967285156,-152.45263671875,-152.171630859375,870.51953125,1127.61376953125,250.4094696044922,1,16.836286544799805,5344.33349609375,5455.1044921875,-191.81936645507812,-152.98829650878906,-304.34521484375,1012.797607421875,1073.0306396484375,-20.684749603271484,1,19.21163558959961,5800.9794921875,5714.3603515625,-221.0295867919922,-175.8169403076172,94.74169921875,639.642578125,730.7608642578125,380.09173583984375,1,19.41834259033203,6116.32177734375,6161.1328125,-228.25177001953125,-183.49191284179688,-59.70947265625,976.62744140625,596.51953125,-94.52825927734375,1,22.513628005981445,6938.236328125,7198.0380859375,-250.77780151367188,-204.3059844970703,-336.59521484375,SN000368420812,Pumba,72516.3,2025-12-19T19:08:36.308Z,1765551354233701700,3D
637.612060546875,17.138671875,423.3883056640625,1,27.702627182006836,8138.43017578125,7397.0751953125,-330.7861633300781,-253.7745361328125,818.4853515625,849.013916015625,-63.939697265625,131.19371032714844,1,28.224578857421875,8046.8564453125,7712.34814453125,-314.59283447265625,-247.40676879882812,397.704833984375,954.455322265625,1315.2744140625,155.0281524658203,1,15.95462417602539,4902.4033203125,5566.90673828125,-173.7163848876953,-154.5281524658203,-353.248291015625,767.16015625,905.6495361328125,339.00274658203125,1,18.366649627685547,5555.35498046875,5526.5703125,-211.9874267578125,-170.40017700195312,101.09326171875,1030.586669921875,808.9315185546875,-51.289154052734375,1,22.014568328857422,6738.3212890625,6367.01171875,-256.7117919921875,-196.01698303222656,108.908203125,896.354736328125,1325.815673828125,51.21717834472656,1,15.028230667114258,4549.9775390625,4580.4482421875,-169.38221740722656,-135.90594482421875,-57.435546875,917.89892578125,1313.279541015625,8.733993530273438,1,15.33255386352539,4639.0478515625,4793.92041015625,-171.30406188964844,-140.56283569335938,-104.755615234375,785.804443359375,705.7513427734375,233.73951721191406,1,25.410781860351562,8608.857421875,8258.798828125,-321.84765625,-246.4984130859375,-66.85693359375,837.994384765625,672.3526611328125,82.58442687988281,1,24.884552001953125,7778.6962890625,7502.3154296875,-304.5805358886719,-241.12615966796875,396.987060546875,656.867431640625,362.5369873046875,322.17315673828125,1,25.827091217041016,8113.4169921875,6926.3720703125,-326.4083251953125,-235.26547241210938,703.163818359375,825.30712890625,295.8353271484375,79.59039306640625,1,30.474618911743164,9473.748046875,8689.56640625,-380.07672119140625,-291.5484313964844,785.783203125,970.9619140625,1166.34375,109.81645202636719,1,16.485504150390625,4956.3388671875,4916.15673828125,-183.759521484375,-144.89772033691406,-87.1357421875,874.69921875,1292.2109375,16.833023071289062,1,16.204742431640625,5077.24609375,5273.60791015625,-186.26129150390625,-153.11508178710938,-155.84912109375,871.713134765625,1127.3311767578125,251.24412536621094,1,16.66305160522461,5279.541015625,5322.421875,-190.0626983642578,-149.83616638183594,-281.74072265625,1006.50439453125,1071.3626708984375,-21.053936004638672,1,19.154693603515625,5817.94873046875,5694.0185546875,-220.869873046875,-174.2068328857422,68.273681640625,640.8330078125,731.623291015625,377.73468017578125,1,18.952587127685547,5923.34375,5828.4033203125,-222.42489624023438,-175.24656677246094,-12.050537109375,971.53515625,600.11572265625,-94.52204132080078,1,22.50400161743164,6904.537109375,7119.2158203125,-250.70272827148438,-203.41714477539062,-297.01416015625,SN000368420812,Pumba,72516.4,2025-12-19T19:08:36.416Z,1765551354265634700,3D
635.17431640625,18.28271484375,419.32135009765625,1,29.482025146484375,8674.009765625,7974.46826171875,-357.8043212890625,-279.7497863769531,1045.682373046875,851.897216796875,-61.862060546875,129.93783569335938,1,28.588695526123047,8194.068359375,7714.31884765625,-322.8672790527344,-250.8746337890625,488.202880859375,945.51123046875,1310.677978515625,156.07643127441406,1,15.889078140258789,4929.5458984375,5539.66943359375,-173.50477600097656,-152.16769409179688,-394.108642578125,769.49658203125,905.59326171875,339.73126220703125,1,18.807273864746094,5744.837890625,5682.783203125,-219.53048706054688,-175.62498474121094,114.677490234375,1028.998046875,807.8740234375,-51.86896514892578,1,21.549650192260742,6578.10546875,6352.12939453125,-247.49038696289062,-191.58819580078125,3.205078125,898.59423828125,1329.684814453125,48.22773742675781,1,14.81869125366211,4509.4609375,4554.51123046875,-166.12713623046875,-132.9651336669922,-114.763671875,924.49560546875,1320.697998046875,7.452392578125,1,15.264397621154785,4639.48046875,4835.40673828125,-169.91046142578125,-140.0555419921875,-151.48388671875,784.734130859375,707.21826171875,233.1994171142578,1,23.97952651977539,7572.17138671875,7495.11328125,-292.462158203125,-235.4848175048828,252.6826171875,839.080810546875,672.6617431640625,83.50325012207031,1,24.946321487426758,7779.857421875,7463.96728515625,-305.8920593261719,-241.55087280273438,439.005615234375,660.09326171875,363.58935546875,322.24981689453125,1,25.622100830078125,7996.1279296875,6811.16015625,-322.8237609863281,-232.82586669921875,730.70458984375,826.015869140625,297.0850830078125,79.92039489746094,1,29.7042179107666,9301.40625,8283.626953125,-371.7659606933594,-277.0254821777344,725.34765625,968.66748046875,1166.6318359375,108.980712890625,1,16.46388053894043,4952.87646484375,4899.244140625,-183.58863830566406,-144.33688354492188,-88.476318359375,880.9697265625,1299.1007080078125,9.228912353515625,1,16.12447738647461,5041.0859375,5197.70947265625,-185.54537963867188,-151.63003540039062,-134.471435546875,868.69775390625,1127.9146728515625,249.30641174316406,1,16.611268997192383,5251.61279296875,5292.48291015625,-189.1490020751953,-149.10467529296875,-277.172607421875,1005.235595703125,1069.48486328125,-20.003250122070312,1,18.958717346191406,5721.09375,5782.8828125,-215.6051788330078,-174.8684539794922,14.608642578125,643.21875,731.9508056640625,377.31793212890625,1,18.533084869384766,5799.388671875,5792.69970703125,-214.93319702148438,-170.64427185058594,-105.686767578125,972.419677734375,599.0394287109375,-95.5485610961914,1,22.561626434326172,7000.869140625,7163.2197265625,-253.20228576660156,-203.33827209472656,-334.4052734375,SN000368420812,Pumba,72516.5,2025-12-19T19:08:36.532Z,1765551354297512200,3D
632.436279296875,20.10986328125,422.91082763671875,1,27.65983772277832,8151.50146484375,7445.1806640625,-330.3816223144531,-254.10670471191406,788.722900390625,850.53271484375,-62.990478515625,129.7126922607422,1,28.51869773864746,8079.248046875,7935.1796875,-317.0252990722656,-255.6430206298828,437.852294921875,950.261962890625,1314.051025390625,156.4401092529297,1,16.574176788330078,5218.0654296875,5461.943359375,-189.18887329101562,-155.83914184570312,-234.296875,768.11865234375,904.88330078125,339.57122802734375,1,18.716794967651367,5699.5283203125,5694.9013671875,-217.2211456298828,-175.23760986328125,94.680908203125,1032.674072265625,807.2001953125,-50.75130081176758,1,21.919111251831055,6719.36181640625,6387.419921875,-254.67066955566406,-194.9768524169922,64.931640625,894.22265625,1326.86279296875,51.72416687011719,1,15.641602516174316,4941.998046875,4941.95263671875,-180.55174255371094,-142.33656311035156,-176.36181640625,917.111083984375,1316.640380859375,9.311233520507812,1,15.992834091186523,4890.2353515625,5029.63916015625,-181.93235778808594,-149.1376495361328,-65.906005859375,784.88330078125,708.7838134765625,233.7490997314453,1,24.059154510498047,7631.35546875,7500.8525390625,-294.6766052246094,-235.64093017578125,252.222900390625,837.72119140625,673.681640625,83.16635131835938,1,24.288684844970703,7544.71630859375,7262.732421875,-295.1195983886719,-233.08303833007812,375.36181640625,655.99658203125,365.3729248046875,321.855224609375,1,25.360126495361328,7927.34765625,6836.2353515625,-317.61822509765625,-230.31842041015625,644.0068359375,825.30908203125,297.0692138671875,80.28068542480469,1,28.431407928466797,8863.978515625,7995.30126953125,-350.1302490234375,-261.8772888183594,554.04931640625,970.112548828125,1168.3212890625,108.71562194824219,1,16.601865768432617,4949.8447265625,4923.72265625,-185.18206787109375,-147.2057647705078,-31.8955078125,874.404052734375,1293.9736328125,15.567436218261719,1,16.106834411621094,4944.3955078125,5138.29345703125,-184.1913604736328,-152.68939208984375,-58.708251953125,870.379638671875,1126.7174072265625,249.35704040527344,1,16.54062271118164,5267.103515625,5300.8544921875,-188.553466796875,-147.88650512695312,-316.25048828125,1007.987060546875,1069.5064697265625,-19.415390014648438,1,18.99478530883789,5738.3349609375,5601.78857421875,-218.58546447753906,-172.3129119873047,91.87255859375,638.90283203125,732.57470703125,376.69915771484375,1,19.158203125,5975.2724609375,5965.17578125,-224.365478515625,-179.3556671142578,-12.5146484375,972.14794921875,598.8643798828125,-94.51276397705078,1,22.429941177368164,6870.33203125,7201.3037109375,-248.43882751464844,-204.675537109375,-329.4013671875,SN000368420812,Pumba,72516.633,2025-12-19T19:08:36.650Z,1765551354329693500,3D
630.200439453125,18.829833984375,421.31298828125,1,28.779783248901367,8497.45703125,7743.6279296875,-348.4069519042969,-269.3517761230469,954.46484375,847.8525390625,-63.3818359375,130.0231170654297,1,27.833518981933594,7808.95947265625,7762.5615234375,-304.9568176269531,-248.07235717773438,375.099853515625,947.381591796875,1314.12158203125,155.41444396972656,1,16.707996368408203,5289.716796875,5531.322265625,-191.39141845703125,-157.31532287597656,-250.68701171875,766.91796875,906.4085693359375,338.86383056640625,1,18.67952537536621,5619.416015625,5608.65283203125,-216.29779052734375,-175.24594116210938,164.028076171875,1018.62548828125,809.1798095703125,-54.356563568115234,1,21.82221031188965,6671.392578125,6398.185546875,-252.12155151367188,-194.37461853027344,40.31884765625,894.217529296875,1325.672119140625,49.141387939453125,1,15.557103157043457,5013.4384765625,4982.2138671875,-180.36489868164062,-139.96266174316406,-271.695068359375,918.265625,1315.0748291015625,7.5018310546875,1,15.532752990722656,4727.544921875,4889.05322265625,-174.621826171875,-143.4159393310547,-105.225830078125,784.8837890625,707.9102783203125,233.65257263183594,1,24.368852615356445,7713.3154296875,7641.7255859375,-298.682861328125,-241.0402374267578,282.73486328125,838.09814453125,673.0469970703125,83.24745178222656,1,25.002696990966797,7760.3857421875,7578.6640625,-304.9552001953125,-244.75723266601562,432.24365234375,658.04248046875,363.7977294921875,321.0703125,1,25.766998291015625,8080.4033203125,6882.4921875,-325.64117431640625,-234.53482055664062,718.917236328125,825.93798828125,296.6412353515625,80.26876831054688,1,30.402074813842773,9506.158203125,8570.5302734375,-381.476806640625,-288.18096923828125,791.72021484375,969.66015625,1167.8287353515625,109.68603515625,1,16.547733306884766,4971.6318359375,4868.771484375,-185.53399658203125,-144.96351623535156,-47.4140625,875.485107421875,1292.36962890625,12.828193664550781,1,16.368757247924805,5187.37109375,5241.48095703125,-191.08311462402344,-152.98902893066406,-133.458984375,868.187255859375,1128.780517578125,249.2844696044922,1,16.87091827392578,5328.666015625,5433.55859375,-192.38134765625,-153.77508544921875,-266.184326171875,1006.292724609375,1071.8927001953125,-20.503662109375,1,19.080162048339844,5738.81298828125,5635.1162109375,-219.19473266601562,-174.05636596679688,111.481201171875,640.97607421875,731.709228515625,375.33319091796875,1,18.765457153320312,5860.6611328125,5830.04296875,-218.84487915039062,-173.7733917236328,-52.503662109375,976.507080078125,595.7103271484375,-94.14976501464844,1,23.839197158813477,7334.326171875,7483.0830078125,-272.4878845214844,-221.38943481445312,-111.267822265625,SN000368420812,Pumba,72516.733,2025-12-19T19:08:36.761Z,1765551354361555300,3D
630.672607421875,17.29638671875,421.01715087890625,1,28.352380752563477,8321.75390625,7632.1357421875,-340.8486022949219,-264.8099670410156,923.1748046875,847.731201171875,-63.79248046875,129.97418212890625,1,28.56491470336914,8276.703125,7856.875,-322.4964599609375,-250.83200073242188,372.80419921875,945.40283203125,1313.7119140625,155.74119567871094,1,16.44390106201172,5220.66796875,5423.9921875,-188.0037841796875,-153.09320068359375,-276.82373046875,766.7646484375,904.5521240234375,338.7899169921875,1,18.895614624023438,5820.3974609375,5474.3642578125,-224.68463134765625,-172.21798706054688,191.220703125,1020.15966796875,810.5625,-54.368560791015625,1,21.553987503051758,6554.60205078125,6267.658203125,-248.7847900390625,-191.7574920654297,75.366455078125,897.31005859375,1329.1253662109375,47.59552001953125,1,14.523513793945312,4434.5576171875,4417.7216796875,-162.53329467773438,-127.87195587158203,-140.424560546875,922.841796875,1318.737060546875,6.8114013671875,1,14.898923873901367,4509.12890625,4738.8740234375,-163.8147430419922,-135.65988159179688,-190.8798828125,785.50732421875,706.4320068359375,233.7318572998047,1,24.267370223999023,7796.8134765625,7575.70751953125,-299.6705017089844,-236.35877990722656,211.2939453125,838.358642578125,672.343017578125,83.07009887695312,1,24.607511520385742,7690.6083984375,7332.54150390625,-301.3233337402344,-236.07701110839844,398.93701171875,659.245849609375,362.2879638671875,321.41912841796875,1,24.923187255859375,7809.80859375,6761.1318359375,-310.6322021484375,-224.85665893554688,559.112060546875,825.65673828125,296.0609130859375,79.79612731933594,1,29.252490997314453,8999.1298828125,8366.1484375,-359.0780029296875,-277.8827819824219,681.978759765625,968.655029296875,1167.35107421875,110.28056335449219,1,16.598222732543945,5002.015625,4919.2587890625,-186.16693115234375,-145.8494415283203,-64.34619140625,879.2529296875,1297.1947021484375,9.760971069335938,1,16.148019790649414,5049.68603515625,5146.7705078125,-186.6160430908203,-151.0249481201172,-109.7158203125,869.868408203125,1126.859130859375,251.3748016357422,1,16.576427459716797,5247.06005859375,5308.51513671875,-188.6106719970703,-149.13037109375,-289.351806640625,1005.195068359375,1073.1070556640625,-20.843162536621094,1,18.723880767822266,5673.6259765625,5586.2841796875,-213.9989776611328,-169.1619873046875,20.597900390625,641.5029296875,729.8228759765625,377.05596923828125,1,18.592531204223633,5727.74169921875,5872.10302734375,-213.4148406982422,-174.5108642578125,-66.6171875,974.384765625,597.9176025390625,-94.20170593261719,1,22.715164184570312,7032.47021484375,7177.669921875,-255.17771911621094,-204.7553253173828,-308.31640625,SN000368420812,Pumba,72516.866,2025-12-19T19:08:36.900Z,1765551354393612700,3D
637.7080078125,16.200927734375,420.05633544921875,1,29.349884033203125,8826.0859375,7790.1298828125,-361.5770263671875,-271.7513122558594,980.9365234375,851.807373046875,-65.0927734375,133.093017578125,1,28.55532455444336,8248.201171875,7681.6513671875,-323.93731689453125,-248.6813507080078,456.11767578125,947.193359375,1311.913330078125,158.9453125,1,16.2550048828125,4980.57080078125,5644.78955078125,-178.37277221679688,-159.01609802246094,-296.464111328125,766.121826171875,905.7520751953125,340.1678466796875,1,18.27000617980957,5543.45703125,5591.9541015625,-209.68109130859375,-170.05433654785156,39.501708984375,1017.417724609375,811.4332275390625,-54.03053665161133,1,21.79437828063965,6699.482421875,6328.767578125,-253.9429473876953,-193.23214721679688,65.56005859375,895.03466796875,1327.06689453125,52.35481262207031,1,15.139694213867188,4622.296875,4604.568359375,-171.98118591308594,-136.4795379638672,-61.53369140625,919.732177734375,1318.34814453125,10.541740417480469,1,15.25274658203125,4613.37939453125,4800.79443359375,-169.66294860839844,-139.92831420898438,-127.119873046875,784.618408203125,707.0888671875,233.24427795410156,1,24.492040634155273,7794.5693359375,7795.1484375,-299.8692321777344,-243.33334350585938,220.6875,841.42578125,672.06787109375,83.83285522460938,1,24.581144332885742,7643.76953125,7438.8984375,-298.7632751464844,-238.2920684814453,372.53369140625,655.85888671875,363.0888671875,321.60089111328125,1,26.06859588623047,8221.451171875,6915.08984375,-331.6015930175781,-236.33047485351562,740.50732421875,827.6396484375,294.9674072265625,79.39276123046875,1,28.777645111083984,8946.6328125,8229.203125,-353.42913818359375,-269.1686096191406,560.26123046875,970.266845703125,1168.0762939453125,110.53048706054688,1,16.631717681884766,4989.15185546875,4922.05859375,-186.3624725341797,-146.7820587158203,-41.817626953125,877.064208984375,1294.944580078125,14.471786499023438,1,15.759836196899414,4892.046875,5054.47998046875,-179.617431640625,-146.9125213623047,-144.986328125,868.239013671875,1128.15966796875,250.10398864746094,1,16.805551528930664,5330.625,5343.56591796875,-192.66165161132812,-151.31741333007812,-259.341064453125,1011.054443359375,1074.884521484375,-20.048397064208984,1,19.360042572021484,5850.314453125,5774.939453125,-223.59153747558594,-178.5235137939453,118.059814453125,639.708251953125,731.3779296875,379.13470458984375,1,19.067352294921875,5936.13134765625,5875.22998046875,-223.51071166992188,-177.41371154785156,7.992431640625,978.37841796875,596.8018798828125,-93.20741271972656,1,22.738147735595703,6985.8466796875,7276.37353515625,-253.63333129882812,-207.99623107910156,-301.35009765625,SN000368420812,Pumba,72517,2025-12-19T19:08:37.009Z,1765551354425257300,3D
635.06494140625,20.15771484375,419.03668212890625,1,28.172069549560547,8375.134765625,7679.2119140625,-338.30657958984375,-260.55218505859375,772.377197265625,845.22509765625,-62.279052734375,132.51132202148438,1,28.671985626220703,8296.4052734375,7834.974609375,-324.18048095703125,-251.34739685058594,404.06982421875,948.732177734375,1311.986572265625,156.82516479492188,1,16.364118576049805,5176.2314453125,5465.623046875,-185.53407287597656,-153.3551788330078,-303.2275390625,765.228515625,905.694580078125,339.597412109375,1,18.979137420654297,5747.888671875,5736.5244140625,-221.26902770996094,-179.27224731445312,168.4853515625,1017.89013671875,809.8271484375,-53.23290252685547,1,21.74659538269043,6654.8662109375,6451.083984375,-251.1722869873047,-195.561279296875,29.38330078125,894.45263671875,1325.05517578125,51.5238037109375,1,14.949618339538574,4524.638671875,4536.3486328125,-168.4607696533203,-134.61570739746094,-56.36669921875,917.947021484375,1314.975341796875,9.5396728515625,1,15.661773681640625,4806.681640625,4999.9580078125,-176.4320068359375,-145.30381774902344,-143.963623046875,787.063720703125,707.3280029296875,233.62440490722656,1,24.209869384765625,7730.28515625,7571.732421875,-297.6839599609375,-236.88507080078125,228.461669921875,840.826171875,672.330322265625,83.74708557128906,1,24.84069061279297,7721.25390625,7498.76904296875,-302.7737731933594,-241.463134765625,408.79248046875,655.6474609375,365.630859375,321.00189208984375,1,25.631107330322266,8082.51416015625,6804.1123046875,-324.733642578125,-230.9385528564453,686.21435546875,824.224365234375,296.74365234375,79.74430847167969,1,28.509000778198242,8753.609375,8217.365234375,-346.2012939453125,-268.85968017578125,561.55517578125,969.66845703125,1166.6636962890625,109.45700073242188,1,16.442180633544922,4920.13134765625,4865.888671875,-183.1788330078125,-144.35704040527344,-61.21240234375,875.247802734375,1292.33935546875,15.05426025390625,1,16.06951141357422,5076.71240234375,5191.92578125,-185.55250549316406,-149.7910919189453,-178.68505859375,869.667236328125,1125.8394775390625,249.44004821777344,1,16.74368667602539,5295.9091796875,5347.130859375,-191.2598876953125,-151.30648803710938,-262.49609375,1012.1494140625,1072.2828369140625,-19.149856567382812,1,19.517244338989258,5872.3544921875,5849.21484375,-224.984619140625,-181.46778869628906,136.751220703125,639.677734375,732.0494384765625,380.01739501953125,1,18.630931854248047,5766.9462890625,5806.47607421875,-215.49510192871094,-173.2847442626953,-46.590087890625,974.6181640625,597.2315673828125,-94.35995483398438,1,22.23194122314453,6800.4345703125,7127.48046875,-244.9400634765625,-201.3664093017578,-358.107177734375,SN000368420812,Pumba,72517.1,2025-12-19T19:08:37.118Z,1765551354457737000,3D
632.265625,19.2373046875,419.43609619140625,1,29.254287719726562,8659.6396484375,7858.2509765625,-356.22735595703125,-274.9501647949219,1011.317626953125,848.591064453125,-65.08447265625,129.18666076660156,1,28.43297576904297,8054.56787109375,7642.1328125,-319.3935241699219,-250.914306640625,547.093017578125,948.546630859375,1312.713623046875,156.2246551513672,1,15.982612609863281,4912.0615234375,5474.43017578125,-175.33079528808594,-153.29852294921875,-311.787841796875,764.086669921875,906.850341796875,339.1810302734375,1,18.563262939453125,5675.2470703125,5625.0205078125,-215.76544189453125,-172.453125,76.712890625,1022.465087890625,810.03662109375,-51.95317840576172,1,21.570043563842773,6584.88671875,6406.2666015625,-247.95663452148438,-193.48399353027344,10.129150390625,897.4091796875,1326.8040771484375,49.25849914550781,1,14.615455627441406,4437.31103515625,4404.35595703125,-163.93568420410156,-129.08908081054688,-97.37939453125,922.067138671875,1316.66650390625,7.858673095703125,1,15.409553527832031,4675.45361328125,4886.96923828125,-171.94317626953125,-142.45773315429688,-129.002685546875,787.27880859375,707.5885009765625,233.8479461669922,1,24.35782814025879,7802.68603515625,7581.37255859375,-300.782958984375,-237.64199829101562,240.847900390625,841.7421875,671.4730224609375,84.17755126953125,1,25.02940559387207,7791.08447265625,7479.0751953125,-306.8747863769531,-242.7056884765625,457.581298828125,656.0029296875,365.061767578125,321.03515625,1,25.933887481689453,8079.05712890625,6976.5009765625,-326.7272033691406,-238.78953552246094,756.588134765625,827.988525390625,295.113037109375,79.99433898925781,1,29.320585250854492,9275.990234375,8110.4990234375,-368.393310546875,-268.7873840332031,645.26904296875,970.514404296875,1166.9495849609375,109.24324035644531,1,16.590063095092773,4946.25537109375,4908.55224609375,-185.09698486328125,-146.81051635742188,-30.23291015625,878.934326171875,1294.3829345703125,12.023200988769531,1,16.07710838317871,5032.16845703125,5133.8779296875,-185.5054168701172,-150.07302856445312,-124.669189453125,869.427490234375,1127.036865234375,248.85984802246094,1,16.631567001342773,5260.76904296875,5367.4345703125,-188.7241668701172,-150.406005859375,-302.680419921875,1012.565185546875,1073.1473388671875,-20.354812622070312,1,19.03685760498047,5698.9091796875,5616.3583984375,-218.00270080566406,-173.87750244140625,121.770263671875,639.86669921875,732.13330078125,381.13037109375,1,18.953718185424805,5874.826171875,5794.3134765625,-221.984130859375,-175.9468231201172,33.87109375,969.853759765625,599.5924072265625,-95.28083801269531,1,22.684247970581055,7043.935546875,7201.3388671875,-254.8739776611328,-204.55181884765625,-332.70361328125,SN000368420812,Pumba,72517.2,2025-12-19T19:08:37.228Z,1765551354505293700,3D
633.204833984375,19.403076171875,422.64776611328125,1,29.577293395996094,8751.513671875,7926.2138671875,-361.54962158203125,-279.3257751464844,1073.068603515625,846.017578125,-64.74169921875,129.35549926757812,1,28.508575439453125,8206.2578125,7827.31640625,-320.6376647949219,-250.92990112304688,399.10498046875,946.990966796875,1312.4315185546875,157.69300842285156,1,15.97097110748291,4898.53076171875,5572.060546875,-173.77337646484375,-154.9367218017578,-346.525146484375,763.389892578125,906.8189697265625,339.1934814453125,1,18.99480438232422,5759.9599609375,5704.2177734375,-222.22738647460938,-178.926025390625,185.173828125,1019.659423828125,810.0604248046875,-53.12149429321289,1,22.173505783081055,6832.06787109375,6596.81787109375,-258.0821228027344,-200.25711059570312,37.3349609375,893.055908203125,1326.024169921875,52.04740905761719,1,14.823028564453125,4433.5302734375,4452.7685546875,-165.9783935546875,-133.2760467529297,-24.957275390625,916.885009765625,1316.4837646484375,10.026199340820312,1,15.3036527633667,4672.26123046875,4859.375,-170.7020721435547,-140.2267608642578,-166.14208984375,783.97802734375,708.2769775390625,233.1063690185547,1,24.707965850830078,7900.0654296875,7749.6181640625,-305.231201171875,-243.69454956054688,266.77685546875,839.7900390625,671.809326171875,84.02334594726562,1,25.00302505493164,7816.01220703125,7584.59375,-305.634033203125,-243.17074584960938,385.366455078125,657.197509765625,364.178466796875,320.7200927734375,1,26.315757751464844,8191.9580078125,6987.1953125,-333.7513732910156,-242.57322692871094,848.52685546875,826.3193359375,295.4478759765625,79.79472351074219,1,29.887514114379883,9298.3994140625,8430.87890625,-372.16778564453125,-282.1112976074219,742.434326171875,969.72021484375,1167.4337158203125,109.7369384765625,1,16.564186096191406,4977.58642578125,4904.0302734375,-185.37060546875,-145.54393005371094,-60.251708984375,874.264892578125,1293.4248046875,15.129135131835938,1,16.170024871826172,5021.794921875,5111.8837890625,-186.7339630126953,-151.42958068847656,-71.002197265625,867.935546875,1127.33349609375,248.76573181152344,1,16.68694305419922,5284.4013671875,5360.89501953125,-190.03585815429688,-150.73519897460938,-288.69775390625,1010.470703125,1073.013671875,-20.079418182373047,1,18.934959411621094,5688.08837890625,5616.1533203125,-216.46347045898438,-172.4591064453125,84.255615234375,639.74951171875,731.4781494140625,380.21746826171875,1,18.612760543823242,5749.3359375,5906.63671875,-213.72787475585938,-174.9290771484375,-83.190673828125,972.80419921875,597.9892578125,-95.07649993896484,1,22.953472137451172,7153.099609375,7295.37744140625,-259.7472839355469,-208.34164428710938,-307.4267578125,SN000368420812,Pumba,72517.333,2025-12-19T19:08:37.346Z,1765551354537944700,3D
633.90234375,20.00146484375,416.79803466796875,1,28.452987670898438,8471.71875,7748.61328125,-343.441162109375,-264.5155944824219,822.0078125,849.68115234375,-59.8837890625,130.50892639160156,1,29.038597106933594,8426.0283203125,7943.7041015625,-330.6015625,-256.5505676269531,455.114013671875,946.13525390625,1314.364990234375,154.78929138183594,1,16.814603805541992,5405.6826171875,5639.1572265625,-193.76512145996094,-158.0836944580078,-316.71044921875,763.2822265625,906.0008544921875,338.95941162109375,1,18.344280242919922,5586.9658203125,5616.09765625,-211.42657470703125,-170.916748046875,43.04541015625,1016.98974609375,813.3240966796875,-54.187644958496094,1,21.61874771118164,6622.9404296875,6490.79248046875,-248.2130126953125,-194.56695556640625,-28.844970703125,896.531982421875,1325.70458984375,47.08958435058594,1,14.713382720947266,4465.08447265625,4476.2412109375,-164.97427368164062,-131.249267578125,-97.617431640625,921.6953125,1314.6160888671875,6.381080627441406,1,15.44825553894043,4715.25244140625,4961.6728515625,-172.3929901123047,-143.40357971191406,-163.75830078125,783.98681640625,709.248046875,233.4507293701172,1,23.651405334472656,7476.3349609375,7325.916015625,-288.5379333496094,-229.9845733642578,242.17724609375,836.136474609375,674.45263671875,83.06439208984375,1,24.165237426757812,7412.4375,7452.083984375,-288.6277160644531,-236.90966796875,325.25,658.5185546875,365.6435546875,321.11279296875,1,24.655248641967773,7752.3408203125,6693.35693359375,-306.873779296875,-220.82156372070312,506.243408203125,824.471923828125,298.902587890625,79.51821899414062,1,28.366352081298828,8827.9892578125,8149.3154296875,-346.6304016113281,-263.8482360839844,482.968017578125,969.205322265625,1167.619873046875,110.40731811523438,1,16.460405349731445,4964.51025390625,4914.1044921875,-183.67601013183594,-144.3477020263672,-100.104736328125,878.641357421875,1292.424072265625,10.508621215820312,1,15.983489990234375,4964.55224609375,5088.072265625,-183.61587524414062,-149.50921630859375,-102.937255859375,869.74267578125,1125.6273193359375,250.36729431152344,1,16.739765167236328,5286.052734375,5330.6943359375,-191.2078857421875,-151.20863342285156,-251.920654296875,1006.209716796875,1075.628173828125,-21.42474365234375,1,19.16543960571289,5753.8994140625,5815.1455078125,-218.4510498046875,-177.8519287109375,68.010986328125,638.988037109375,731.7965087890625,380.139404296875,1,18.61734962463379,5809.7236328125,5804.7431640625,-216.14073181152344,-172.02874755859375,-78.56494140625,973.67431640625,600.374267578125,-92.63290405273438,1,23.574861526489258,7304.42919921875,7480.34716796875,-268.37158203125,-217.575439453125,-210.3828125,SN000368420812,Pumba,72517.466,2025-12-19T19:08:37.467Z,1765551354569350200,3D
634.01806640625,19.2978515625,417.27020263671875,1,28.784238815307617,8513.595703125,7751.380859375,-348.5960388183594,-269.06365966796875,940.60205078125,850.004150390625,-61.625,130.51220703125,1,29.288074493408203,8455.9189453125,7965.873046875,-334.2220458984375,-260.3326721191406,537.81005859375,949.692138671875,1311.284423828125,157.78892517089844,1,16.70352554321289,5326.1767578125,5575.166015625,-191.6699676513672,-157.2729949951172,-286.963134765625,763.65576171875,905.5970458984375,339.87689208984375,1,19.022319793701172,5842.1201171875,5798.4365234375,-223.00596618652344,-178.88131713867188,108.4697265625,1018.48388671875,806.7457275390625,-52.387046813964844,1,21.751535415649414,6638.8681640625,6457.58984375,-250.96188354492188,-196.24636840820312,42.360107421875,895.80859375,1327.4024658203125,52.797515869140625,1,15.15718936920166,4626.0771484375,4605.3203125,-172.19943237304688,-136.59707641601562,-59.010498046875,919.10595703125,1317.624267578125,10.671112060546875,1,15.538065910339355,4671.0771484375,4910.9599609375,-173.120849609375,-144.85671997070312,-84.496826171875,785.343994140625,707.9027099609375,233.94422912597656,1,24.409624099731445,7775.9541015625,7650.45703125,-300.36114501953125,-240.4555206298828,260.19970703125,837.446533203125,672.85791015625,83.61125183105469,1,25.104534149169922,7839.05078125,7534.62890625,-308.4345397949219,-244.0746307373047,449.398681640625,658.1943359375,364.857421875,321.26519775390625,1,26.91541290283203,8465.3359375,7059.546875,-345.87664794921875,-247.0443572998047,909.313232421875,826.686767578125,297.3082275390625,79.82870483398438,1,31.158384323120117,9818.7607421875,8622.162109375,-396.9207763671875,-294.3249206542969,913.5341796875,969.28173828125,1166.28564453125,109.24876403808594,1,16.534793853759766,4975.38525390625,4922.51806640625,-184.79537963867188,-145.48731994628906,-76.577392578125,875.973876953125,1295.790283203125,15.7470703125,1,16.17540740966797,5011.01416015625,5186.55712890625,-185.651611328125,-152.83871459960938,-93.41796875,869.750244140625,1124.5689697265625,249.29905700683594,1,16.686931610107422,5276.9365234375,5307.3720703125,-190.47802734375,-150.02264404296875,-264.723388671875,1006.458740234375,1068.9622802734375,-19.501434326171875,1,19.105873107910156,5791.869140625,5757.63427734375,-219.37335205078125,-175.48355102539062,51.1748046875,637.147216796875,732.8211669921875,380.24755859375,1,19.552902221679688,6106.36474609375,6225.31201171875,-229.11082458496094,-186.96786499023438,-18.817626953125,969.0478515625,595.8253173828125,-94.38799285888672,1,24.090667724609375,7555.990234375,7536.4248046875,-279.3330993652344,-221.12808227539062,-160.961669921875,SN000368420812,Pumba,72517.566,2025-12-19T19:08:37.580Z,1765551354601907600,3D
633.653564453125,12.01416015625,422.419189453125,1,28.27650260925293,8453.69140625,7667.3525390625,-341.6983947753906,-260.7361145019531,786.744873046875,852.681396484375,-67.5419921875,132.33480834960938,1,28.813621520996094,8326.92578125,7888.89990234375,-326.3054504394531,-254.19175720214844,436.38720703125,948.2353515625,1310.8597412109375,158.5095977783203,1,16.29424285888672,5159.8896484375,5390.68896484375,-185.08328247070312,-151.29949951171875,-297.76708984375,765.562744140625,904.9700927734375,339.94720458984375,1,18.770402908325195,5679.98046875,5682.7734375,-217.97389221191406,-176.7286834716797,143.99365234375,1018.919921875,804.9720458984375,-53.15458297729492,1,21.718629837036133,6620.818359375,6401.79296875,-250.495361328125,-194.82894897460938,49.45166015625,894.736572265625,1324.41015625,52.00318908691406,1,15.063615798950195,4595.7919921875,4607.81787109375,-170.42947387695312,-135.88644409179688,-79.892822265625,919.3056640625,1315.902099609375,9.914115905761719,1,15.830068588256836,4854.82666015625,5058.888671875,-178.86256408691406,-147.8531494140625,-123.47705078125,784.762451171875,704.7689208984375,233.7377471923828,1,24.11443328857422,7697.9208984375,7539.5380859375,-296.1914978027344,-235.57171630859375,219.377685546875,836.697998046875,671.847900390625,81.61445617675781,1,24.89311408996582,7739.671875,7528.6875,-303.6934509277344,-242.64796447753906,416.2724609375,657.696533203125,358.94921875,321.8236083984375,1,26.338443756103516,8281.5625,6935.0400390625,-336.2431335449219,-239.89996337890625,819.32568359375,826.858642578125,293.5792236328125,79.8194580078125,1,28.791837692260742,8890.4892578125,8173.8212890625,-353.22857666015625,-269.8843078613281,623.662109375,971.489990234375,1167.3609619140625,110.42962646484375,1,16.673248291015625,4987.20263671875,4901.25341796875,-187.06494140625,-147.1223602294922,-16.0986328125,877.02099609375,1291.63525390625,14.360084533691406,1,16.352998733520508,5192.7763671875,5239.1884765625,-190.99850463867188,-152.56040954589844,-143.00732421875,869.75146484375,1127.73779296875,251.1056365966797,1,16.96192741394043,5369.361328125,5414.56396484375,-194.53909301757812,-153.9827423095703,-245.44140625,1005.13623046875,1068.9678955078125,-19.972095489501953,1,19.258163452148438,5799.63037109375,5696.4453125,-222.0140380859375,-176.56784057617188,129.03662109375,636.834228515625,731.2215576171875,377.43780517578125,1,17.931407928466797,5428.11279296875,5518.57421875,-203.47373962402344,-165.51373291015625,-22.272705078125,975.346435546875,591.1287841796875,-95.16073608398438,1,22.50692367553711,6878.9326171875,7150.134765625,-250.28472900390625,-205.0306396484375,-278.958740234375,SN000368420812,Pumba,72517.7,2025-12-19T19:08:37.701Z,1765551354633207400,3D
630.14697265625,15.91552734375,418.575439453125,1,27.35805892944336,8179.11767578125,7476.1318359375,-326.29833984375,-248.64926147460938,618.95947265625,854.8134765625,-64.687744140625,129.77838134765625,1,28.944599151611328,8486.6328125,7978.9873046875,-329.44757080078125,-253.32960510253906,341.31103515625,952.305419921875,1311.682861328125,157.65467834472656,1,15.659438133239746,4829.2001953125,5367.498046875,-170.75250244140625,-148.2518768310547,-360.1376953125,763.002197265625,906.89013671875,337.69061279296875,1,19.14956283569336,5886.5498046875,5487.5126953125,-229.1509552001953,-175.08009338378906,256.708984375,1011.974853515625,804.68505859375,-54.427978515625,1,21.79195785522461,6661.8798828125,6418.1142578125,-251.94717407226562,-195.2042999267578,46.3466796875,896.133544921875,1326.0428466796875,53.13478088378906,1,15.056755065917969,4585.17724609375,4570.98046875,-170.53323364257812,-135.403076171875,-63.20458984375,918.819580078125,1315.935302734375,10.554008483886719,1,15.536420822143555,4706.46337890625,4890.53515625,-174.14352416992188,-143.85418701171875,-94.764892578125,784.202392578125,706.575439453125,234.01930236816406,1,25.520092010498047,8607.5986328125,8197.5654296875,-323.9320068359375,-247.31063842773438,3.802734375,836.376220703125,672.021728515625,82.979736328125,1,25.2115535736084,7906.5751953125,7585.77001953125,-310.3750915527344,-244.86749267578125,429.47802734375,656.455078125,362.542236328125,322.25872802734375,1,25.507261276245117,7998.25146484375,6809.841796875,-321.15618896484375,-230.60604858398438,672.806640625,825.254150390625,295.1617431640625,79.72050476074219,1,29.59770965576172,9188.556640625,8308.0390625,-367.73101806640625,-278.02850341796875,732.4365234375,970.503662109375,1166.1385498046875,109.22053527832031,1,16.544279098510742,4971.02099609375,4863.32763671875,-185.44400024414062,-144.7157745361328,-49.62548828125,875.85498046875,1293.676513671875,16.71959686279297,1,16.414630889892578,5182.048828125,5243.39404296875,-191.39410400390625,-153.68496704101562,-116.494873046875,868.970703125,1127.9168701171875,249.3742218017578,1,17.154991149902344,5379.28564453125,5604.2802734375,-195.10186767578125,-159.94288635253906,-239.18212890625,1006.818115234375,1067.82763671875,-19.729141235351562,1,19.175914764404297,5779.0126953125,5792.072265625,-219.44102478027344,-177.21119689941406,69.478271484375,638.62353515625,731.7479248046875,378.60400390625,1,19.0114803314209,5781.92578125,5885.884765625,-219.99850463867188,-180.59571838378906,83.960693359375,977.50048828125,589.4588623046875,-93.4937515258789,1,23.777667999267578,7243.3359375,7419.07177734375,-270.19903564453125,-220.87672424316406,-73.54931640625,SN000368420812,Pumba,72517.8,2025-12-19T19:08:37.811Z,1765551354665645000,3D
635.047119140625,15.203857421875,417.64178466796875,1,29.023853302001953,8735.529296875,7792.8525390625,-355.47979736328125,-268.4795837402344,891.846435546875,854.026611328125,-64.313720703125,130.82627868652344,1,28.605533599853516,8258.7529296875,7783.478515625,-323.03619384765625,-250.1345977783203,413.139404296875,949.4287109375,1312.128173828125,154.8469696044922,1,16.93524169921875,5391.35791015625,5641.92333984375,-194.82188415527344,-160.15872192382812,-263.792724609375,761.576416015625,907.6298828125,337.89569091796875,1,18.721961975097656,5640.28076171875,5639.2275390625,-217.18922424316406,-176.30032348632812,167.512451171875,1013.89404296875,804.464599609375,-52.88030242919922,1,22.19034194946289,6772.21826171875,6416.63623046875,-259.6944274902344,-199.6427764892578,165.4111328125,898.472900390625,1323.73583984375,47.40715026855469,1,14.680695533752441,4397.55224609375,4432.31591796875,-163.67831420898438,-131.47911071777344,-56.2998046875,923.35009765625,1312.97705078125,6.2565460205078125,1,15.530101776123047,4728.892578125,4941.123046875,-173.8896026611328,-144.01028442382812,-131.16552734375,784.490966796875,706.4991455078125,234.11582946777344,1,24.247699737548828,7826.4609375,7597.07763671875,-299.68902587890625,-235.6342010498047,174.919189453125,836.70947265625,672.0338134765625,83.14170837402344,1,24.819236755371094,7668.169921875,7451.318359375,-302.32379150390625,-241.9629669189453,460.085205078125,657.89208984375,362.1226806640625,322.03131103515625,1,25.52338409423828,7979.427734375,6841.0673828125,-320.8587646484375,-232.06106567382812,686.416748046875,824.94873046875,295.3408203125,80.14198303222656,1,28.564695358276367,8786.2646484375,8154.646484375,-348.4649963378906,-268.25775146484375,595.824951171875,971.00244140625,1165.8671875,109.85960388183594,1,16.614824295043945,4980.14697265625,4915.8095703125,-185.9205780029297,-146.4652557373047,-45.216796875,880.349853515625,1290.42822265625,10.7353515625,1,15.934114456176758,4947.30419921875,5106.8037109375,-182.35186767578125,-149.3075408935547,-123.304443359375,869.0244140625,1127.841552734375,249.63536071777344,1,16.721263885498047,5296.0390625,5362.546875,-190.73968505859375,-151.1165008544922,-279.895751953125,1007.853515625,1067.5697021484375,-18.85314178466797,1,19.293203353881836,5813.833984375,5707.68017578125,-222.5512237548828,-176.90997314453125,129.1240234375,635.12548828125,733.787841796875,377.51788330078125,1,18.308589935302734,5628.3330078125,5837.3115234375,-208.2952880859375,-171.7426300048828,-112.272216796875,978.966796875,589.38427734375,-91.84972381591797,1,22.888572692871094,7126.9287109375,7314.75146484375,-257.2576904296875,-207.0504150390625,-357.2001953125,SN000368420812,Pumba,72517.9,2025-12-19T19:08:37.928Z,1765551354697461900,3D
631.146728515625,16.0595703125,422.55303955078125,1,31.39944076538086,9222.96484375,8122.05615234375,-391.8948669433594,-300.9524230957031,1490.603515625,851.558837890625,-64.668212890625,130.042724609375,1,28.06355857849121,7941.2587890625,7693.873046875,-311.0171203613281,-247.3474884033203,410.917724609375,951.1533203125,1315.078369140625,156.9064483642578,1,15.904315948486328,4879.10888671875,5468.375,-173.7230682373047,-152.65774536132812,-323.955078125,765.068115234375,906.62890625,339.6126708984375,1,18.72698974609375,5781.62646484375,5407.1650390625,-222.81251525878906,-169.67527770996094,177.52099609375,1016.67626953125,810.147705078125,-54.3084716796875,1,21.565364837646484,6567.1796875,6359.4306640625,-248.11097717285156,-193.0950469970703,37.33740234375,898.989990234375,1330.33935546875,50.52703857421875,1,15.10139274597168,4778.076171875,4749.86767578125,-172.43280029296875,-134.11058044433594,-240.906494140625,922.511962890625,1318.6297607421875,8.850753784179688,1,14.930746078491211,4520.7841796875,4674.8779296875,-164.96136474609375,-134.61244201660156,-167.393798828125,784.8583984375,705.94677734375,233.41407775878906,1,25.382431030273438,8420.248046875,8237.998046875,-318.16961669921875,-250.14060974121094,46.566162109375,839.191650390625,671.9327392578125,83.11068725585938,1,24.932159423828125,7701.4990234375,7466.240234375,-304.2535095214844,-243.2554473876953,482.459716796875,660.302978515625,361.1143798828125,322.224365234375,1,24.989282608032227,7799.8974609375,6641.28515625,-312.70672607421875,-224.29444885253906,640.23876953125,826.9892578125,295.3114013671875,79.65728759765625,1,29.589237213134766,9326.833984375,8337.25,-370.0655517578125,-275.3275146484375,637.26611328125,968.7646484375,1166.9591064453125,110.4608154296875,1,16.5456600189209,4937.25,4894.1181640625,-184.42379760742188,-145.95816040039062,-41.2998046875,878.456787109375,1298.3779296875,13.938362121582031,1,16.13759994506836,4995.4296875,5130.236328125,-185.40614318847656,-151.56524658203125,-82.096435546875,869.5634765625,1128.4041748046875,251.8336944580078,1,16.475017547607422,5179.63427734375,5216.0595703125,-187.0440216064453,-147.5530548095703,-257.143798828125,1004.101806640625,1073.120849609375,-21.362720489501953,1,18.943008422851562,5699.7333984375,5679.400390625,-216.0337371826172,-173.28428649902344,55.483154296875,635.23486328125,734.5946044921875,375.87139892578125,1,19.282957077026367,6068.63916015625,5787.103515625,-230.36508178710938,-177.0823211669922,69.796630859375,979.292236328125,595.09326171875,-90.8874740600586,1,22.592199325561523,6969.70556640625,7220.0537109375,-251.41615295410156,-204.28956604003906,-354.633056640625,SN000368420812,Pumba,72518.033,2025-12-19T19:08:38.039Z,1765551354729886000,3D
634.6552734375,17.597412109375,423.92669677734375,1,28.786510467529297,8483.8779296875,7687.3525390625,-348.8031311035156,-268.78607177734375,984.54931640625,850.2626953125,-64.58447265625,130.6845703125,1,28.500545501708984,8176.3662109375,7711.3369140625,-321.1875,-249.52064514160156,454.6396484375,950.332275390625,1311.36083984375,157.64686584472656,1,16.520750045776367,5213.72705078125,5524.5625,-187.5522918701172,-155.89059448242188,-283.11474609375,764.13330078125,906.235595703125,338.71185302734375,1,18.023479461669922,5446.14208984375,5410.27001953125,-206.92120361328125,-165.69960021972656,69.435302734375,1018.50732421875,809.0419921875,-53.225364685058594,1,21.771095275878906,6671.3828125,6469.6689453125,-251.569091796875,-195.84136962890625,21.92822265625,896.188232421875,1324.6170654296875,52.12568664550781,1,15.731372833251953,4929.8388671875,5057.9013671875,-180.1147003173828,-145.8608856201172,-175.67626953125,919.635986328125,1314.132568359375,10.14056396484375,1,15.538721084594727,4677.60302734375,4939.853515625,-172.9951934814453,-145.26510620117188,-96.81201171875,783.093994140625,706.6011962890625,233.53526306152344,1,24.112037658691406,7658.11669921875,7494.50732421875,-295.9024963378906,-235.7220001220703,259.46533203125,837.603759765625,671.176025390625,83.79989624023438,1,24.82225227355957,7737.67626953125,7408.8623046875,-304.0363464355469,-239.55419921875,430.137939453125,658.22412109375,362.0208740234375,321.27880859375,1,26.242780685424805,8235.1455078125,7008.365234375,-332.9359130859375,-240.1665496826172,767.654052734375,825.7802734375,294.9268798828125,79.54483032226562,1,29.700082778930664,9297.4453125,8192.1923828125,-372.61651611328125,-275.51397705078125,758.48974609375,970.565185546875,1165.255859375,110.45219421386719,1,16.616775512695312,5000.14306640625,4887.654296875,-186.76779174804688,-145.7334747314453,-42.09619140625,876.6494140625,1291.924560546875,15.714698791503906,1,16.45182991027832,5065.951171875,5342.671875,-188.65919494628906,-158.7210235595703,-62.30029296875,869.700927734375,1127.0186767578125,250.4858856201172,1,16.80963134765625,5278.28515625,5366.80712890625,-191.514892578125,-153.04617309570312,-232.05078125,1007.607666015625,1071.90380859375,-20.931514739990234,1,19.205991744995117,5789.3779296875,5673.751953125,-221.67515563964844,-175.94143676757812,130.5693359375,637.375244140625,732.67724609375,377.2064208984375,1,18.896657943725586,5873.94970703125,5932.2431640625,-219.84181213378906,-177.47645568847656,-36.0654296875,981.588134765625,594.0802001953125,-89.48552703857422,1,24.013412475585938,7293.6875,7479.72607421875,-273.4910583496094,-224.44927978515625,-27.26123046875,SN000368420812,Pumba,72518.133,2025-12-19T19:08:38.147Z,1765551354761638500,3D
634.332763671875,17.5029296875,424.556640625,1,27.703575134277344,8298.923828125,7557.05908203125,-332.3719482421875,-253.04144287109375,670.755859375,847.78515625,-64.671875,134.5281219482422,1,29.50046157836914,8552.990234375,7967.703125,-338.5493469238281,-261.2279357910156,560.14306640625,945.739990234375,1312.453369140625,159.07510375976562,1,15.881589889526367,4843.431640625,5575.1044921875,-171.39244079589844,-154.64602661132812,-356.678466796875,764.819580078125,905.511962890625,339.19549560546875,1,18.369199752807617,5562.42138671875,5597.57275390625,-211.4661865234375,-171.56011962890625,74.98681640625,1015.496826171875,812.8626708984375,-54.173057556152344,1,22.008281707763672,6729.22265625,6403.4921875,-256.4610595703125,-197.23167419433594,111.9091796875,893.655517578125,1327.44482421875,52.442474365234375,1,14.85643196105957,4532.0048828125,4569.193359375,-166.8426513671875,-133.24203491210938,-119.173583984375,918.390380859375,1318.70849609375,10.662765502929688,1,15.221822738647461,4644.38427734375,4826.2744140625,-169.5033416748047,-139.04173278808594,-171.09130859375,784.0419921875,707.45654296875,232.8444366455078,1,24.268760681152344,7710.89453125,7536.7783203125,-298.5793762207031,-237.8583221435547,282.325927734375,841.098388671875,672.370849609375,83.56605529785156,1,24.969993591308594,7787.2275390625,7491.2431640625,-305.9844970703125,-242.14306640625,432.876220703125,657.91748046875,362.255859375,320.10528564453125,1,26.188398361206055,8094.65185546875,7282.216796875,-326.4105529785156,-246.88670349121094,726.663330078125,826.725830078125,295.336181640625,79.5013427734375,1,29.67753791809082,9164.8671875,8386.84765625,-367.52191162109375,-281.2579650878906,755.05078125,968.988037109375,1168.5682373046875,110.47161865234375,1,16.543161392211914,4959.29833984375,4954.35595703125,-184.0738983154297,-146.3035888671875,-80.404296875,875.747802734375,1295.270263671875,14.58343505859375,1,15.934207916259766,5023.8662109375,5220.564453125,-182.33360290527344,-149.121337890625,-219.4248046875,869.588623046875,1127.6180419921875,251.5623016357422,1,16.46054458618164,5203.02294921875,5269.2958984375,-186.5897216796875,-147.4940643310547,-301.37646484375,1007.792724609375,1076.4012451171875,-21.431751251220703,1,19.322547912597656,5809.0869140625,5782.455078125,-222.06695556640625,-178.78477478027344,118.986083984375,637.051025390625,731.89794921875,376.9610595703125,1,18.676063537597656,5751.5908203125,5955.4267578125,-214.16030883789062,-176.8346710205078,-71.684814453125,981.914794921875,596.845703125,-90.52973175048828,1,23.092710494995117,7136.3701171875,7413.75439453125,-258.9185791015625,-211.66641235351562,-313.931884765625,SN000368420812,Pumba,72518.233,2025-12-19T19:08:38.253Z,1765551354793816900,3D
633.51416015625,17.69482421875,417.89312744140625,1,29.72549057006836,8715.8984375,7893.37255859375,-363.0221862792969,-281.8452453613281,1166.330078125,848.716552734375,-63.701171875,130.4884490966797,1,28.08436393737793,8016.3486328125,7617.3134765625,-314.0318908691406,-245.2714385986328,417.109130859375,947.01416015625,1312.9736328125,155.44223022460938,1,15.76963996887207,4829.0576171875,5431.86376953125,-171.5887451171875,-151.2438201904297,-332.259765625,760.78466796875,907.42578125,338.46588134765625,1,18.611167907714844,5680.1513671875,5653.6865234375,-216.15989685058594,-173.57980346679688,83.665283203125,1019.74658203125,812.543212890625,-53.71427917480469,1,21.51083755493164,6597.7255859375,6362.603515625,-248.1989288330078,-191.86546325683594,2.115966796875,895.577880859375,1321.480712890625,48.05781555175781,1,14.687989234924316,4441.33349609375,4435.626953125,-164.70152282714844,-130.79905700683594,-77.02587890625,920.621826171875,1310.7376708984375,7.056373596191406,1,15.164566040039062,4555.380859375,4721.16259765625,-168.53408813476562,-138.841064453125,-92.1865234375,785.676025390625,706.6436767578125,232.9811553955078,1,24.120771408081055,7752.94482421875,7595.1806640625,-296.68743896484375,-235.284912109375,167.15869140625,840.62646484375,672.3895263671875,83.08804321289062,1,24.955066680908203,7724.96337890625,7425.3115234375,-305.28094482421875,-242.20053100585938,487.254150390625,655.63232421875,363.6566162109375,319.8692626953125,1,24.641799926757812,7658.6162109375,6723.9296875,-304.4412536621094,-223.1114044189453,542.5732421875,826.439697265625,296.114013671875,79.80418395996094,1,32.96242904663086,10492.478515625,9201.5185546875,-426.2528381347656,-316.7587890625,1045.1220703125,971.287353515625,1166.8402099609375,111.22552490234375,1,16.456195831298828,4940.8037109375,4882.8583984375,-183.6233673095703,-144.45263671875,-72.278564453125,878.285888671875,1287.146240234375,12.003692626953125,1,15.958694458007812,4955.27783203125,5092.9326171875,-183.05381774902344,-149.39024353027344,-109.99365234375,871.20703125,1126.4300537109375,251.5583038330078,1,16.550045013427734,5203.3037109375,5286.40673828125,-187.6003875732422,-149.2581329345703,-268.232177734375,1007.777099609375,1075.4248046875,-21.39078140258789,1,18.997467041015625,5739.4462890625,5718.140625,-217.37876892089844,-174.26564025878906,50.47998046875,633.63818359375,734.4007568359375,378.376708984375,1,18.38677215576172,5670.6220703125,5795.8603515625,-210.7102813720703,-171.5186309814453,-85.004638671875,978.222900390625,598.553466796875,-91.07758331298828,1,22.77423095703125,7117.1201171875,7288.9033203125,-255.94602966308594,-205.09457397460938,-388.44189453125,SN000368420812,Pumba,72518.366,2025-12-19T19:08:38.367Z,1765551354825360100,3D
629.169677734375,18.001220703125,420.84478759765625,1,29.045745849609375,8481.90625,7747.6279296875,-351.42681884765625,-273.9708557128906,1073.968994140625,848.90185546875,-64.239501953125,131.69741821289062,1,28.34906005859375,7973.1064453125,7731.1220703125,-315.3575744628906,-252.39039611816406,514.995849609375,946.2158203125,1311.40380859375,157.9271240234375,1,16.76296615600586,5272.3203125,5558.54541015625,-191.5641632080078,-159.16917419433594,-223.26708984375,762.819580078125,906.273193359375,338.691650390625,1,18.194677352905273,5514.7890625,5432.404296875,-210.44171142578125,-167.5353240966797,100.444580078125,1019.42578125,812.8287353515625,-52.885833740234375,1,21.787494659423828,6678.11328125,6353.61474609375,-253.25416564941406,-194.12608337402344,69.384765625,896.390869140625,1324.066162109375,50.01509094238281,1,15.368169784545898,4862.25048828125,4864.4873046875,-176.21636962890625,-138.33596801757812,-220.534912109375,922.15185546875,1315.0250244140625,8.967613220214844,1,16.135517120361328,5009.77490234375,5225.6845703125,-183.5431671142578,-151.4482421875,-161.649169921875,783.602783203125,707.577392578125,232.8696746826172,1,25.45311164855957,8567.70703125,8228.990234375,-321.9421081542969,-247.64962768554688,-12.380859375,838.869873046875,672.7391357421875,82.98796081542969,1,25.252676010131836,7869.0078125,7617.6435546875,-309.6454772949219,-246.68359375,452.18505859375,655.54150390625,363.2943115234375,319.7799072265625,1,25.91980743408203,8173.3193359375,6818.197265625,-330.1470947265625,-233.8526153564453,752.331787109375,826.459716796875,295.8929443359375,79.82972717285156,1,31.179624557495117,9766.96875,8810.8720703125,-393.6950378417969,-298.42724609375,871.27001953125,971.183837890625,1167.4163818359375,111.29585266113281,1,16.748762130737305,5010.6669921875,4895.3623046875,-188.50787353515625,-147.64291381835938,2.45556640625,879.765869140625,1291.1064453125,12.298675537109375,1,16.344558715820312,5100.21630859375,5219.71923828125,-189.02108764648438,-153.85374450683594,-93.025390625,870.64306640625,1126.9024658203125,251.58241271972656,1,17.295352935791016,5482.70556640625,5694.2119140625,-197.71726989746094,-161.06214904785156,-281.52490234375,1011.188232421875,1076.2034912109375,-20.482654571533203,1,19.22235679626465,5788.779296875,5639.99462890625,-222.202880859375,-175.6095733642578,148.81494140625,635.385986328125,732.78466796875,377.2620849609375,1,18.635175704956055,5780.669921875,5778.80078125,-216.52906799316406,-173.0946502685547,-29.48193359375,978.168212890625,598.5225830078125,-90.49327087402344,1,22.976661682128906,7035.14208984375,7423.060546875,-255.7591094970703,-212.75929260253906,-292.38427734375,SN000368420812,Pumba,72518.466,2025-12-19T19:08:38.484Z,1765551354857595300,3D
630.359130859375,13.876953125,418.10418701171875,1,28.744462966918945,8384.486328125,8022.728515625,-342.53741455078125,-275.7558288574219,900.87451171875,850.72802734375,-66.15869140625,132.47488403320312,1,28.840415954589844,8377.287109375,7900.61865234375,-327.396484375,-253.5411834716797,409.717041015625,948.854736328125,1311.856689453125,157.53843688964844,1,16.726001739501953,5315.7099609375,5656.55517578125,-190.68209838867188,-158.98797607421875,-306.6337890625,764.023193359375,905.4493408203125,338.3970947265625,1,18.8035945892334,5779.0419921875,5407.53955078125,-223.6711883544922,-170.87945556640625,209.2138671875,1022.960205078125,808.969970703125,-50.876953125,1,21.869495391845703,6681.595703125,6531.76416015625,-252.28231811523438,-198.1251678466797,32.82666015625,895.345703125,1324.6729736328125,51.321929931640625,1,14.99555778503418,4597.2626953125,4577.1572265625,-169.80043029785156,-134.1075897216797,-102.56396484375,919.467529296875,1314.910400390625,9.408218383789062,1,15.881295204162598,4835.41845703125,5038.15283203125,-179.22572326660156,-148.59237670898438,-87.208984375,783.6875,706.03564453125,233.06089782714844,1,24.01524543762207,7714.65234375,7633.6943359375,-294.1258850097656,-235.04954528808594,130.03662109375,840.263427734375,671.178466796875,83.53790283203125,1,25.07440948486328,7737.92138671875,7564.865234375,-305.55389404296875,-246.14303588867188,480.121826171875,659.2255859375,360.3365478515625,320.8118896484375,1,25.15581512451172,7904.90380859375,6741.5732421875,-315.8636169433594,-226.32693481445312,613.8369140625,827.28173828125,294.072021484375,79.80714416503906,1,29.358051300048828,9365.662109375,8216.15234375,-369.12701416015625,-268.6791687011719,557.7236328125,971.005859375,1166.6380615234375,110.50668334960938,1,16.638761520385742,5024.419921875,4940.7939453125,-186.78140258789062,-146.2136688232422,-71.926025390625,876.797119140625,1291.731689453125,14.440093994140625,1,16.2607421875,5214.8837890625,5244.42333984375,-189.8338623046875,-150.227294921875,-209.16064453125,870.5986328125,1126.90966796875,251.27259826660156,1,16.695234298706055,5244.97265625,5284.572265625,-190.2654571533203,-150.57083129882812,-231.8876953125,1011.135986328125,1072.562255859375,-19.734359741210938,1,19.188383102416992,5790.3955078125,5780.22265625,-219.9528045654297,-176.9575653076172,72.239013671875,637.404541015625,731.268798828125,377.46502685546875,1,18.400196075439453,5670.49267578125,5753.1875,-211.50881958007812,-171.23333740234375,-58.387451171875,976.352783203125,596.3519287109375,-92.57777404785156,1,22.91796112060547,7086.60009765625,7271.0361328125,-257.7867126464844,-208.28512573242188,-289.38623046875,SN000368420812,Pumba,72518.6,2025-12-19T19:08:38.601Z,1765551354905364600,3D
638.197998046875,14.324462890625,419.69915771484375,1,28.615585327148438,8404.341796875,7684.26123046875,-345.0252685546875,-267.71502685546875,958.58056640625,852.763427734375,-66.021728515625,131.2413787841797,1,28.560449600219727,8189.919921875,7707.865234375,-322.2489013671875,-250.10362243652344,472.908447265625,945.552978515625,1311.683349609375,155.96237182617188,1,16.580394744873047,5187.9658203125,5506.17529296875,-188.0694122314453,-157.19094848632812,-233.833984375,763.790283203125,905.622314453125,339.76617431640625,1,18.38227653503418,5537.5107421875,5505.6875,-212.25930786132812,-170.947265625,132.35498046875,1018.571044921875,808.638671875,-53.560951232910156,1,21.510120391845703,6522.84912109375,6311.0771484375,-246.83154296875,-192.122314453125,50.27099609375,896.880615234375,1323.559814453125,47.22053527832031,1,15.442642211914062,4835.322265625,4943.212890625,-175.85133361816406,-141.5205841064453,-199.04541015625,923.14453125,1314.1826171875,6.4710540771484375,1,15.632125854492188,4797.86572265625,5087.6728515625,-174.71388244628906,-146.22097778320312,-189.8974609375,783.093017578125,706.55126953125,233.3547821044922,1,25.160934448242188,8382.7578125,8137.8193359375,-315.7568664550781,-245.86843872070312,13.372802734375,837.18408203125,671.8631591796875,82.71788024902344,1,24.80927276611328,7705.533203125,7373.724609375,-303.5964660644531,-239.45501708984375,455.671630859375,655.93212890625,361.2349853515625,320.1834716796875,1,25.718704223632812,8058.81005859375,6860.72412109375,-324.4687805175781,-233.42996215820312,707.039306640625,825.00927734375,294.388427734375,79.66127014160156,1,29.739213943481445,9412.5185546875,8327.720703125,-373.58636474609375,-275.4085693359375,647.0673828125,971.08935546875,1167.0810546875,110.60992431640625,1,16.526203155517578,4962.55419921875,4887.8203125,-184.7440185546875,-144.97914123535156,-62.260009765625,880.644287109375,1290.2646484375,9.507980346679688,1,15.67385482788086,4806.67724609375,5041.49169921875,-176.94288635253906,-147.1935272216797,-127.106689453125,869.1923828125,1127.0615234375,250.4944305419922,1,16.824148178100586,5323.0927734375,5356.228515625,-192.5843505859375,-151.9568328857422,-252.503173828125,1009.671875,1072.289306640625,-20.01807403564453,1,19.095478057861328,5766.654296875,5710.5498046875,-218.97732543945312,-174.75352478027344,69.54248046875,636.321533203125,731.7196044921875,378.39453125,1,18.964824676513672,5858.033203125,6019.984375,-219.16580200195312,-180.02825927734375,-38.591064453125,974.7763671875,595.062255859375,-94.45150756835938,1,23.555540084838867,7280.564453125,7323.1826171875,-269.2843017578125,-215.09336853027344,-150.331298828125,SN000368420812,Pumba,72518.7,2025-12-19T19:08:38.713Z,1765551354937883700,3D
634.673095703125,16.670166015625,423.7823486328125,1,28.651506423950195,8557.509765625,7738.896484375,-347.2645263671875,-264.96380615234375,841.73583984375,852.526123046875,-63.932861328125,130.2427215576172,1,28.16362762451172,8007.7001953125,7894.1826171875,-311.16644287109375,-250.45704650878906,332.970947265625,944.808837890625,1314.466552734375,158.53097534179688,1,16.666996002197266,5212.146484375,5573.02392578125,-188.99851989746094,-159.2312469482422,-233.223388671875,763.717529296875,905.4117431640625,339.63128662109375,1,18.663326263427734,5737.486328125,5387.54638671875,-221.19906616210938,-169.14373779296875,179.13623046875,1019.4345703125,811.9219970703125,-52.572052001953125,1,22.492504119873047,6871.087890625,6527.017578125,-264.0491027832031,-203.76284790039062,186.3955078125,892.386962890625,1321.001220703125,51.25315856933594,1,15.55914306640625,4933.53955078125,4966.259765625,-178.87960815429688,-141.3811492919922,-221.215576171875,917.405517578125,1310.384521484375,10.100021362304688,1,15.391242027282715,4725.91015625,4912.6845703125,-172.10980224609375,-141.07196044921875,-186.410888671875,783.298095703125,707.2413330078125,232.6133575439453,1,24.235183715820312,7735.2568359375,7545.4697265625,-298.4853210449219,-236.85891723632812,248.813232421875,839.42333984375,673.3585205078125,82.76011657714844,1,24.60686492919922,7598.89794921875,7367.263671875,-299.16790771484375,-238.74305725097656,441.92626953125,658.9345703125,362.17626953125,322.40130615234375,1,25.422359466552734,7938.60546875,6786.1572265625,-319.3887634277344,-230.48756408691406,688.630859375,827.3173828125,296.3504638671875,79.68348693847656,1,30.3107852935791,9548.767578125,8502.8994140625,-381.775390625,-284.51171875,748.46435546875,969.81787109375,1168.5330810546875,113.94523620605469,1,16.548606872558594,4954.12841796875,4898.662109375,-184.76380920410156,-145.7266845703125,-51.0927734375,875.515625,1285.9482421875,15.558212280273438,1,15.863973617553711,4894.4453125,5149.6572265625,-179.62132263183594,-149.67686462402344,-147.82373046875,867.144287109375,1128.3551025390625,252.7709503173828,1,16.794832229614258,5323.1298828125,5345.96142578125,-192.38658142089844,-151.39849853515625,-259.10986328125,1007.576416015625,1074.9434814453125,-17.646408081054688,1,19.257444381713867,5801.65869140625,5764.447265625,-221.19529724121094,-177.50286865234375,99.372314453125,636.5263671875,731.25439453125,376.44482421875,1,18.96071434020996,5844.0693359375,6117.51123046875,-217.73269653320312,-181.83872985839844,-68.67041015625,976.581787109375,598.47607421875,-93.6494369506836,1,23.071060180664062,7183.4296875,7357.72900390625,-260.6385498046875,-209.9110107421875,-315.684326171875,SN000368420812,Pumba,72518.8,2025-12-19T19:08:38.832Z,1765551354969159100,3D
632.810302734375,19.673828125,424.28546142578125,1,29.72844696044922,8815.2275390625,7989.7490234375,-363.70611572265625,-280.94122314453125,1065.074462890625,847.643310546875,-61.622802734375,132.25936889648438,1,28.41036605834961,8188.0888671875,7719.09228515625,-320.09014892578125,-247.83493041992188,403.6455078125,950.0673828125,1314.447998046875,156.2220458984375,1,16.582374572753906,5268.2822265625,5506.5029296875,-189.85299682617188,-155.6534423828125,-274.953369140625,764.18115234375,905.123291015625,338.80462646484375,1,18.547231674194336,5731.18359375,5363.267578125,-219.82798767089844,-166.99658203125,141.559326171875,1020.759033203125,808.6893310546875,-53.0940055847168,1,21.86764907836914,6649.9287109375,6395.8974609375,-253.26475524902344,-196.73887634277344,104.900634765625,894.435302734375,1322.38037109375,50.98320007324219,1,15.622770309448242,4984.80322265625,5054.87646484375,-179.70806884765625,-142.6807098388672,-257.7265625,917.58544921875,1310.69287109375,9.169151306152344,1,15.809412002563477,4831.59130859375,5005.03369140625,-178.63902282714844,-147.04078674316406,-101.88134765625,783.9326171875,707.4827880859375,232.9119110107422,1,23.978551864624023,7619.509765625,7534.580078125,-293.04840087890625,-235.18336486816406,213.031494140625,837.9384765625,673.9273681640625,82.62045288085938,1,24.957027435302734,7775.35400390625,7567.375,-304.66656494140625,-243.35353088378906,404.010986328125,657.5087890625,363.572021484375,320.54638671875,1,25.061077117919922,7876.4755859375,6697.1875,-314.3712463378906,-224.4612274169922,599.86669921875,825.63037109375,297.7967529296875,80.17890930175781,1,29.1331787109375,9061.80078125,8306.923828125,-359.29425048828125,-273.4220886230469,610.96142578125,970.240966796875,1167.2261962890625,111.43295288085938,1,16.5465030670166,4958.15966796875,4896.65087890625,-184.93861389160156,-145.6946258544922,-50.338623046875,875.142822265625,1287.8828125,16.165206909179688,1,16.05181312561035,4990.142578125,5194.4140625,-183.43316650390625,-151.288330078125,-140.893310546875,871.1748046875,1125.815185546875,252.3281707763672,1,16.530384063720703,5231.2685546875,5260.7705078125,-188.30349731445312,-148.0481719970703,-279.832763671875,1005.474609375,1070.991943359375,-18.78002166748047,1,19.245586395263672,5784.36328125,5757.541015625,-220.99139404296875,-177.85215759277344,114.175048828125,637.516357421875,731.6793212890625,377.72833251953125,1,19.388351440429688,6089.9169921875,5823.5380859375,-231.57199096679688,-178.68829345703125,83.263916015625,974.370849609375,596.79150390625,-95.5557632446289,1,22.411605834960938,6926.25927734375,7078.09375,-250.47146606445312,-200.86749267578125,-331.787841796875,SN000368420812,Pumba,72518.933,2025-12-19T19:08:38.966Z,1765551355001596300,3D
632.63427734375,15.2958984375,423.27099609375,1,29.781326293945312,8808.193359375,7944.775390625,-365.0786437988281,-281.626708984375,1119.314697265625,853.6025390625,-65.160400390625,130.7245635986328,1,27.546619415283203,7619.240234375,7477.45263671875,-301.2893371582031,-243.8045654296875,490.232177734375,942.19140625,1314.222900390625,159.66261291503906,1,16.3868465423584,5147.169921875,5425.4912109375,-185.743896484375,-153.77113342285156,-260.011474609375,764.3349609375,904.730224609375,339.634765625,1,18.72900390625,5728.21826171875,5376.2861328125,-221.99932861328125,-170.23780822753906,217.22509765625,1019.29296875,813.6591796875,-52.857032775878906,1,21.9227294921875,6646.19970703125,6703.728515625,-249.99598693847656,-202.12411499023438,1.238525390625,895.64501953125,1325.790283203125,49.92759704589844,1,15.168071746826172,4793.9990234375,4882.49853515625,-172.1250762939453,-136.98045349121094,-270.982177734375,922.711181640625,1316.30419921875,9.716407775878906,1,15.487611770629883,4809.49560546875,5067.1494140625,-173.20205688476562,-143.16932678222656,-254.507568359375,784.668212890625,706.3388671875,233.10707092285156,1,25.354890823364258,8410.279296875,8270.6240234375,-317.2906494140625,-250.49649047851562,29.865478515625,839.077392578125,673.09228515625,82.21458435058594,1,25.060266494750977,7792.22998046875,7612.318359375,-305.9123229980469,-245.47113037109375,424.23388671875,657.945068359375,361.00341796875,320.9140625,1,24.8656005859375,7638.8115234375,6828.7548828125,-305.8510437011719,-228.9633331298828,613.99853515625,826.842529296875,295.5184326171875,79.84173583984375,1,28.927753448486328,8848.12109375,8294.2333984375,-352.8658447265625,-275.05474853515625,664.492919921875,969.279296875,1169.22119140625,114.39634704589844,1,16.498130798339844,4968.80224609375,4864.0546875,-184.82957458496094,-144.0752716064453,-67.224609375,880.152587890625,1292.37890625,11.98675537109375,1,16.000944137573242,4980.63623046875,5226.671875,-182.26353454589844,-151.24874877929688,-167.80419921875,870.00927734375,1128.1622314453125,255.6096649169922,1,16.65842628479004,5217.66162109375,5240.19873046875,-189.73770141601562,-149.8563232421875,-215.298583984375,1006.096923828125,1077.116943359375,-18.683822631835938,1,19.242158889770508,5813.90234375,5804.119140625,-220.89047241210938,-177.7443389892578,73.98046875,637.488525390625,730.0228271484375,376.97491455078125,1,19.23651885986328,6005.7158203125,6080.4931640625,-224.83184814453125,-181.98680114746094,-35.063720703125,978.10498046875,599.0872802734375,-91.48966217041016,1,23.2365665435791,7086.18212890625,7294.33349609375,-261.8771667480469,-214.1110076904297,-153.31201171875,SN000368420812,Pumba,72519.066,2025-12-19T19:08:39.097Z,1765551355033528300,3D
632.333251953125,14.20751953125,418.4842529296875,1,28.506357192993164,8278.822265625,7697.994140625,-340.9642333984375,-268.9582214355469,980.60205078125,852.119384765625,-65.505615234375,131.50746154785156,1,29.094507217407227,8225.6845703125,8061.56298828125,-325.60040283203125,-263.2776184082031,539.376708984375,944.80419921875,1311.08203125,158.32638549804688,1,16.816076278686523,5237.875,5583.7783203125,-191.5472869873047,-161.52703857421875,-180.8720703125,764.2939453125,906.28955078125,338.65765380859375,1,18.48957061767578,5573.4931640625,5564.80419921875,-213.60488891601562,-172.71981811523438,132.060302734375,1017.66015625,811.5350341796875,-53.63314437866211,1,21.9515380859375,6712.46337890625,6468.4609375,-254.76092529296875,-197.85777282714844,76.458251953125,894.84912109375,1324.182373046875,50.249664306640625,1,15.381961822509766,4825.3486328125,4887.451171875,-175.55738830566406,-139.93975830078125,-196.345947265625,920.9228515625,1316.177001953125,9.060775756835938,1,16.60150146484375,5353.39404296875,5756.724609375,-189.8697509765625,-159.22515869140625,-380.700439453125,784.658203125,706.6126708984375,233.3105010986328,1,25.413856506347656,8506.2578125,8191.8095703125,-320.7512512207031,-247.92823791503906,24.8173828125,838.47216796875,672.72216796875,82.31355285644531,1,25.1597843170166,7871.5029296875,7584.17578125,-308.9740905761719,-244.71878051757812,426.810546875,657.19482421875,361.5865478515625,321.5745849609375,1,25.22144317626953,7922.8173828125,6733.59716796875,-316.9390563964844,-226.5869140625,627.149658203125,825.25927734375,295.1094970703125,79.72991943359375,1,30.024635314941406,9322.798828125,8432.1923828125,-374.52056884765625,-283.9402770996094,789.959716796875,972.001953125,1168.2982177734375,111.38204956054688,1,16.838279724121094,5043.994140625,4941.07177734375,-189.9401092529297,-149.2434844970703,8.325439453125,878.92919921875,1291.32373046875,11.990081787109375,1,16.253314971923828,5014.77685546875,5074.01806640625,-188.05459594726562,-152.26454162597656,-18.46630859375,871.159912109375,1128.214599609375,252.03004455566406,1,16.82681655883789,5338.8759765625,5372.451171875,-192.78175354003906,-151.9512176513672,-265.658203125,1011.48095703125,1075.3741455078125,-20.016727447509766,1,18.91411590576172,5726.115234375,5649.015625,-216.95884704589844,-172.28207397460938,53.186767578125,638.062255859375,731.3140869140625,377.05914306640625,1,17.99063491821289,5458.693359375,5542.7451171875,-204.43276977539062,-166.00338745117188,-28.632568359375,983.3056640625,595.370849609375,-90.26378631591797,1,23.3116512298584,7101.51123046875,7353.8134765625,-262.3268737792969,-215.74696350097656,-157.521240234375,SN000368420812,Pumba,72519.2,2025-12-19T19:08:39.220Z,1765551355065362200,3D
634.0634765625,17.312255859375,423.07598876953125,1,29.31662368774414,8599.138671875,7718.99853515625,-357.477783203125,-275.15045166015625,1128.254150390625,850.023193359375,-63.205810546875,130.56378173828125,1,28.93659782409668,8316.70703125,7854.57421875,-327.8002014160156,-255.5014190673828,498.70947265625,944.896240234375,1315.4512939453125,156.870849609375,1,16.457618713378906,5138.06201171875,5422.53271484375,-186.65003967285156,-155.24005126953125,-218.6259765625,764.80810546875,905.5772705078125,340.4593505859375,1,18.372520446777344,5558.0654296875,5502.5947265625,-212.57159423828125,-170.27810668945312,117.057861328125,1018.688720703125,810.4959716796875,-49.538658142089844,1,21.631099700927734,6538.5185546875,6429.7041015625,-247.69744873046875,-196.04550170898438,59.38232421875,895.26904296875,1322.199951171875,48.52030944824219,1,15.44565200805664,4906.423828125,4905.46728515625,-177.69178771972656,-139.3383331298828,-226.760498046875,920.710205078125,1309.923828125,8.202033996582031,1,15.256999969482422,4607.68212890625,4772.80712890625,-169.94190979003906,-139.69952392578125,-110.765380859375,782.714111328125,706.366455078125,233.34080505371094,1,24.69124412536621,7866.55908203125,7682.6962890625,-305.2798156738281,-243.30963134765625,310.18408203125,837.599365234375,672.87353515625,83.25962829589844,1,25.316322326660156,7945.8193359375,7687.01953125,-311.2242431640625,-247.1387481689453,408.6630859375,656.828125,362.0673828125,321.0877685546875,1,26.324216842651367,8221.3251953125,6837.3642578125,-336.01385498046875,-239.49612426757812,886.890625,826.52978515625,296.51123046875,79.84538269042969,1,30.065460205078125,9288.173828125,8545.638671875,-373.1145324707031,-287.2352294921875,786.554931640625,968.555419921875,1167.1400146484375,114.80279541015625,1,16.579322814941406,4989.4150390625,4929.59375,-185.46337890625,-145.8754119873047,-71.933349609375,877.84619140625,1287.2962646484375,13.084236145019531,1,15.988495826721191,4934.9970703125,5081.6328125,-182.9585418701172,-149.88327026367188,-87.82470703125,866.67236328125,1128.860595703125,254.02357482910156,1,16.714000701904297,5297.15673828125,5402.97705078125,-190.08738708496094,-151.47019958496094,-302.89990234375,1006.369384765625,1073.2291259765625,-16.248458862304688,1,19.022380828857422,5671.025390625,5668.2978515625,-216.8082733154297,-175.26393127441406,116.96044921875,642.1689453125,729.0833740234375,379.2178955078125,1,18.555513381958008,5712.58203125,5721.3115234375,-214.57569885253906,-172.1212921142578,-9.240966796875,974.63671875,597.766357421875,-90.92875671386719,1,22.55551528930664,6883.4912109375,7172.73388671875,-249.9008026123047,-205.02047729492188,-297.292236328125,SN000368420812,Pumba,72519.333,2025-12-19T19:08:39.343Z,1765551355097751500,3D
634.271728515625,19.56884765625,420.05572509765625,1,27.75581932067871,8162.103515625,7438.8359375,-331.9442138671875,-255.36688232421875,827.28271484375,844.8408203125,-62.968994140625,132.08627319335938,1,28.28946876525879,8202.9482421875,7801.66015625,-317.9767761230469,-246.99131774902344,315.0458984375,949.126708984375,1311.962158203125,157.98068237304688,1,16.486419677734375,5201.7080078125,5442.24365234375,-188.1336669921875,-154.69631958007812,-248.876708984375,767.968994140625,904.2464599609375,339.55914306640625,1,18.52660369873047,5676.44140625,5316.240234375,-219.04791259765625,-167.17559814453125,184.009521484375,1020.27783203125,808.890625,-54.12248992919922,1,21.56488037109375,6581.02294921875,6437.658203125,-247.4141082763672,-193.93572998046875,-3.02978515625,895.130615234375,1321.003662109375,51.94447326660156,1,15.334267616271973,4880.177734375,4899.56640625,-175.71348571777344,-137.92489624023438,-259.572509765625,919.36376953125,1311.109375,10.26519775390625,1,15.432977676391602,4713.63916015625,4891.1650390625,-172.65151977539062,-141.67494201660156,-153.14306640625,785.04248046875,708.912109375,233.2837677001953,1,24.905067443847656,8249.2919921875,7847.271484375,-313.4202575683594,-240.45518493652344,102.4482421875,840.419189453125,672.8446044921875,84.02702331542969,1,24.969680786132812,7801.3076171875,7519.240234375,-305.97821044921875,-242.31858825683594,415.09423828125,658.563232421875,364.5645751953125,319.5654296875,1,25.972986221313477,8105.2890625,6979.55419921875,-327.4868469238281,-238.59759521484375,749.05517578125,826.705078125,296.6778564453125,79.37129211425781,1,30.446430206298828,9671.4921875,8532.29296875,-385.5418395996094,-284.3335876464844,720.173828125,973.03369140625,1167.0894775390625,111.3223876953125,1,16.627899169921875,4958.48583984375,4858.0380859375,-186.497802734375,-146.4595947265625,0.9287109375,877.50048828125,1286.865478515625,15.890396118164062,1,15.99151611328125,4957.8974609375,5087.2001953125,-183.2760772705078,-149.37197875976562,-105.86474609375,871.8984375,1125.473876953125,250.5321502685547,1,17.050840377807617,5383.5458984375,5538.2763671875,-194.76223754882812,-157.32733154296875,-255.76904296875,1006.221923828125,1071.3929443359375,-20.23790740966797,1,19.12793731689453,5740.3916015625,5676.35546875,-219.57241821289062,-175.69749450683594,122.0087890625,639.63134765625,731.617431640625,376.93780517578125,1,18.726579666137695,5704.47265625,5760.3671875,-215.9521942138672,-175.3983612060547,46.52294921875,976.681884765625,595.845703125,-94.04876708984375,1,23.89237403869629,7299.99462890625,7379.478515625,-273.60150146484375,-221.2655487060547,-31.5068359375,SN000368420812,Pumba,72519.466,2025-12-19T19:08:39.474Z,1765551355129961100,3D
639.52392578125,15.19873046875,418.62835693359375,1,28.078115463256836,8321.826171875,7613.3642578125,-337.2254638671875,-259.719970703125,803.025146484375,852.298828125,-65.28271484375,132.0872039794922,1,29.035266876220703,8356.044921875,8100.0078125,-327.5207824707031,-260.709716796875,440.30712890625,947.857177734375,1313.852294921875,157.26797485351562,1,16.741592407226562,5279.779296875,5620.95361328125,-190.5423583984375,-159.42715454101562,-266.427001953125,765.01025390625,902.162841796875,339.20770263671875,1,18.553939819335938,5616.16796875,5666.4013671875,-213.8541717529297,-174.09217834472656,87.095458984375,1022.894775390625,808.9884033203125,-50.59394836425781,1,22.325515747070312,6835.625,6487.9970703125,-261.5562438964844,-201.1410369873047,148.030517578125,893.114013671875,1322.693603515625,51.44709777832031,1,15.508875846862793,4943.1142578125,5006.3232421875,-177.888916015625,-140.90426635742188,-265.993408203125,916.5908203125,1311.07666015625,9.714149475097656,1,15.740462303161621,4831.98388671875,5025.474609375,-177.42794799804688,-146.12818908691406,-142.503662109375,785.60595703125,704.9642333984375,233.6107635498047,1,25.831846237182617,8627.2919921875,8255.158203125,-327.898193359375,-253.07164001464844,110.66650390625,840.43603515625,670.9686279296875,83.46820068359375,1,24.92110252380371,7743.8720703125,7441.97802734375,-305.0379333496094,-241.5120849609375,455.605224609375,655.173095703125,361.7064208984375,320.1954345703125,1,25.195114135742188,7789.302734375,6771.34375,-313.7425537109375,-230.00857543945312,687.78076171875,827.083251953125,294.3592529296875,79.42962646484375,1,28.927570343017578,8963.560546875,8103.98828125,-357.2209777832031,-269.3263854980469,664.815185546875,968.765380859375,1166.270263671875,112.08445739746094,1,16.564498901367188,4964.9755859375,4928.197265625,-184.73435974121094,-146.07176208496094,-65.59375,873.894775390625,1288.451416015625,16.227317810058594,1,16.037734985351562,5006.1005859375,5200.2978515625,-183.42547607421875,-150.70677185058594,-161.0546875,866.5673828125,1125.148193359375,250.97938537597656,1,16.738901138305664,5341.8828125,5396.4267578125,-191.21585083007812,-150.5799102783203,-321.292236328125,1006.3271484375,1071.91650390625,-18.88904571533203,1,19.150789260864258,5754.4951171875,5728.1748046875,-219.45950317382812,-176.457763671875,100.676025390625,641.063720703125,726.1195068359375,376.9107666015625,1,18.72058868408203,5802.525390625,5851.287109375,-216.82977294921875,-174.630859375,-46.749267578125,973.946533203125,597.548583984375,-94.06735229492188,1,23.180545806884766,7205.6357421875,7383.4921875,-262.12548828125,-211.50067138671875,-294.1015625,SN000368420812,Pumba,72519.6,2025-12-19T19:08:39.600Z,1765551355161597600,3D
634.255615234375,14.7490234375,421.71746826171875,1,28.759084701538086,8487.3095703125,7747.525390625,-347.23193359375,-268.4808044433594,928.244873046875,850.313232421875,-66.059326171875,131.17987060546875,1,27.771076202392578,7713.05712890625,7692.134765625,-302.9201965332031,-247.9111328125,427.279541015625,949.83935546875,1311.8983154296875,158.25779724121094,1,16.60222625732422,5170.1826171875,5444.00634765625,-188.8831329345703,-157.16549682617188,-184.689208984375,765.668701171875,903.7607421875,339.3883056640625,1,18.784931182861328,5640.4482421875,5639.90771484375,-217.75814819335938,-177.02313232421875,186.183349609375,1023.930908203125,808.5302734375,-52.65874099731445,1,21.389965057373047,6487.07470703125,6293.4990234375,-244.778564453125,-190.7107696533203,26.8642578125,895.5556640625,1324.6331787109375,52.36784362792969,1,15.416481018066406,4859.53466796875,4947.91259765625,-175.92799377441406,-140.62074279785156,-226.716064453125,919.43359375,1314.9654541015625,10.268180847167969,1,15.358438491821289,4644.7734375,4847.822265625,-171.08924865722656,-141.6522674560547,-119.0185546875,784.070068359375,705.8802490234375,233.0903778076172,1,25.159452438354492,8460.56640625,8089.0927734375,-317.6523132324219,-243.10873413085938,-20.87158203125,839.586181640625,671.65673828125,82.94908142089844,1,24.707233428955078,7698.900390625,7534.619140625,-300.1533508300781,-240.3253631591797,349.835205078125,657.53857421875,360.72265625,320.7021484375,1,25.609729766845703,8020.28076171875,6832.451171875,-322.91595458984375,-232.4488067626953,703.6201171875,826.10498046875,294.4058837890625,79.39804077148438,1,29.42987060546875,9017.33984375,8673.6201171875,-357.8832702636719,-284.8143615722656,619.678955078125,971.493896484375,1166.8524169921875,110.79997253417969,1,16.611223220825195,4977.8212890625,4935.53125,-185.66758728027344,-146.85385131835938,-50.706298828125,876.84814453125,1291.6478271484375,15.573440551757812,1,15.712648391723633,4844.912109375,5096.1982421875,-177.5244903564453,-147.7739715576172,-155.535400390625,869.6474609375,1125.9066162109375,250.55738830566406,1,17.014570236206055,5474.4599609375,5272.66845703125,-199.08583068847656,-150.4375457763672,-225.89453125,1007.29833984375,1071.853271484375,-20.490150451660156,1,19.2955322265625,5813.56201171875,5733.5908203125,-222.44065856933594,-177.56634521484375,125.78173828125,640.577880859375,728.4224853515625,378.71832275390625,1,18.68483543395996,5786.17041015625,5860.3564453125,-215.67303466796875,-174.22982788085938,-64.655517578125,974.34375,596.478271484375,-94.3043441772461,1,22.650959014892578,7039.4609375,7256.27978515625,-253.73526000976562,-204.99891662597656,-364.86572265625,SN000368420812,Pumba,72519.7,2025-12-19T19:08:39.708Z,1765551355193664700,3D
632.7412109375,17.435546875,425.25457763671875,1,28.53038215637207,8488.44921875,7685.21240234375,-345.26177978515625,-264.088623046875,861.499755859375,850.807373046875,-65.13623046875,129.4230499267578,1,29.030071258544922,8414.7919921875,7988.62109375,-329.36163330078125,-256.8870544433594,428.072998046875,946.39501953125,1314.8974609375,155.52578735351562,1,16.975616455078125,5311.61376953125,5595.9765625,-194.52008056640625,-162.1411895751953,-174.311767578125,766.438232421875,904.694580078125,339.70751953125,1,18.819725036621094,5776.23095703125,5423.8232421875,-223.41648864746094,-171.185302734375,204.2998046875,1028.2451171875,809.4730224609375,-51.6887321472168,1,21.79879379272461,6614.1943359375,6503.8046875,-249.98745727539062,-197.5846710205078,40.90380859375,898.370849609375,1331.2030029296875,47.302703857421875,1,15.458826065063477,4899.3203125,4935.2763671875,-177.35581970214844,-140.15225219726562,-229.031005859375,923.677001953125,1320.31640625,6.427925109863281,1,15.454524993896484,4660.6640625,4863.30078125,-172.48736572265625,-143.11727905273438,-92.509033203125,784.419921875,706.1712646484375,233.5817413330078,1,24.863079071044922,8241.244140625,7993.26708984375,-310.85986328125,-242.0438995361328,27.6396484375,839.19140625,671.8740234375,83.41510009765625,1,24.715648651123047,7648.24951171875,7410.8056640625,-300.8822326660156,-239.87789916992188,437.181396484375,656.65185546875,362.2061767578125,321.97222900390625,1,25.21964454650879,7758.40087890625,6959.75732421875,-311.09588623046875,-233.843017578125,638.62939453125,826.13134765625,295.100830078125,79.64640808105469,1,29.690872192382812,9269.498046875,8256.6396484375,-371.198974609375,-277.00262451171875,746.376953125,967.6845703125,1167.7191162109375,109.991455078125,1,16.52635383605957,4951.5908203125,4898.0048828125,-184.4019317626953,-145.37457275390625,-59.917724609375,879.638916015625,1299.5635986328125,9.452354431152344,1,15.823659896850586,4879.18017578125,5077.0517578125,-179.86090087890625,-148.50180053710938,-120.85498046875,867.984619140625,1127.57861328125,250.90467834472656,1,16.803421020507812,5333.029296875,5346.7119140625,-192.6186981201172,-151.245849609375,-263.76220703125,1005.826904296875,1072.0780029296875,-20.01409149169922,1,19.06978416442871,5713.2314453125,5697.5087890625,-217.94464111328125,-175.58062744140625,101.956298828125,640.634765625,730.0411376953125,378.222412109375,1,18.413911819458008,5563.12890625,5833.8837890625,-208.29904174804688,-174.70672607421875,-30.77587890625,973.357421875,599.2728271484375,-94.52625274658203,1,23.089345932006836,7074.251953125,7186.423828125,-260.986572265625,-210.3043212890625,-167.94091796875,SN000368420812,Pumba,72519.8,2025-12-19T19:08:39.815Z,1765551355225951600,3D
638.08056640625,15.557861328125,421.56610107421875,1,30.37664794921875,8940.373046875,8100.0830078125,-373.48846435546875,-290.59722900390625,1233.131103515625,852.93359375,-65.109619140625,130.2881317138672,1,28.32769775390625,8035.1416015625,7689.36328125,-316.5268249511719,-249.67575073242188,476.369384765625,949.0615234375,1310.966552734375,158.66197204589844,1,16.647716522216797,5247.109375,5455.75732421875,-190.88998413085938,-156.41062927246094,-214.164306640625,765.530029296875,903.401611328125,339.0408935546875,1,18.616764068603516,5722.908203125,5358.59521484375,-220.50433349609375,-168.08828735351562,174.31298828125,1028.953369140625,808.5185546875,-52.430267333984375,1,21.675582885742188,6621.43115234375,6316.2763671875,-250.56187438964844,-192.30345153808594,50.931396484375,895.760986328125,1324.830322265625,52.677459716796875,1,15.241198539733887,4860.4384765625,4824.86328125,-175.17218017578125,-135.9224395751953,-252.89990234375,919.703369140625,1314.9273681640625,10.782073974609375,1,15.524096488952637,4716.7685546875,4858.1982421875,-174.5366973876953,-142.88504028320312,-94.589111328125,784.456298828125,705.497314453125,233.4862823486328,1,25.36833953857422,8347.8095703125,8241.607421875,-316.56689453125,-251.6521759033203,83.826171875,838.642578125,671.1312255859375,83.2386474609375,1,25.045310974121094,7687.80859375,7478.451171875,-305.2158203125,-245.46775817871094,531.44775390625,657.80322265625,361.2672119140625,321.40252685546875,1,26.150928497314453,8064.1884765625,6991.6142578125,-328.9443359375,-242.71038818359375,848.638916015625,825.975830078125,294.5887451171875,79.54206848144531,1,32.123695373535156,10161.5810546875,8940.73828125,-412.0617370605469,-306.7265625,987.64453125,970.22119140625,1165.6259765625,111.10671997070312,1,16.654125213623047,4977.0419921875,4900.3515625,-186.7513427734375,-147.18099975585938,-13.825927734375,876.80712890625,1292.312744140625,15.740798950195312,1,16.304637908935547,5125.890625,5160.25537109375,-190.0358428955078,-152.11929321289062,-91.45849609375,869.1474609375,1125.4171142578125,250.95399475097656,1,17.248918533325195,5466.5498046875,5650.2431640625,-197.50668334960938,-160.2313232421875,-268.364013671875,1007.581787109375,1070.8895263671875,-19.55962371826172,1,19.024438858032227,5755.22265625,5676.59375,-218.46299743652344,-173.62391662597656,66.738037109375,641.55908203125,728.162109375,379.955322265625,1,19.801063537597656,6306.68896484375,6099.64453125,-237.56222534179688,-184.31175231933594,11.35693359375,972.1337890625,599.24609375,-96.52928924560547,1,23.132793426513672,7198.04248046875,7441.9384765625,-260.98779296875,-212.20091247558594,-322.366455078125,SN000368420812,Pumba,72519.9,2025-12-19T19:08:39.927Z,1765551355257744800,3D
632.79638671875,13.19970703125,422.3848876953125,1,28.77702522277832,8361.0888671875,7706.2109375,-345.6927795410156,-271.2422180175781,1034.706298828125,852.244873046875,-66.8984375,133.77273559570312,1,28.43486785888672,8013.6796875,7818.96826171875,-315.83209228515625,-253.7278289794922,480.13671875,949.790283203125,1315.9249267578125,156.0091094970703,1,16.37925910949707,5024.84326171875,5551.3408203125,-181.74195861816406,-158.32093811035156,-240.015380859375,768.76025390625,903.8984375,340.69195556640625,1,18.805545806884766,5733.123046875,5654.7490234375,-219.61837768554688,-175.43902587890625,132.20703125,1029.791259765625,807.8262939453125,-52.008827209472656,1,21.965293884277344,6730.0849609375,6465.8505859375,-254.56881713867188,-196.71255493164062,48.1748046875,894.023193359375,1326.5584716796875,50.48307800292969,1,14.574146270751953,4352.45263671875,4371.56201171875,-162.12611389160156,-129.82763671875,-51.47265625,916.96826171875,1314.8502197265625,8.307411193847656,1,15.714737892150879,4846.61572265625,5064.4541015625,-176.9984588623047,-146.08106994628906,-175.004150390625,786.497314453125,704.6898193359375,234.55259704589844,1,25.353452682495117,8410.2890625,8354.470703125,-316.152099609375,-251.60557556152344,-7.87109375,838.62841796875,671.0447998046875,82.843017578125,1,24.844038009643555,7535.279296875,7452.8349609375,-299.9792785644531,-245.32553100585938,548.201171875,657.83642578125,359.849365234375,322.43359375,1,25.413284301757812,7961.3916015625,6958.1591796875,-317.5157165527344,-232.27024841308594,598.131591796875,824.2998046875,293.3370361328125,79.00990295410156,1,31.61434555053711,9950.28125,8953.0078125,-401.1561279296875,-303.4147644042969,889.83837890625,969.620849609375,1167.6043701171875,110.46737670898438,1,16.589683532714844,4972.67138671875,4878.31982421875,-185.89031982421875,-145.64749145507812,-36.891357421875,873.833740234375,1292.82421875,15.07861328125,1,15.90589714050293,4934.0693359375,5146.9560546875,-181.1634063720703,-149.65798950195312,-146.1728515625,869.21044921875,1127.933349609375,251.54884338378906,1,17.17043685913086,5469.3779296875,5637.345703125,-196.54945373535156,-158.51522827148438,-303.605712890625,1007.512939453125,1071.0523681640625,-19.606224060058594,1,19.277420043945312,5805.63671875,5725.5361328125,-222.05113220214844,-177.20970153808594,122.769775390625,639.987060546875,729.992431640625,375.86236572265625,1,18.95883560180664,5913.83349609375,5963.25244140625,-220.51742553710938,-177.3824005126953,-63.385986328125,973.917724609375,597.4449462890625,-95.65593719482422,1,23.254589080810547,7292.9765625,7421.42236328125,-264.7131042480469,-211.77073669433594,-317.354736328125,SN000368420812,Pumba,72520.033,2025-12-19T19:08:40.043Z,1765551355305296600,3D
633.29248046875,15.690185546875,417.5267333984375,1,28.48937225341797,8431.8984375,7709.48046875,-343.3709716796875,-265.11785888671875,869.38818359375,851.25830078125,-64.637939453125,130.4074249267578,1,29.39044189453125,8517.81640625,7990.46435546875,-335.87896728515625,-260.2354431152344,515.551513671875,950.147705078125,1313.592529296875,157.32156372070312,1,16.95794105529785,5346.5068359375,5609.6005859375,-194.91502380371094,-161.4059600830078,-204.77001953125,766.359619140625,905.602294921875,340.86114501953125,1,18.951101303100586,5822.5087890625,5427.1162109375,-225.8564453125,-172.15542602539062,227.439453125,1029.536376953125,808.0469970703125,-51.858394622802734,1,22.577486038208008,6921.26953125,6668.6005859375,-263.77117919921875,-205.3319091796875,114.635009765625,895.06591796875,1325.0758056640625,51.88481140136719,1,15.435460090637207,4887.4013671875,4854.1171875,-177.9259490966797,-138.97445678710938,-195.275390625,918.439453125,1314.550537109375,9.786239624023438,1,16.518840789794922,5357.24951171875,5794.40380859375,-188.57431030273438,-158.56446838378906,-428.4619140625,786.5263671875,706.6561279296875,233.6614532470703,1,25.25830841064453,8410.3486328125,8075.1904296875,-318.1312561035156,-245.64552307128906,57.66015625,840.1787109375,672.3203125,83.11044311523438,1,25.20438003540039,7884.388671875,7728.107421875,-308.0058898925781,-247.24850463867188,378.651611328125,659.26318359375,362.451904296875,321.75518798828125,1,26.418378829956055,8314.87109375,6985.97705078125,-337.1172790527344,-240.9633331298828,806.7587890625,827.65576171875,295.545654296875,79.88493347167969,1,29.701004028320312,9283.6513671875,8328.74609375,-370.7856140136719,-277.9977111816406,715.01416015625,971.017822265625,1167.4117431640625,110.51628112792969,1,16.67931365966797,4995.74609375,4903.13671875,-187.31329345703125,-147.0877685546875,-18.529541015625,875.771484375,1291.711181640625,15.846099853515625,1,16.08697509765625,4974.6171875,5103.25634765625,-184.99432373046875,-151.21449279785156,-69.809326171875,868.793212890625,1127.10009765625,249.68516540527344,1,17.45311164855957,5564.63134765625,5740.59033203125,-200.93106079101562,-162.62310791015625,-277.240478515625,1008.435546875,1070.6131591796875,-19.103904724121094,1,19.279617309570312,5822.84033203125,5673.6767578125,-223.04074096679688,-176.07156372070312,134.1015625,640.4052734375,731.145751953125,379.70245361328125,1,18.99490737915039,5862.494140625,5967.845703125,-220.11949157714844,-179.4356689453125,-12.53466796875,978.422119140625,596.9873046875,-95.0702133178711,1,22.740474700927734,7063.6787109375,7241.0126953125,-255.56503295898438,-205.6837158203125,-334.43798828125,SN000368420812,Pumba,72520.166,2025-12-19T19:08:40.169Z,1765551355338340900,3D
635.305908203125,18.70703125,423.14349365234375,1,29.905672073364258,8806.849609375,8047.74560546875,-365.2521057128906,-285.013427734375,1126.759765625,844.876220703125,-62.8759765625,138.3783721923828,1,28.130699157714844,8031.275390625,7680.22998046875,-313.9417724609375,-246.35659790039062,395.520263671875,940.10791015625,1312.734375,158.4904327392578,1,16.873397827148438,5265.0703125,5583.4443359375,-192.48236083984375,-161.4066925048828,-183.780517578125,764.79833984375,903.4544677734375,340.10626220703125,1,18.16986083984375,5482.9287109375,5441.177734375,-209.087158203125,-167.6068115234375,95.33154296875,1020.333251953125,809.052490234375,-49.445587158203125,1,21.703231811523438,6564.26953125,6417.89892578125,-248.49411010742188,-195.47479248046875,53.73095703125,895.171142578125,1325.5655517578125,48.75547790527344,1,15.25688362121582,4767.55322265625,4795.77587890625,-173.9141082763672,-137.83795166015625,-178.699462890625,922.226806640625,1315.31787109375,8.972549438476562,1,15.186620712280273,4544.28759765625,4817.2275390625,-167.3229217529297,-140.74972534179688,-118.473388671875,784.79833984375,704.6485595703125,233.2617645263672,1,25.319324493408203,8344.3447265625,8169.51318359375,-316.6371154785156,-249.72735595703125,90.484130859375,842.877197265625,671.417236328125,84.47035217285156,1,25.059364318847656,7736.1337890625,7393.4892578125,-307.3074951171875,-243.24415588378906,540.47998046875,651.7451171875,362.8466796875,318.89105224609375,1,25.22863006591797,7796.029296875,6727.68505859375,-314.7091979980469,-229.58157348632812,711.4375,826.636474609375,295.56201171875,79.21052551269531,1,31.37551498413086,9714.20703125,9035.876953125,-392.4830627441406,-306.18231201171875,896.93798828125,966.021240234375,1166.94384765625,114.53080749511719,1,16.530235290527344,4965.46484375,4911.1328125,-184.5974884033203,-145.3629913330078,-70.75,879.14208984375,1292.74169921875,10.823989868164062,1,15.676349639892578,4758.51123046875,5012.21875,-176.46099853515625,-147.97134399414062,-82.98583984375,867.061279296875,1126.9400634765625,255.29856872558594,1,16.69371795654297,5296.4130859375,5326.15087890625,-190.800048828125,-150.07611083984375,-278.360107421875,1001.94580078125,1071.2017822265625,-16.018905639648438,1,19.099994659423828,5791.52197265625,5744.82861328125,-219.14385986328125,-174.8275146484375,44.03076171875,639.34375,728.78564453125,377.10882568359375,1,18.317054748535156,5634.17138671875,5773.2216796875,-209.18824768066406,-170.6488800048828,-89.952880859375,979.875244140625,595.6243896484375,-89.96556854248047,1,23.262332916259766,7148.9638671875,7462.1171875,-261.1495361328125,-215.3171844482422,-255.736572265625,SN000368420812,Pumba,72520.266,2025-12-19T19:08:40.289Z,1765551355369423900,3D
634.39453125,17.8828125,423.26776123046875,1,28.533140182495117,8370.76953125,7803.75439453125,-341.7757263183594,-268.8431396484375,892.778076171875,852.646240234375,-63.07275390625,132.21705627441406,1,28.46005630493164,8197.650390625,7792.4267578125,-320.6047668457031,-250.23992919921875,408.7197265625,942.45166015625,1310.806884765625,160.52301025390625,1,16.738510131835938,5241.22900390625,5518.09228515625,-191.41265869140625,-159.21954345703125,-189.522216796875,764.73828125,904.0728759765625,340.08990478515625,1,18.583559036254883,5717.498046875,5617.8994140625,-216.85435485839844,-171.61244201660156,60.092529296875,1021.295654296875,810.2900390625,-52.652137756347656,1,21.601200103759766,6547.11328125,6379.62109375,-247.8102264404297,-194.27169799804688,52.4208984375,898.50439453125,1323.242431640625,50.25032043457031,1,15.445858001708984,4879.9580078125,4860.6826171875,-177.77096557617188,-139.32888793945312,-191.118408203125,926.3330078125,1314.013427734375,10.708480834960938,1,15.27476692199707,4612.298828125,4782.4990234375,-170.06793212890625,-139.93240356445312,-112.34228515625,784.800048828125,705.877685546875,233.6310577392578,1,24.49529266357422,7754.29052734375,7585.732421875,-301.6517333984375,-241.1305694580078,330.021240234375,839.41455078125,672.5736083984375,83.42265319824219,1,25.36761474609375,7659.3798828125,7953.7900390625,-303.0023498535156,-258.3839111328125,493.57666015625,656.04150390625,362.4527587890625,320.509521484375,1,26.202571868896484,8184.1083984375,6919.53076171875,-333.0560607910156,-240.03253173828125,835.26220703125,828.25390625,296.2486572265625,79.36000061035156,1,29.547470092773438,9174.0166015625,8508.5390625,-364.4751281738281,-280.6986999511719,642.6591796875,969.962890625,1166.67041015625,115.82289123535156,1,16.5341854095459,4966.779296875,4912.35693359375,-184.85850524902344,-145.6636199951172,-63.758056640625,883.823486328125,1290.25634765625,11.864189147949219,1,15.831018447875977,4879.703125,5087.02490234375,-179.79917907714844,-148.70118713378906,-123.548828125,869.63818359375,1126.7503662109375,255.8080291748047,1,16.457096099853516,5196.197265625,5188.2578125,-187.49771118164062,-146.50222778320312,-262.777099609375,1005.316650390625,1072.3450927734375,-15.911613464355469,1,19.03272819519043,5774.4970703125,5817.697265625,-217.37277221679688,-175.61570739746094,6.543701171875,640.34814453125,728.72216796875,378.36041259765625,1,19.99954605102539,6436.87890625,6272.73876953125,-240.5708770751953,-187.17337036132812,-51.363525390625,982.56591796875,596.4765625,-93.68928527832031,1,22.863737106323242,6998.9375,7315.6591796875,-254.6461181640625,-209.8308868408203,-284.077392578125,SN000368420812,Pumba,72520.4,2025-12-19T19:08:40.400Z,1765551355401444500,3D
640.38232421875,16.2119140625,418.53521728515625,1,28.54505157470703,8310.6796875,7665.20654296875,-342.4932556152344,-268.3802795410156,991.527099609375,853.211181640625,-63.610107421875,132.1084747314453,1,30.051097869873047,8867.935546875,8224.6220703125,-348.59967041015625,-266.7267761230469,500.29541015625,946.43701171875,1314.029296875,160.6793670654297,1,16.971101760864258,5258.48046875,5597.54638671875,-193.70407104492188,-163.66574096679688,-135.087646484375,764.712158203125,905.5545654296875,338.6107177734375,1,18.113201141357422,5555.40673828125,5293.28076171875,-211.50631713867188,-162.75840759277344,85.07861328125,1016.92041015625,810.7906494140625,-51.5182991027832,1,21.725934982299805,6675.18115234375,6429.91650390625,-251.27749633789062,-194.10000610351562,7.548095703125,896.58154296875,1325.5098876953125,52.790008544921875,1,15.466651916503906,4840.15966796875,4819.1943359375,-177.59326171875,-139.7248992919922,-147.334716796875,921.82470703125,1314.6331787109375,11.929466247558594,1,15.940311431884766,5112.7294921875,5524.9580078125,-179.13980102539062,-150.14877319335938,-436.02734375,788.17578125,704.409912109375,233.7992401123047,1,24.326824188232422,7789.3583984375,7575.10693359375,-300.2507019042969,-237.414794921875,239.831787109375,842.94970703125,672.0452880859375,83.37249755859375,1,24.81438446044922,7711.52197265625,7432.947265625,-303.1626892089844,-240.4193115234375,433.813720703125,654.321044921875,362.9832763671875,321.50152587890625,1,25.5224666595459,8039.7900390625,6876.5625,-321.5755615234375,-231.19114685058594,634.857666015625,827.213623046875,295.73486328125,79.17543029785156,1,29.719745635986328,9159.0712890625,8322.228515625,-368.67071533203125,-281.0138854980469,800.363525390625,969.63134765625,1167.2862548828125,115.55035400390625,1,16.55453872680664,4937.6142578125,4856.255859375,-185.071044921875,-145.60614013671875,-20.30859375,878.768310546875,1292.1826171875,16.029762268066406,1,15.810039520263672,4836.65576171875,5028.3984375,-179.15370178222656,-148.149169921875,-91.208251953125,867.92236328125,1129.3765869140625,254.95570373535156,1,17.366910934448242,5676.12744140625,5375.021484375,-206.23924255371094,-152.97886657714844,-240.419189453125,1006.0380859375,1073.3935546875,-16.085128784179688,1,19.094730377197266,5738.76513671875,5642.0888671875,-219.53082275390625,-174.6880645751953,122.658935546875,641.72705078125,728.4530029296875,373.72906494140625,1,18.608041763305664,5697.4580078125,5867.80712890625,-213.0176239013672,-175.30812072753906,-41.9912109375,978.324951171875,596.5289306640625,-90.7820816040039,1,23.00823974609375,6991.0908203125,7302.05078125,-256.475830078125,-212.07176208496094,-213.637939453125,SN000368420812,Pumba,72520.5,2025-12-19T19:08:40.517Z,1765551355433524800,3D
636.39697265625,16.035888671875,418.86224365234375,1,28.26372718811035,8315.25,7537.9794921875,-339.94512939453125,-261.1482238769531,901.4169921875,848.853271484375,-62.82421875,138.13600158691406,1,28.7681941986084,8213.6337890625,7738.23095703125,-325.0578308105469,-253.41070556640625,536.419189453125,948.795654296875,1317.6572265625,159.47299194335938,1,16.59893035888672,5242.259765625,5471.779296875,-189.91873168945312,-155.91009521484375,-240.30029296875,763.072509765625,904.282958984375,339.24560546875,1,18.649333953857422,5697.1123046875,5608.458984375,-217.540283203125,-173.1407928466797,108.253173828125,1022.2880859375,811.2249755859375,-52.01008605957031,1,21.390487670898438,6488.4306640625,6372.2060546875,-244.2574462890625,-192.37123107910156,7.864501953125,897.234375,1327.895263671875,51.95771789550781,1,15.250945091247559,4890.3642578125,4838.572265625,-175.58216857910156,-135.4421844482422,-276.638427734375,921.874267578125,1316.352294921875,10.776863098144531,1,15.499152183532715,4725.5537109375,4925.212890625,-173.44383239746094,-143.13104248046875,-141.759521484375,785.22607421875,707.2437744140625,233.1314239501953,1,25.23943519592285,8374.1728515625,8098.0703125,-316.8299865722656,-246.41160583496094,59.678466796875,841.5341796875,673.735107421875,83.11543273925781,1,25.146198272705078,7761.470703125,7575.6015625,-306.58056640625,-246.6422119140625,484.790771484375,656.038818359375,362.783447265625,319.68292236328125,1,25.403095245361328,7971.9375,6761.416015625,-320.2182922363281,-229.210205078125,674.52001953125,825.413330078125,296.5758056640625,78.99679565429688,1,28.925477981567383,9004.978515625,8213.01171875,-356.5795593261719,-269.8703918457031,591.887451171875,970.95361328125,1169.7421875,114.71626281738281,1,16.560222625732422,4928.4501953125,4869.78955078125,-184.8475799560547,-146.1660614013672,-16.284423828125,878.70849609375,1294.06591796875,15.840476989746094,1,16.1651611328125,5050.763671875,5170.25146484375,-186.43980407714844,-151.463134765625,-116.887939453125,868.646728515625,1126.9202880859375,253.5456085205078,1,16.8382511138916,5316.064453125,5471.56640625,-191.43780517578125,-154.3363037109375,-281.751220703125,1010.653076171875,1074.23828125,-15.326484680175781,1,19.099666595458984,5763.53515625,5760.583984375,-218.6356964111328,-175.983154296875,62.087646484375,640.3271484375,727.4129638671875,379.16046142578125,1,18.573593139648438,5680.41845703125,5754.89794921875,-213.54042053222656,-173.35403442382812,-3.3984375,978.70458984375,598.091796875,-94.88935089111328,1,24.292503356933594,7493.9482421875,7558.45068359375,-280.13592529296875,-225.7089385986328,-56.904052734375,SN000368420812,Pumba,72520.6,2025-12-19T19:08:40.632Z,1765551355465832200,3D
633.16455078125,18.480712890625,425.962646484375,1,28.749202728271484,8500.0888671875,7701.48046875,-348.1294250488281,-267.6106872558594,942.0234375,850.769775390625,-63.48876953125,132.1343994140625,1,29.40162467956543,8531.5048828125,8092.04150390625,-335.5024719238281,-262.18701171875,485.95166015625,941.640625,1310.7401123046875,159.9488067626953,1,16.634693145751953,5223.69140625,5516.287109375,-189.53024291992188,-157.64044189453125,-230.01025390625,765.824951171875,903.965576171875,340.12908935546875,1,18.473554611206055,5578.89453125,5593.63916015625,-213.1864013671875,-172.81398010253906,111.447509765625,1022.056640625,808.9058837890625,-51.65898513793945,1,21.910537719726562,6694.29345703125,6400.00390625,-254.43641662597656,-196.24107360839844,88.3984375,896.015625,1323.80322265625,50.439788818359375,1,14.949884414672852,4514.96142578125,4556.03662109375,-167.98439025878906,-135.07000732421875,-60.075439453125,923.27685546875,1314.93798828125,10.425697326660156,1,16.339656829833984,4981.22265625,5143.57958984375,-186.83413696289062,-154.41781616210938,-16.966796875,786.21875,705.269287109375,233.5636749267578,1,24.165266036987305,7661.0771484375,7488.8232421875,-296.76763916015625,-236.4908905029297,284.444580078125,842.9658203125,672.0865478515625,84.13058471679688,1,24.87320327758789,7776.33203125,7459.83251953125,-304.77789306640625,-240.2017822265625,406.489990234375,656.917724609375,362.1466064453125,320.740234375,1,26.433162689208984,8296.3642578125,7143.0673828125,-335.29425048828125,-244.29757690429688,769.4072265625,828.08056640625,295.9210205078125,79.2572021484375,1,30.764511108398438,9676.80859375,8607.345703125,-389.03070068359375,-290.7013244628906,829.1640625,968.939208984375,1167.089111328125,114.66368103027344,1,16.622568130493164,4962.708984375,4884.52001953125,-186.1724395751953,-146.65435791015625,-15.121337890625,880.864501953125,1291.04052734375,12.048858642578125,1,16.12462615966797,5022.890625,5163.50537109375,-185.52049255371094,-151.4217071533203,-112.585205078125,869.662109375,1126.958251953125,255.40956115722656,1,17.094829559326172,5432.5322265625,5395.6572265625,-197.8429412841797,-154.5670928955078,-214.7724609375,1005.64208984375,1071.002685546875,-15.516944885253906,1,19.456623077392578,5840.203125,5810.14990234375,-224.03253173828125,-180.611328125,145.3125,638.815673828125,730.1990966796875,376.9267578125,1,18.592912673950195,5676.2490234375,5824.578125,-212.89222717285156,-174.84353637695312,-19.68115234375,976.130859375,596.9931640625,-95.00357055664062,1,23.31547737121582,7141.1748046875,7378.9931640625,-262.7477722167969,-215.16900634765625,-193.052001953125,SN000368420812,Pumba,72520.733,2025-12-19T19:08:40.748Z,1765551355497702000,3D
630.30859375,24.283447265625,425.44879150390625,1,29.62069320678711,8814.296875,7951.8134765625,-362.8913269042969,-278.82342529296875,1039.213134765625,843.343505859375,-60.0888671875,132.94894409179688,1,29.018247604370117,8358.8515625,7869.029296875,-329.7052001953125,-256.3345947265625,509.244384765625,946.580078125,1309.56640625,158.51437377929688,1,16.59742546081543,5234.45556640625,5488.544921875,-189.63864135742188,-156.43296813964844,-239.853759765625,768.158935546875,904.51416015625,339.5357666015625,1,18.68017578125,5671.6796875,5724.259765625,-215.96133422851562,-175.85952758789062,87.66455078125,1020.505126953125,809.33740234375,-52.980133056640625,1,21.688426971435547,6603.12109375,6450.3857421875,-249.0734405517578,-195.35243225097656,24.41650390625,895.497314453125,1323.7193603515625,52.03813171386719,1,15.41392707824707,4818.62548828125,4914.99072265625,-175.44459533691406,-140.94581604003906,-191.68994140625,920.466064453125,1315.0419921875,10.715385437011719,1,16.829994201660156,5208.1923828125,5522.24853515625,-192.9390106201172,-162.79974365234375,-97.8095703125,786.8681640625,708.318115234375,233.2117156982422,1,25.663087844848633,8543.9296875,8246.953125,-323.98358154296875,-251.85569763183594,84.95458984375,841.88525390625,673.02001953125,84.22772216796875,1,24.836349487304688,7696.39306640625,7482.90771484375,-302.3605041503906,-241.63674926757812,426.1220703125,658.194091796875,366.31787109375,320.14678955078125,1,25.13085174560547,7764.345703125,7014.9306640625,-309.4558410644531,-233.1821746826172,576.8486328125,825.830810546875,298.19873046875,79.07704162597656,1,29.371091842651367,9005.6982421875,8518.3291015625,-358.7767333984375,-281.7902526855469,663.81201171875,971.116455078125,1166.4476318359375,110.88096618652344,1,16.608539581298828,4970.51220703125,4899.931640625,-185.94186401367188,-146.46514892578125,-32.4990234375,878.194091796875,1291.4639892578125,14.382095336914062,1,15.973636627197266,4947.40283203125,5100.6357421875,-182.67938232421875,-149.5258026123047,-112.54638671875,870.545166015625,1125.18505859375,249.85227966308594,1,16.863304138183594,5373.416015625,5361.04833984375,-194.02830505371094,-151.54019165039062,-267.435791015625,1008.298583984375,1071.011474609375,-18.821449279785156,1,19.31489372253418,5863.12060546875,5803.30224609375,-222.7793426513672,-177.76458740234375,75.17431640625,641.164794921875,731.7379150390625,376.61029052734375,1,18.474973678588867,5666.09765625,5689.93115234375,-212.93626403808594,-171.3123779296875,-5.572509765625,979.131591796875,596.5810546875,-92.76712799072266,1,23.29621124267578,7216.306640625,7434.390625,-263.33294677734375,-214.0416259765625,-267.40576171875,SN000368420812,Pumba,72520.833,2025-12-19T19:08:40.855Z,1765551355529605100,3D
634.92041015625,18.944091796875,419.32391357421875,1,28.819751739501953,8479.150390625,7758.9365234375,-348.7344055175781,-271.0816650390625,988.1279296875,851.366943359375,-62.238037109375,131.49722290039062,1,28.277061462402344,8109.8984375,7659.4404296875,-318.4024963378906,-247.6009521484375,445.1904296875,944.187255859375,1311.72021484375,159.48858642578125,1,16.67327117919922,5230.4140625,5507.13134765625,-190.10693359375,-157.76820373535156,-219.26806640625,767.637939453125,904.4881591796875,339.870849609375,1,18.68924331665039,5702.2177734375,5691.9609375,-216.96302795410156,-174.7004852294922,82.768798828125,1031.984375,807.770263671875,-50.983131408691406,1,21.45427131652832,6559.7919921875,6358.4189453125,-246.3640594482422,-191.232177734375,-11.32763671875,898.744140625,1329.92236328125,50.72642517089844,1,15.30801773071289,4826.142578125,4911.16748046875,-174.240966796875,-138.9756622314453,-240.9609375,925.492919921875,1321.297607421875,10.355682373046875,1,15.213888168334961,4656.08984375,4847.3828125,-169.35806274414062,-138.94761657714844,-190.509765625,786.364501953125,707.2557373046875,233.5846710205078,1,25.278743743896484,8186.783203125,8174.6806640625,-313.1197814941406,-252.895263671875,170.490234375,841.9892578125,672.8255615234375,84.13034057617188,1,25.10198211669922,7689.5654296875,7689.40673828125,-303.357421875,-249.43179321289062,467.67138671875,657.08203125,364.150390625,319.768310546875,1,25.449718475341797,7977.21240234375,6925.537109375,-318.89056396484375,-232.2580108642578,623.94140625,827.581787109375,296.896484375,78.89694213867188,1,31.83430290222168,10020.931640625,8861.63671875,-406.69439697265625,-304.2491149902344,985.224609375,969.4521484375,1168.0059814453125,112.27352905273438,1,16.582508087158203,4974.24951171875,4899.25634765625,-185.56137084960938,-145.79466247558594,-49.761474609375,882.237548828125,1298.999267578125,11.427360534667969,1,15.865005493164062,4890.7802734375,5116.4580078125,-180.0948028564453,-149.43788146972656,-127.5712890625,868.587890625,1127.2596435546875,251.6819305419922,1,16.7396240234375,5275.3642578125,5306.32421875,-191.11219787597656,-150.85614013671875,-241.739501953125,1005.899169921875,1069.0948486328125,-16.255516052246094,1,19.317644119262695,5811.1064453125,5769.181640625,-222.12986755371094,-178.36798095703125,118.55712890625,641.170166015625,730.3865966796875,376.08404541015625,1,18.511085510253906,5775.23828125,5797.87890625,-214.1149139404297,-170.91390991210938,-102.6748046875,972.9111328125,599.5443115234375,-95.5053482055664,1,23.28005599975586,7233.05078125,7386.755859375,-263.8148498535156,-212.4193572998047,-272.3076171875,SN000368420812,Pumba,72520.933,2025-12-19T19:08:40.963Z,1765551355561658800,3D
633.524658203125,19.58740234375,423.340087890625,1,29.07728385925293,8586.0244140625,7830.53271484375,-352.7748718261719,-273.26397705078125,988.74560546875,847.505859375,-63.498046875,134.3719024658203,1,29.235727310180664,8452.302734375,7967.78125,-333.1880187988281,-259.2702941894531,508.07568359375,946.925537109375,1311.5648193359375,156.25381469726562,1,16.15889549255371,4911.59521484375,5486.74609375,-177.68756103515625,-156.63226318359375,-233.113525390625,768.174560546875,904.932861328125,339.608154296875,1,19.143617630004883,5810.03515625,5805.1474609375,-223.6806182861328,-181.4328155517578,170.88330078125,1031.33349609375,808.5946044921875,-51.28862380981445,1,21.973995208740234,6639.21875,6515.85205078125,-252.17127990722656,-199.49806213378906,82.102783203125,895.460693359375,1325.494384765625,49.45051574707031,1,15.414478302001953,4884.607421875,4828.521484375,-177.82424926757812,-138.2065887451172,-195.1533203125,920.33349609375,1316.3359375,7.962882995605469,1,15.268274307250977,4628.35400390625,4747.6083984375,-170.7646026611328,-138.99472045898438,-109.2890625,786.932373046875,707.0345458984375,233.52796936035156,1,25.02302360534668,8294.302734375,8149.5390625,-312.0332336425781,-245.7310333251953,0.3349609375,842.5458984375,671.9324951171875,84.07545471191406,1,25.113176345825195,7784.1064453125,7539.27197265625,-307.0877990722656,-245.11557006835938,473.350341796875,656.89208984375,364.0584716796875,320.4715576171875,1,25.766258239746094,8065.51171875,6955.79931640625,-324.3582763671875,-235.8456268310547,694.98779296875,826.034912109375,295.7630615234375,79.56521606445312,1,29.102783203125,8990.3203125,8223.4921875,-358.5660400390625,-273.3534240722656,676.0087890625,970.85400390625,1167.3232421875,109.33920288085938,1,16.669414520263672,5025.5771484375,4932.15966796875,-187.4110870361328,-146.68431091308594,-52.509521484375,877.739990234375,1293.0208740234375,11.910621643066406,1,16.161073684692383,4983.017578125,5145.3896484375,-185.4964141845703,-152.71778869628906,-63.63818359375,870.24462890625,1126.6031494140625,249.3125762939453,1,16.856943130493164,5320.1083984375,5372.580078125,-192.86351013183594,-152.93858337402344,-239.536376953125,1008.56884765625,1070.9052734375,-20.137996673583984,1,19.27305793762207,5802.4267578125,5825.55810546875,-220.72891235351562,-178.72874450683594,82.95263671875,642.26123046875,730.813232421875,378.66412353515625,1,18.723501205444336,5829.4248046875,5950.87109375,-216.05783081054688,-175.40921020507812,-105.883056640625,982.12744140625,596.5250244140625,-90.2435073852539,1,24.07040786743164,7399.40234375,7596.59375,-275.4009094238281,-225.3922576904297,-95.915771484375,SN000368420812,Pumba,72521.066,2025-12-19T19:08:41.077Z,1765551355593340700,3D
634.62109375,18.808349609375,420.0855712890625,1,27.88547134399414,8304.97265625,7604.48876953125,-334.49554443359375,-256.8377380371094,733.57373046875,851.21337890625,-63.391845703125,133.25521850585938,1,28.720539093017578,8252.017578125,7894.39990234375,-323.6509704589844,-254.56407165527344,441.865234375,946.95751953125,1308.008544921875,157.87477111816406,1,16.72600746154785,5215.1318359375,5572.4228515625,-189.7852325439453,-160.05453491210938,-210.86865234375,765.952392578125,905.40478515625,338.892578125,1,18.794408798217773,5697.275390625,5683.9013671875,-218.37847900390625,-176.45542907714844,135.84521484375,1031.553955078125,807.17236328125,-51.7008056640625,1,21.896381378173828,6604.54296875,6465.27001953125,-251.1705322265625,-198.35186767578125,92.193115234375,892.53759765625,1319.047607421875,52.262176513671875,1,15.478660583496094,4912.47607421875,4967.4892578125,-177.5125732421875,-140.70184326171875,-240.2529296875,916.90234375,1311.022216796875,10.266250610351562,1,15.962499618530273,4952.54833984375,5162.5966796875,-181.1206817626953,-149.2098846435547,-170.553955078125,785.959716796875,706.7725830078125,233.04026794433594,1,25.680885314941406,8494.59765625,8120.6298828125,-324.8536376953125,-251.44668579101562,175.335693359375,841.6640625,671.6756591796875,83.69671630859375,1,25.53822898864746,7687.96923828125,8044.546875,-304.74835205078125,-261.9579162597656,515.769775390625,655.75537109375,363.771240234375,318.93463134765625,1,25.207717895507812,7984.37841796875,6793.830078125,-317.3759765625,-226.05775451660156,564.804931640625,827.381103515625,295.583740234375,78.58657836914062,1,29.10544776916504,9010.5478515625,8363.6728515625,-357.3237609863281,-275.0830383300781,609.59619140625,972.37841796875,1165.9921875,109.98292541503906,1,16.537935256958008,4981.2890625,4891.7138671875,-185.23863220214844,-144.83370971679688,-69.245361328125,875.638427734375,1285.638671875,15.198829650878906,1,15.954591751098633,4987.9765625,5158.6142578125,-182.67527770996094,-149.36412048339844,-163.322265625,870.562255859375,1126.002685546875,249.19956970214844,1,16.788677215576172,5343.0205078125,5394.90283203125,-192.02857971191406,-151.49436950683594,-295.785888671875,1010.1689453125,1069.3214111328125,-19.204784393310547,1,19.11060333251953,5805.86328125,5803.5771484375,-218.8509521484375,-175.56112670898438,16.4296875,640.541748046875,731.4168701171875,379.59674072265625,1,18.345409393310547,5595.08447265625,5741.69921875,-209.11593627929688,-171.4435272216797,-43.572998046875,981.146728515625,595.7763671875,-92.2151107788086,1,22.27755355834961,6745.3076171875,7097.5185546875,-244.63751220703125,-202.6743621826172,-299.334716796875,SN000368420812,Pumba,72521.166,2025-12-19T19:08:41.188Z,1765551355625680200,3D
638.7333984375,14.468505859375,424.80889892578125,1,29.168596267700195,8659.8193359375,7897.1376953125,-354.5811767578125,-274.0612487792969,956.53857421875,849.596435546875,-68.208251953125,131.70191955566406,1,27.667678833007812,7904.6201171875,7679.33154296875,-305.48297119140625,-241.7245635986328,273.193603515625,946.08056640625,1310.421875,157.1239776611328,1,16.00200653076172,4863.34619140625,5486.03173828125,-174.47166442871094,-154.8648681640625,-279.475341796875,765.779296875,904.2486572265625,339.99847412109375,1,18.700319290161133,5681.86767578125,5640.1884765625,-217.4853515625,-174.7457275390625,125.457275390625,1034.330810546875,805.259765625,-51.32794952392578,1,21.597858428955078,6513.859375,6342.6640625,-246.90895080566406,-193.59490966796875,64.104248046875,895.254638671875,1324.6812744140625,49.43707275390625,1,15.171695709228516,4700.30126953125,4798.04248046875,-171.39854431152344,-137.9266357421875,-178.1552734375,921.01416015625,1316.981201171875,7.920814514160156,1,15.396690368652344,4671.34912109375,4932.23046875,-171.0618133544922,-142.91665649414062,-153.083984375,786.1279296875,705.8173828125,233.7393035888672,1,25.669477462768555,8571.3154296875,8208.146484375,-325.126708984375,-250.82461547851562,88.66455078125,841.115234375,671.12451171875,83.12861633300781,1,25.047588348388672,7668.07958984375,7499.73876953125,-304.4808349609375,-246.11984252929688,531.715576171875,656.810791015625,360.6046142578125,320.56353759765625,1,26.968978881835938,8519.7451171875,7112.95361328125,-347.03875732421875,-247.5501251220703,879.938720703125,827.065185546875,293.085693359375,79.41726684570312,1,29.60422706604004,9238.353515625,8405.087890625,-367.6488952636719,-278.5152893066406,667.580078125,972.5146484375,1167.9454345703125,109.49935913085938,1,16.513273239135742,4947.173828125,4881.107421875,-184.28067016601562,-144.92098999023438,-58.418701171875,878.9248046875,1292.1839599609375,10.9522705078125,1,15.95793628692627,4926.6650390625,5141.79541015625,-181.6136474609375,-150.41200256347656,-121.996826171875,870.9248046875,1125.9232177734375,249.7300262451172,1,16.66433334350586,5209.4091796875,5277.005859375,-189.25367736816406,-150.75051879882812,-221.04833984375,1009.2412109375,1068.516845703125,-19.388622283935547,1,19.254276275634766,5777.7783203125,5776.9052734375,-220.4152069091797,-178.0272979736328,103.326171875,639.106201171875,729.648193359375,380.15557861328125,1,18.946264266967773,5889.0029296875,6176.4658203125,-217.46978759765625,-181.1792755126953,-133.427490234375,980.06494140625,594.3243408203125,-95.2803726196289,1,22.50609588623047,6849.1640625,7160.53125,-248.89198303222656,-205.00576782226562,-287.910888671875,SN000368420812,Pumba,72521.266,2025-12-19T19:08:41.290Z,1765551355657597700,3D
635.8291015625,15.947265625,419.0555419921875,1,29.951566696166992,8760.951171875,8022.37451171875,-364.89544677734375,-285.9592590332031,1172.24365234375,844.18505859375,-64.47412109375,139.86141967773438,1,29.072887420654297,8369.3056640625,7937.81787109375,-329.61798095703125,-257.8105773925781,493.32861328125,950.477294921875,1312.002685546875,157.72230529785156,1,17.03489875793457,5432.3408203125,5809.453125,-195.10597229003906,-163.64279174804688,-305.531494140625,767.578857421875,904.4305419921875,339.6953125,1,18.952251434326172,5827.2138671875,5761.8759765625,-222.06016540527344,-177.29844665527344,95.7373046875,1029.76171875,807.8402099609375,-51.423744201660156,1,21.547607421875,6541.7236328125,6333.71630859375,-246.641357421875,-191.6826171875,20.49267578125,896.044189453125,1324.695068359375,52.01359558105469,1,15.577049255371094,4999.591796875,5015.7353515625,-179.8583221435547,-140.9925537109375,-271.19873046875,919.8173828125,1314.996826171875,9.908485412597656,1,16.234189987182617,5019.525390625,5174.4736328125,-185.8397979736328,-152.31027221679688,-97.716064453125,787.132568359375,706.376953125,234.06886291503906,1,24.453413009643555,7784.9169921875,7617.4306640625,-301.2682189941406,-240.1700439453125,279.101806640625,841.58642578125,671.545166015625,83.82249450683594,1,24.569189071655273,7721.6044921875,7446.89501953125,-299.780029296875,-236.14634704589844,309.13818359375,657.412841796875,362.489013671875,320.688232421875,1,26.95718002319336,8474.6328125,7000.34228515625,-347.1985168457031,-246.47076416015625,941.53515625,825.437744140625,294.7108154296875,79.67823791503906,1,30.795818328857422,9721.51171875,8568.791015625,-390.48773193359375,-289.2565002441406,821.7021484375,972.17919921875,1166.96337890625,110.26432800292969,1,16.550601959228516,4990.724609375,4936.0537109375,-184.99624633789062,-145.42605590820312,-89.046142578125,877.26318359375,1291.725341796875,15.304130554199219,1,16.03868865966797,4999.228515625,5109.1953125,-184.52989196777344,-149.65853881835938,-115.88818359375,870.079345703125,1126.5377197265625,249.6763458251953,1,16.722585678100586,5305.76513671875,5392.30126953125,-190.42774963378906,-151.16848754882812,-302.353759765625,1013.24560546875,1070.857177734375,-18.475730895996094,1,19.061973571777344,5715.4365234375,5737.1083984375,-217.18267822265625,-175.7215118408203,73.97265625,640.227294921875,730.5621337890625,377.27099609375,1,19.04581069946289,5959.1767578125,6037.3154296875,-221.79527282714844,-179.0814666748047,-77.623779296875,975.222900390625,597.760498046875,-95.82919311523438,1,23.539920806884766,7310.8857421875,7549.0546875,-266.6181640625,-217.15830993652344,-276.497802734375,SN000368420812,Pumba,72521.366,2025-12-19T19:08:41.399Z,1765551355705427900,3D
634.322998046875,17.696533203125,423.89495849609375,1,29.76223373413086,8730.4599609375,7906.5009765625,-363.4712829589844,-282.1178894042969,1163.060546875,848.150146484375,-65.688720703125,136.57972717285156,1,28.609210968017578,8151.84521484375,7805.9208984375,-321.5162048339844,-253.93572998046875,496.080078125,950.21435546875,1312.85302734375,157.436767578125,1,16.950172424316406,5284.29296875,5626.4423828125,-193.27757263183594,-162.79347229003906,-181.40185546875,768.320556640625,903.8016357421875,341.362060546875,1,18.56292152404785,5647.08251953125,5379.0380859375,-218.05404663085938,-169.20956420898438,187.716064453125,1031.80810546875,809.337646484375,-51.520408630371094,1,21.88153648376465,6647.333984375,6501.67626953125,-251.39088439941406,-197.71536254882812,46.102783203125,893.342529296875,1325.81640625,53.052642822265625,1,15.283149719238281,4827.80859375,4820.236328125,-175.05078125,-137.16412353515625,-216.20068359375,916.020751953125,1315.887939453125,10.400566101074219,1,15.325194358825684,4608.6494140625,4828.169921875,-170.2015380859375,-141.64846801757812,-103.367919921875,787.45751953125,706.2183837890625,233.79258728027344,1,25.22730255126953,8348.70703125,8210.79296875,-314.9559020996094,-248.6704864501953,29.326416015625,843.34912109375,670.653564453125,84.24737548828125,1,24.66464614868164,7562.85546875,7454.8046875,-297.9557800292969,-241.5652313232422,446.744140625,656.873291015625,362.5189208984375,319.86334228515625,1,26.476781845092773,8284.3857421875,7005.033203125,-337.22869873046875,-243.10894775390625,848.471923828125,827.61376953125,293.8153076171875,78.93269348144531,1,30.982879638671875,9879.0771484375,8513.546875,-396.7804260253906,-288.03985595703125,833.65087890625,971.27197265625,1167.168701171875,109.37181091308594,1,16.542009353637695,4980.8125,4905.40576171875,-185.0447540283203,-145.02740478515625,-75.06982421875,873.437744140625,1292.94091796875,16.85430145263672,1,15.647039413452148,4797.53515625,4988.6416015625,-177.03379821777344,-146.14173889160156,-112.685546875,871.586181640625,1125.0123291015625,250.01820373535156,1,16.58808708190918,5217.2578125,5265.3681640625,-188.56773376464844,-149.17489624023438,-253.57763671875,1013.85888671875,1072.3955078125,-19.66177749633789,1,19.13134765625,5769.5869140625,5782.884765625,-218.46685791015625,-176.16165161132812,48.981201171875,639.67041015625,731.1925048828125,380.2987060546875,1,18.285709381103516,5646.8876953125,5751.5966796875,-209.26390075683594,-169.49346923828125,-103.310791015625,979.0419921875,598.5247802734375,-94.57537078857422,1,23.31645393371582,7246.54443359375,7368.17138671875,-265.0600891113281,-212.77810668945312,-247.899658203125,SN000368420812,Pumba,72521.533,2025-12-19T19:08:41.537Z,1765551355738138300,3D
636.394775390625,16.912841796875,418.587890625,1,28.323699951171875,8371.1982421875,7531.5810546875,-342.3019714355469,-261.267333984375,909.683349609375,847.574462890625,-64.277587890625,134.2224884033203,1,28.725746154785156,8122.6181640625,8025.45703125,-319.52935791015625,-259.45404052734375,466.7275390625,945.319580078125,1314.575439453125,158.3844451904297,1,16.94878387451172,5334.78125,5617.57861328125,-194.35581970214844,-161.4998779296875,-208.662353515625,762.993408203125,905.8681640625,340.231689453125,1,19.14405632019043,5811.048828125,5800.0322265625,-223.7093963623047,-181.2668914794922,170.578857421875,1023.8798828125,809.7691650390625,-47.49831008911133,1,21.921348571777344,6663,6506.607421875,-252.1095428466797,-198.02505493164062,50.37890625,892.90625,1322.4473876953125,51.282562255859375,1,15.54709243774414,4889.5107421875,4907.0947265625,-178.8072509765625,-141.57342529296875,-168.699462890625,917.731689453125,1311.7965087890625,10.061454772949219,1,15.766407012939453,4764.7919921875,4978.1220703125,-177.36708068847656,-147.779052734375,-60.71533203125,788.07470703125,706.3363037109375,233.83180236816406,1,24.477670669555664,7779.138671875,7647.3486328125,-301.06976318359375,-241.0965576171875,279.738037109375,844.59521484375,671.8336181640625,84.38978576660156,1,24.986833572387695,7746.74072265625,7495.18994140625,-305.07891845703125,-243.0343475341797,453.408203125,656.73876953125,363.1571044921875,319.76348876953125,1,26.43010711669922,8301.9853515625,6886.7763671875,-338.4019775390625,-240.1779327392578,865.395263671875,826.268798828125,295.355224609375,79.21092224121094,1,29.50680923461914,9097.986328125,8402.888671875,-363.6402282714844,-280.04046630859375,709.8623046875,970.48681640625,1168.2860107421875,113.53836059570312,1,16.60678482055664,4974.4765625,4896.2626953125,-185.94566345214844,-146.17312622070312,-37.310546875,875.577392578125,1287.8609619140625,15.404960632324219,1,16.00266456604004,4928.8662109375,5107.4716796875,-182.97894287109375,-150.9759979248047,-79.52392578125,868.259765625,1127.300537109375,252.2513885498047,1,16.699047088623047,5249.318359375,5298.9697265625,-190.1210174560547,-150.6210174560547,-242.087646484375,1008.592041015625,1072.984375,-17.012924194335938,1,18.915285110473633,5714.849609375,5646.93359375,-216.24234008789062,-171.8551025390625,43.546875,639.03515625,730.1292724609375,379.59075927734375,1,18.734487533569336,5799.4736328125,5836.6923828125,-217.11038208007812,-174.68397521972656,-33.639892578125,977.99462890625,596.9659423828125,-87.82048034667969,1,24.339509963989258,7508.4775390625,7693.72802734375,-279.4565124511719,-228.260498046875,-97.5546875,SN000368420812,Pumba,72521.633,2025-12-19T19:08:41.654Z,1765551355769540400,3D
638.2705078125,15.294189453125,420.18280029296875,1,29.73172950744629,8778.69921875,7910.7392578125,-363.9366455078125,-280.5606384277344,1118.296630859375,852.03955078125,-65.96533203125,133.6901397705078,1,28.28829002380371,8101.9892578125,7722.025390625,-317.1231384277344,-248.26527404785156,412.70751953125,945.266845703125,1311.366455078125,158.25656127929688,1,16.916698455810547,5320.47021484375,5636.62109375,-193.68533325195312,-161.9097442626953,-213.052734375,765.51171875,905.307373046875,340.06280517578125,1,18.318023681640625,5541.16455078125,5528.625,-211.2553253173828,-170.2150115966797,94.516357421875,1023.482421875,806.7991943359375,-47.962799072265625,1,21.53378677368164,6514.7255859375,6366.4013671875,-246.30203247070312,-193.51255798339844,42.85986328125,892.39794921875,1325.097412109375,51.94097900390625,1,15.367250442504883,4859.017578125,4825.40234375,-176.74644470214844,-137.9696807861328,-198.94580078125,916.8271484375,1315.9879150390625,10.104446411132812,1,15.704574584960938,4789.71435546875,4984.9638671875,-176.7333221435547,-146.02442932128906,-112.7958984375,784.33544921875,705.6929931640625,233.1448516845703,1,25.22568702697754,8297.9111328125,8276.5224609375,-313.1356506347656,-250.7685546875,32.3798828125,842.618408203125,670.4683837890625,84.50859069824219,1,25.53437614440918,7940.798828125,7787.8896484375,-312.4488220214844,-251.9463653564453,455.54541015625,656.44384765625,361.30517578125,319.821533203125,1,26.158655166625977,8144.0703125,6947.0400390625,-331.1303405761719,-240.34080505371094,821.41748046875,828.50537109375,293.719482421875,79.36459350585938,1,30.719497680664062,9634.634765625,8618.26171875,-387.397216796875,-290.97357177734375,827.65380859375,969.210205078125,1166.94140625,110.79226684570312,1,16.507112503051758,4931.01318359375,4882.9541015625,-184.03225708007812,-145.4256134033203,-46.5048828125,874.304931640625,1292.5069580078125,14.584114074707031,1,15.867133140563965,4913.7275390625,5101.73291015625,-180.7209014892578,-148.6969451904297,-135.448974609375,868.98681640625,1127.36767578125,251.3629608154297,1,16.704408645629883,5262.54736328125,5316.05078125,-190.45217895507812,-150.92796325683594,-247.638427734375,1008.0771484375,1070.1802978515625,-18.441329956054688,1,18.91609764099121,5706.93310546875,5663.380859375,-216.17276000976562,-172.6360626220703,51.0927734375,636.39794921875,732.5721435546875,376.30523681640625,1,18.795534133911133,5832.8193359375,5820.71826171875,-218.73345947265625,-174.66082763671875,-21.4501953125,976.299072265625,594.36279296875,-89.00070190429688,1,23.087207794189453,7154.88427734375,7399.572265625,-259.69866943359375,-211.34178161621094,-311.208740234375,SN000368420812,Pumba,72521.766,2025-12-19T19:08:41.773Z,1765551355801479800,3D
633.442138671875,16.843017578125,420.81951904296875,1,29.6732177734375,8795.08203125,8062.6171875,-361.4339599609375,-281.25152587890625,1014.929931640625,848.462890625,-64.91650390625,134.1613006591797,1,29.070674896240234,8454.7021484375,7948.62744140625,-331.0155334472656,-255.8694610595703,433.1044921875,947.218994140625,1313.254638671875,157.7793731689453,1,16.990581512451172,5338.38818359375,5650.81591796875,-194.7295684814453,-162.79946899414062,-200.78955078125,766.985595703125,903.897216796875,340.26190185546875,1,18.711803436279297,5690.97021484375,5682.314453125,-217.3140869140625,-175.3755340576172,108.422607421875,1024.1455078125,807.8631591796875,-48.58473587036133,1,22.10344886779785,6725.5966796875,6483.03076171875,-256.32196044921875,-199.62879943847656,111.857421875,894.14990234375,1324.57666015625,51.35194396972656,1,15.199074745178223,4795.30712890625,4854.4775390625,-173.0641632080078,-137.24502563476562,-241.505615234375,918.257568359375,1313.86572265625,9.740119934082031,1,15.361770629882812,4639.49609375,4803.15234375,-171.72152709960938,-141.34103393554688,-91.492431640625,783.782470703125,705.9393310546875,233.33518981933594,1,24.434526443481445,7903.8955078125,7602.7431640625,-303.5195617675781,-236.94735717773438,205.26318359375,841.859619140625,670.861572265625,84.68032836914062,1,25.115129470825195,7832.85595703125,7510.3330078125,-308.2503662109375,-243.4033660888672,451.071044921875,654.36962890625,362.2020263671875,319.451416015625,1,26.46217155456543,8347.5908203125,7044.5712890625,-337.74920654296875,-241.98265075683594,786.863525390625,825.216064453125,294.4295654296875,78.79489135742188,1,29.86285400390625,9372.634765625,8419.107421875,-373.28375244140625,-279.6618347167969,686.80908203125,969.683349609375,1166.675048828125,112.03913879394531,1,16.656070709228516,5003.72509765625,4928.0791015625,-186.84727478027344,-146.8841552734375,-43.9287109375,875.436767578125,1291.173583984375,15.073989868164062,1,15.800172805786133,4861.31884765625,5029.2958984375,-179.91903686523438,-147.97216796875,-96.656005859375,869.669189453125,1126.544677734375,252.53001403808594,1,16.851821899414062,5361.0703125,5369.89208984375,-193.58615112304688,-151.83517456054688,-266.691162109375,1007.54833984375,1070.910888671875,-18.03924560546875,1,19.151565551757812,5763.7626953125,5728.361328125,-219.5047149658203,-176.0847625732422,90.62548828125,638.724365234375,730.6055908203125,376.1644287109375,1,18.593854904174805,5750.31201171875,5779.142578125,-215.21786499023438,-172.89512634277344,-35.044189453125,979.09375,595.0904541015625,-89.6335220336914,1,24.749975204467773,7776.59326171875,7890.7822265625,-287.5263366699219,-231.6815185546875,-164.616455078125,SN000368420812,Pumba,72521.866,2025-12-19T19:08:41.879Z,1765551355833679700,3D
637.10400390625,16.1953125,418.45599365234375,1,29.7120418548584,8862.3076171875,7925.97216796875,-365.2360534667969,-278.71429443359375,1057.03076171875,851.176025390625,-67.662353515625,130.1090545654297,1,28.327865600585938,8073.45751953125,7827.78125,-315.73699951171875,-251.0670623779297,402.376220703125,950.781982421875,1312.537109375,156.8924560546875,1,16.757108688354492,5270.6875,5556.5830078125,-191.47650146484375,-159.07730102539062,-224.134521484375,767.370361328125,904.361083984375,340.38653564453125,1,18.535179138183594,5598.44580078125,5570.87939453125,-214.45689392089844,-172.79429626464844,129.17919921875,1021.228759765625,808.5662841796875,-52.45988464355469,1,21.993274688720703,6651.951171875,6453.353515625,-253.84268188476562,-199.09906005859375,121.571533203125,894.080322265625,1322.2850341796875,52.05992126464844,1,15.363422393798828,4879.5,4888.6005859375,-176.33497619628906,-138.40110778808594,-238.140625,916.966064453125,1311.4658203125,9.73358154296875,1,16.70633888244629,5431.05517578125,5955.9677734375,-190.41493225097656,-162.269287109375,-459.536376953125,787.62109375,705.6954345703125,233.9435272216797,1,25.842092514038086,8594.1591796875,8421.8359375,-325.3396911621094,-256.46490478515625,67.21435546875,842.119384765625,669.712158203125,83.97532653808594,1,25.120792388916016,7711.54248046875,7590.1650390625,-305.13201904296875,-247.61936950683594,499.07470703125,654.451904296875,362.9200439453125,319.8240966796875,1,26.411327362060547,8297.8193359375,6891.734375,-338.1357116699219,-240.19091796875,861.758544921875,827.717041015625,292.78662109375,79.829833984375,1,29.04680061340332,9020.611328125,8199.2724609375,-358.7091064453125,-271.3783874511719,642.954345703125,971.852294921875,1165.849853515625,109.86398315429688,1,16.875354766845703,5045.6669921875,4973.3857421875,-189.96868896484375,-150.17575073242188,7.19580078125,874.572509765625,1288.3046875,16.670730590820312,1,16.041324615478516,5017.380859375,5142.74609375,-184.6002655029297,-149.9059600830078,-136.212158203125,871.013916015625,1125.7762451171875,249.93247985839844,1,16.856687545776367,5358.8671875,5386.0146484375,-193.35496520996094,-152.13674926757812,-271.599365234375,1013.535400390625,1072.0926513671875,-20.232711791992188,1,19.037979125976562,5738.599609375,5659.966796875,-218.40158081054688,-173.82652282714844,85.4541015625,639.553466796875,731.0186767578125,378.87176513671875,1,18.691604614257812,5804.76416015625,5896.19921875,-215.94961547851562,-174.78271484375,-78.712890625,979.291015625,594.5111083984375,-91.27700805664062,1,22.83794593811035,7072.32177734375,7405.173828125,-254.62193298339844,-209.0548553466797,-376.438232421875,SN000368420812,Pumba,72521.966,2025-12-19T19:08:41.993Z,1765551355865450300,3D
630.10791015625,18.43408203125,422.3345947265625,1,29.450448989868164,8677.466796875,7833.9951171875,-359.1451721191406,-277.0218200683594,1085.807861328125,851.275390625,-65.403076171875,130.4324188232422,1,30.007591247558594,8734.7236328125,8050.8876953125,-347.4691467285156,-266.3312072753906,629.046142578125,948.76416015625,1311.75927734375,157.2246551513672,1,16.758541107177734,5282.3427734375,5526.201171875,-191.9141387939453,-158.1593780517578,-224.156494140625,765.40234375,907.7000732421875,339.26593017578125,1,18.786399841308594,5774.5751953125,5413.47265625,-223.0112762451172,-170.44528198242188,192.94189453125,1017.30908203125,809.94482421875,-52.74687957763672,1,21.242935180664062,6403.59326171875,6248.4931640625,-241.87350463867188,-189.6492156982422,34.733642578125,897.04638671875,1328.2294921875,50.74951171875,1,15.370702743530273,4820.14208984375,4907.6552734375,-175.0135955810547,-140.115478515625,-207.868896484375,921.525634765625,1319.015625,8.972496032714844,1,15.921834945678711,4856.67578125,5135.3583984375,-179.0813446044922,-150.34669494628906,-118.52392578125,787.372802734375,706.1217041015625,233.66661071777344,1,24.313854217529297,7818.833984375,7636.68408203125,-299.7409362792969,-237.25250244140625,186.17529296875,840.86181640625,671.4395751953125,83.13557434082031,1,25.131711959838867,7804.4140625,7691.5419921875,-305.7396545410156,-247.07432556152344,403.34619140625,655.03271484375,363.328857421875,319.77301025390625,1,26.003231048583984,8089.45703125,6984.908203125,-327.6925048828125,-239.75917053222656,775.60986328125,827.46337890625,294.697021484375,79.39491271972656,1,29.174285888671875,9009.4365234375,8283.37890625,-358.9445495605469,-274.7350769042969,664.722900390625,971.226318359375,1167.0313720703125,109.33186340332031,1,16.604955673217773,4969.7431640625,4889.064453125,-185.84556579589844,-146.053466796875,-34.715576171875,878.37646484375,1296.60986328125,12.855880737304688,1,15.660937309265137,4790.3525390625,5025.6015625,-176.63232421875,-147.09341430664062,-117.029541015625,871.67431640625,1128.3719482421875,250.50697326660156,1,17.012876510620117,5373.064453125,5394.2109375,-195.51780700683594,-154.41580200195312,-217.62353515625,1013.879638671875,1073.3470458984375,-20.07353973388672,1,19.3482666015625,5794.7421875,5792.1630859375,-221.7457275390625,-179.3509979248047,126.2626953125,640.32568359375,733.1019287109375,380.2564697265625,1,18.489133834838867,5676.0126953125,5844.798828125,-211.43121337890625,-173.64173889160156,-67.82177734375,981.795654296875,594.6436767578125,-90.31108093261719,1,23.794506072998047,7296.888671875,7437.9296875,-271.12359619140625,-220.083984375,-109.717041015625,SN000368420812,Pumba,72522.1,2025-12-19T19:08:42.116Z,1765551355897617900,3D
631.276123046875,11.68798828125,416.61199951171875,1,28.737585067749023,8389.60546875,7704.9794921875,-346.3450622558594,-270.6787109375,1020.6865234375,850.622314453125,-69.121337890625,130.45152282714844,1,28.783607482910156,8266.1240234375,7923.5576171875,-324.04852294921875,-255.27774047851562,437.473388671875,952.263427734375,1311.997802734375,160.04039001464844,1,16.304418563842773,4987.47216796875,5597.7783203125,-179.52349853515625,-158.70944213867188,-266.91748046875,764.55615234375,905.0357666015625,340.567626953125,1,18.853591918945312,5796.150390625,5447.5283203125,-224.1082305908203,-171.82786560058594,202.359375,1024.995849609375,807.594970703125,-53.37236785888672,1,21.841915130615234,6652.099609375,6348.591796875,-253.5651397705078,-195.5843048095703,112.1455078125,892.079833984375,1324.97265625,57.200653076171875,1,15.489936828613281,4926.95751953125,4896.2509765625,-178.81808471679688,-139.50100708007812,-215.054931640625,913.586669921875,1315.302490234375,13.754562377929688,1,14.914329528808594,4517.99755859375,4649.6181640625,-165.25909423828125,-134.35226440429688,-154.075439453125,783.744384765625,705.0557861328125,233.6937713623047,1,24.97262954711914,8152.798828125,8047.775390625,-309.8357849121094,-246.565185546875,104.062744140625,839.529296875,670.2149658203125,83.5146484375,1,25.323015213012695,7808.9697265625,7590.759765625,-309.72314453125,-248.7893524169922,529.671875,655.875,359.4248046875,320.0401611328125,1,25.885950088500977,8051.80224609375,6892.5546875,-326.5292663574219,-237.28988647460938,784.038330078125,828.66259765625,292.286865234375,80.23651123046875,1,29.06641387939453,9202.5234375,8204.6865234375,-362.20538330078125,-267.35986328125,531.87646484375,971.059326171875,1166.6324462890625,110.33692932128906,1,16.561756134033203,4956.400390625,4855.17919921875,-185.5013427734375,-145.22817993164062,-29.483642578125,871.258056640625,1292.011962890625,21.414932250976562,1,15.920930862426758,4948.64404296875,5074.1787109375,-182.5955352783203,-148.56423950195312,-116.89990234375,869.712890625,1126.760986328125,250.87742614746094,1,17.23180389404297,5449.2431640625,5622.6884765625,-197.15658569335938,-159.77618408203125,-258.36181640625,1006.206298828125,1071.201416015625,-21.27524185180664,1,19.17357063293457,5761.80517578125,5741.41552734375,-219.45018005371094,-176.50270080566406,91.274169921875,637.398681640625,730.7763671875,379.97314453125,1,20.032711029052734,6362.91552734375,5859.76025390625,-244.71929931640625,-183.3622589111328,178.394775390625,975.841064453125,595.136474609375,-95.30522155761719,1,23.322938919067383,7308.07275390625,7525.6513671875,-263.8710632324219,-213.15696716308594,-364.022705078125,SN000368420812,Pumba,72522.233,2025-12-19T19:08:42.234Z,1765551355929323300,3D
633.756591796875,11.065673828125,421.6143798828125,1,28.049766540527344,8351.9638671875,7506.0400390625,-338.5201110839844,-256.6816711425781,808.348388671875,853.336669921875,-70.904541015625,131.8106231689453,1,29.25469207763672,8379.166015625,7898.75439453125,-332.57318115234375,-259.85601806640625,578.978515625,947.8115234375,1312.870849609375,158.59674072265625,1,16.875612258911133,5326.07666015625,5641.248046875,-192.8175811767578,-160.703857421875,-248.771240234375,765.576904296875,904.8924560546875,339.6634521484375,1,19.047611236572266,5768.880859375,5698.01171875,-223.08311462402344,-179.3875732421875,202.413330078125,1017.671630859375,809.521484375,-51.44892883300781,1,22.089969635009766,6745.99609375,6429.314453125,-257.14068603515625,-198.07139587402344,113.54296875,892.45458984375,1325.25390625,52.62593078613281,1,15.480351448059082,4932.7861328125,4932.81494140625,-178.44110107421875,-139.86004638671875,-234.8291015625,916.419677734375,1316.39501953125,10.145126342773438,1,15.567644119262695,4752.333984375,4951.5048828125,-174.8877716064453,-144.4676513671875,-127.348876953125,784.587646484375,705.4803466796875,234.0785675048828,1,25.689189910888672,8510.935546875,8337.138671875,-322.7326965332031,-254.56565856933594,84.64990234375,839.878173828125,669.903076171875,83.38456726074219,1,25.146045684814453,7821.3408203125,7592.6376953125,-307.6002502441406,-245.6162872314453,443.877685546875,656.626220703125,358.996337890625,321.55047607421875,1,25.870990753173828,8067.46484375,6894.1494140625,-326.39263916015625,-236.43211364746094,759.98876953125,826.919189453125,290.977294921875,79.67446899414062,1,31.07143783569336,9699.482421875,8626.0546875,-392.90570068359375,-295.0359802246094,929.3369140625,972.23486328125,1168.19970703125,110.30978393554688,1,16.537328720092773,4932.28662109375,4865.1298828125,-184.5941619873047,-145.52915954589844,-29.462890625,874.20361328125,1291.99609375,15.515335083007812,1,15.813907623291016,4900.47802734375,5074.1279296875,-180.39027404785156,-148.07345581054688,-129.90380859375,870.14599609375,1128.06103515625,250.71864318847656,1,16.825267791748047,5293.4873046875,5324.3935546875,-192.46043395996094,-152.23214721679688,-219.675537109375,1013.0107421875,1074.7225341796875,-21.13837432861328,1,18.962827682495117,5681.69970703125,5617.56298828125,-216.9257049560547,-173.3781280517578,107.5244140625,641.149169921875,728.048095703125,379.7093505859375,1,18.458740234375,5678.97998046875,5677.697265625,-213.1907196044922,-170.6555633544922,-13.218505859375,973.42626953125,594.7020263671875,-90.00751495361328,1,23.606670379638672,7291.1484375,7533.59912109375,-267.5980529785156,-218.84124755859375,-219.422119140625,SN000368420812,Pumba,72522.333,2025-12-19T19:08:42.348Z,1765551355961549200,3D
627.293212890625,19.3642578125,416.7958984375,1,27.84810447692871,8132.4052734375,7666.62109375,-329.57366943359375,-260.6773986816406,785.796142578125,852.10986328125,-62.101806640625,130.15333557128906,1,28.89554214477539,8319.8017578125,7909.37158203125,-326.26837158203125,-255.0987548828125,444.11669921875,948.961669921875,1311.3818359375,157.91783142089844,1,16.754045486450195,5306.93310546875,5593.7529296875,-191.6304931640625,-158.68856811523438,-264.249755859375,767.781982421875,905.783203125,338.942626953125,1,18.471925735473633,5602.43603515625,5597.666015625,-213.468017578125,-172.1812744140625,91.419189453125,1012.7265625,811.586181640625,-53.49407958984375,1,21.565467834472656,6578.18701171875,6335.1728515625,-248.62435913085938,-192.4866180419922,40.617919921875,895.8564453125,1325.6376953125,52.250640869140625,1,15.342050552368164,4882.34765625,4912.8056640625,-175.89785766601562,-138.4522247314453,-256.18798828125,919.688232421875,1315.73876953125,10.447578430175781,1,15.662954330444336,4735.4814453125,4918.38427734375,-176.16433715820312,-145.8526611328125,-64.00732421875,785.49267578125,707.5401611328125,233.3214569091797,1,24.196247100830078,7675.103515625,7560.126953125,-296.5408630371094,-237.70059204101562,259.4296875,839.416259765625,672.4434814453125,83.62831115722656,1,25.299114227294922,7816.365234375,7640.7978515625,-308.9266357421875,-248.9579620361328,494.046630859375,658.602783203125,364.59033203125,321.53546142578125,1,25.420434951782227,7911.86865234375,6861.1865234375,-317.81634521484375,-232.04547119140625,669.88623046875,827.4716796875,296.891845703125,80.29653930664062,1,30.668991088867188,9520.001953125,8578.609375,-384.7987365722656,-291.9196472167969,884.58154296875,970.5302734375,1166.1810302734375,110.36495971679688,1,16.653684616088867,4972.62939453125,4936.396484375,-186.04078674316406,-147.58949279785156,-31.85302734375,876.81201171875,1293.359619140625,15.353546142578125,1,15.964704513549805,4948.5927734375,5144.82958984375,-182.33648681640625,-150.37518310546875,-125.4228515625,871.395751953125,1127.0120849609375,250.9477996826172,1,16.71292495727539,5293.88134765625,5311.00146484375,-191.16397094726562,-150.19203186035156,-263.13720703125,1010.24560546875,1074.071533203125,-20.456371307373047,1,19.186567306518555,5782.072265625,5766.51123046875,-219.79638671875,-176.7397918701172,77.451171875,643.0751953125,731.166259765625,377.03826904296875,1,18.902069091796875,5873.6748046875,5848.4814453125,-220.41021728515625,-175.67184448242188,-16.83642578125,981.9697265625,595.84716796875,-88.3475570678711,1,22.89464569091797,7227.84765625,7361.2763671875,-259.1393127441406,-206.06114196777344,-420.797607421875,SN000368420812,Pumba,72522.433,2025-12-19T19:08:42.462Z,1765551355993350000,3D
635.676513671875,17.308837890625,417.3460693359375,1,28.292221069335938,8406.9453125,7687.0537109375,-341.2022705078125,-262.9066162109375,828.5859375,848.93212890625,-62.570556640625,130.48191833496094,1,29.472667694091797,8592.44140625,8049.3349609375,-337.9467468261719,-261.08624267578125,490.949462890625,946.616455078125,1311.46923828125,157.82325744628906,1,16.06746482849121,4892.501953125,5455.3486328125,-176.2893829345703,-154.83749389648438,-255.611572265625,765.974609375,905.4454345703125,339.5694580078125,1,18.80821990966797,5775.2578125,5447.2705078125,-222.94041442871094,-171.3445281982422,189.73828125,1031.301513671875,811.5155029296875,-51.000911712646484,1,20.927146911621094,6324.861328125,6117.0283203125,-238.3715057373047,-185.01048278808594,16.845947265625,899.290771484375,1329.761474609375,49.822998046875,1,15.411186218261719,4865.087890625,4925.87158203125,-176.21238708496094,-140.0497283935547,-224.218017578125,925.26953125,1320.9267578125,8.970710754394531,1,16.57207489013672,5349.94921875,5800.0146484375,-188.992431640625,-159.59841918945312,-405.48828125,786.57568359375,708.3126220703125,235.69468688964844,1,25.269031524658203,8266.814453125,8183.45654296875,-314.4281311035156,-251.03346252441406,113.998291015625,838.138671875,672.9417724609375,84.92910766601562,1,24.979379653930664,7726.10107421875,7671.99658203125,-302.73211669921875,-246.41018676757812,401.354736328125,661.137939453125,363.4937744140625,321.460693359375,1,25.525466918945312,7995.10302734375,6809.8671875,-321.53302001953125,-231.22457885742188,689.204833984375,824.24658203125,296.834228515625,79.0238037109375,1,29.712867736816406,9199.640625,8390.2646484375,-368.5955810546875,-281.0673828125,747.249755859375,970.50732421875,1167.412353515625,110.26744079589844,1,16.69533348083496,5023.755859375,4946.947265625,-187.4325408935547,-147.24295043945312,-49.515625,881.9013671875,1298.85546875,10.861137390136719,1,16.002586364746094,4929.33642578125,5131.2978515625,-182.581298828125,-151.17684936523438,-93.278564453125,870.229736328125,1126.368408203125,250.23826599121094,1,16.860977172851562,5341.685546875,5383.67578125,-193.0614471435547,-152.50701904296875,-259.885498046875,1012.307861328125,1073.9625244140625,-19.36406707763672,1,19.211524963378906,5805.6669921875,5795.2529296875,-220.32962036132812,-177.16397094726562,65.67724609375,642.856689453125,729.90380859375,380.6396484375,1,19.204936981201172,5943.3662109375,6048.10888671875,-223.36131286621094,-182.10382080078125,-5.983642578125,974.067626953125,602.0113525390625,-92.30567169189453,1,23.134605407714844,7212.13671875,7426.3671875,-260.80511474609375,-210.842041015625,-345.943603515625,SN000368420812,Pumba,72522.6,2025-12-19T19:08:42.605Z,1765551356025687000,3D
634.986083984375,19.677978515625,422.7838134765625,1,29.948551177978516,8830.625,8007.8330078125,-366.6858215332031,-284.4813537597656,1144.619384765625,848.79248046875,-63.16259765625,130.49436950683594,1,28.59423828125,8192.06640625,7796.857421875,-321.9878234863281,-252.3618621826172,461.548828125,944.47900390625,1316.2659912109375,156.23057556152344,1,17.011276245117188,5437.2919921875,5691.4345703125,-196.32371520996094,-161.36866760253906,-271.34912109375,764.87109375,905.04248046875,340.466064453125,1,18.58233642578125,5639.921875,5707.2109375,-214.31765747070312,-174.7859649658203,72.80810546875,1031.40185546875,814.071533203125,-50.345619201660156,1,21.689186096191406,6581.376953125,6343.5888671875,-249.58067321777344,-193.7847137451172,68.392578125,899.990234375,1329.5684814453125,46.3565673828125,1,14.967306137084961,4583.37158203125,4539.42236328125,-169.6855010986328,-133.47799682617188,-89.047607421875,926.606201171875,1317.8326416015625,6.68255615234375,1,16.264284133911133,4976.8984375,5196.36328125,-185.12689208984375,-154.08348083496094,-68.15478515625,786.92626953125,707.556396484375,235.47401428222656,1,24.43654441833496,7830.3271484375,7666.0771484375,-301.3837890625,-239.64906311035156,226.268310546875,842.06884765625,672.180908203125,86.04344177246094,1,25.3092041015625,7883.494140625,7627.00927734375,-310.7032775878906,-247.60536193847656,469.154541015625,657.666259765625,364.2174072265625,320.92816162109375,1,25.367555618286133,7838.865234375,6780.79296875,-316.6631774902344,-231.60995483398438,722.75634765625,826.3466796875,296.291015625,79.24250793457031,1,31.55682945251465,9939.064453125,8780.521484375,-402.47833251953125,-300.3865966796875,947.63525390625,968.412109375,1168.03564453125,113.05224609375,1,16.74432373046875,5013.076171875,4958.2490234375,-187.79061889648438,-148.53228759765625,-24.327392578125,882.6806640625,1296.953125,8.802383422851562,1,15.864580154418945,4917.66845703125,5041.375,-181.59568786621094,-147.78196716308594,-111.384033203125,868.134521484375,1126.92578125,252.6382598876953,1,16.739765167236328,5324.19482421875,5338.138671875,-191.70201110839844,-150.25840759277344,-283.120849609375,1009.886962890625,1076.117431640625,-17.77942657470703,1,19.32681655883789,5852.68115234375,5790.916015625,-222.6942901611328,-177.77537536621094,85.399658203125,638.59765625,731.1488037109375,378.4486083984375,1,18.56883430480957,5690.13623046875,5836.3740234375,-212.66427612304688,-174.26284790039062,-44.559326171875,977.132080078125,603.796142578125,-91.3219223022461,1,24.353858947753906,7475.2802734375,7595.75830078125,-280.64337158203125,-228.34397888183594,-16.840576171875,SN000368420812,Pumba,72522.7,2025-12-19T19:08:42.723Z,1765551356057583600,3D
636.427978515625,18.179443359375,417.301513671875,1,28.789222717285156,8527.662109375,7672.828125,-349.78094482421875,-267.5113525390625,962.33447265625,849.86572265625,-63.7216796875,129.388427734375,1,28.597251892089844,8281.2109375,7747.23193359375,-324.28289794921875,-249.54095458984375,426.39208984375,944.595703125,1310.8798828125,157.09344482421875,1,16.271881103515625,4979.796875,5629.92724609375,-178.8824462890625,-159.23974609375,-278.617919921875,767.7431640625,905.2879638671875,338.6185302734375,1,18.91622543334961,5852.16015625,5402.9619140625,-226.4595947265625,-170.78623962402344,210.414794921875,1033.028564453125,811.3355712890625,-50.69381332397461,1,21.736799240112305,6635.12451171875,6272.142578125,-252.19175720214844,-192.3621063232422,87.861572265625,894.768798828125,1325.13623046875,49.47541809082031,1,15.494119644165039,4840.71826171875,4920.69921875,-176.88792419433594,-141.8811492919922,-171.422119140625,920.567626953125,1316.9425048828125,8.316024780273438,1,15.350654602050781,4683.82275390625,4871.54541015625,-171.2539825439453,-140.73974609375,-162.26123046875,786.88818359375,708.3487548828125,234.8923797607422,1,24.425683975219727,7841.7138671875,7577.67822265625,-302.475830078125,-237.80953979492188,248.25927734375,839.85791015625,672.9169921875,84.44795227050781,1,24.79349136352539,7624.7001953125,7668.33056640625,-298.2461853027344,-245.46551513671875,379.208740234375,656.65966796875,364.9158935546875,320.7777099609375,1,25.571008682250977,8032.90234375,6732.166015625,-323.8244323730469,-229.96356201171875,717.984130859375,825.55517578125,296.415283203125,80.28305053710938,1,29.361616134643555,9135.44921875,8274.640625,-364.16107177734375,-275.0608825683594,680.36474609375,970.541259765625,1168.0540771484375,109.7044677734375,1,16.675167083740234,4978.8935546875,4945.35888671875,-186.4951629638672,-148.1324005126953,-24.624755859375,878.334228515625,1292.770263671875,11.217666625976562,1,16.005420684814453,4935.111328125,5177.931640625,-182.0557403564453,-151.6571044921875,-117.8916015625,870.73779296875,1127.5269775390625,250.3186798095703,1,16.67520523071289,5244.298828125,5306.455078125,-189.82872009277344,-150.7176971435547,-245.5322265625,1013.264404296875,1074.0462646484375,-19.442306518554688,1,19.444305419921875,5870.76611328125,5766.396484375,-225.08534240722656,-179.1691131591797,142.062744140625,638.835693359375,732.337646484375,373.66912841796875,1,18.580873489379883,5811.7685546875,5561.763671875,-218.67608642578125,-167.76451110839844,2.9072265625,972.9853515625,603.042724609375,-95.22499084472656,1,22.787841796875,7017.990234375,7265.0146484375,-255.1407470703125,-208.02430725097656,-291.506591796875,SN000368420812,Pumba,72522.833,2025-12-19T19:08:42.847Z,1765551356105407400,3D
637.104248046875,17.8134765625,418.982177734375,1,30.13991355895996,8763.5966796875,8101.185546875,-366.8337707519531,-290.630859375,1233.151611328125,851.06982421875,-64.116455078125,130.99908447265625,1,28.54302978515625,8105.0546875,8012.55908203125,-316.9372863769531,-256.6557922363281,402.733154296875,944.856201171875,1310.1072998046875,157.94424438476562,1,15.856588363647461,4857.2255859375,5424.92138671875,-173.3561553955078,-151.9164276123047,-308.828125,768.84423828125,904.175537109375,339.1253662109375,1,18.880207061767578,5754.4814453125,5765.283203125,-219.6446075439453,-177.80372619628906,106.431884765625,1032.713623046875,811.24951171875,-51.486328125,1,21.561019897460938,6491.12890625,6265.779296875,-247.01934814453125,-192.4803009033203,96.11376953125,894.939208984375,1324.25390625,50.34834289550781,1,15.511484146118164,4933.6259765625,4942.0302734375,-178.6703643798828,-140.38479614257812,-228.270263671875,920.7666015625,1316.2197265625,9.173011779785156,1,15.593480110168457,4749.28759765625,4957.966796875,-174.87734985351562,-144.79298400878906,-123.872802734375,787.39990234375,707.7816162109375,235.1928253173828,1,25.55632972717285,8455.68359375,8319.224609375,-320.1172180175781,-253.35711669921875,66.90625,840.333740234375,672.39501953125,84.71824645996094,1,25.411428451538086,7898.05078125,7646.06591796875,-312.0157470703125,-249.13427734375,494.50048828125,657.552734375,364.3868408203125,321.86822509765625,1,26.789766311645508,8341.6015625,6956.56982421875,-343.1931457519531,-246.40072631835938,974.748291015625,826.291259765625,295.8653564453125,80.89630126953125,1,28.593578338623047,8862.5908203125,8161.654296875,-350.24114990234375,-267.1001892089844,559.45751953125,971.0869140625,1167.5240478515625,110.34346008300781,1,16.524738311767578,4926.1845703125,4856.681640625,-184.48907470703125,-145.4296417236328,-25.339599609375,878.6416015625,1291.853759765625,12.058319091796875,1,16.121623992919922,5050.74462890625,5189.53125,-185.6710968017578,-151.0866241455078,-142.3447265625,871.52197265625,1126.660400390625,251.0462188720703,1,17.08403205871582,5390.03759765625,5601.73388671875,-194.34432983398438,-158.41598510742188,-277.698486328125,1013.48291015625,1073.8814697265625,-19.170455932617188,1,19.221323013305664,5781.57861328125,5703.38818359375,-220.97109985351562,-176.3240966796875,117.004638671875,640.142822265625,731.052490234375,374.1329345703125,1,18.65727424621582,5793.607421875,6006.47314453125,-214.0122833251953,-176.216796875,-129.007080078125,971.403076171875,603.5006103515625,-96.86588287353516,1,22.4814453125,6980.1943359375,7239.6640625,-250.87600708007812,-203.71343994140625,-385.712890625,SN000368420812,Pumba,72522.933,2025-12-19T19:08:42.960Z,1765551356138144200,3D
633.873291015625,18.83251953125,417.8782958984375,1,28.327672958374023,8361.9052734375,7615.2373046875,-341.0159912109375,-262.62359619140625,878.669677734375,847.61962890625,-63.156005859375,130.3138427734375,1,28.738143920898438,8323.685546875,7775.68310546875,-326.39959716796875,-251.04556274414062,443.56884765625,950.02587890625,1311.559326171875,157.86660766601562,1,16.564682006835938,5214.93115234375,5463.2861328125,-188.99270629882812,-155.78213500976562,-236.887939453125,766.9013671875,905.4583740234375,340.65081787109375,1,18.857295989990234,5714.359375,5710.6201171875,-219.1556854248047,-177.42898559570312,140.293701171875,1032.256591796875,812.237060546875,-51.91801452636719,1,21.699155807495117,6569.3974609375,6488.85205078125,-247.64480590820312,-196.31515502929688,19.18701171875,896.809326171875,1324.27685546875,51.874114990234375,1,15.467220306396484,4925.04248046875,4944.66162109375,-177.85333251953125,-139.84800720214844,-244.6357421875,920.881103515625,1314.4046630859375,10.122390747070312,1,16.108293533325195,4947.49755859375,5162.154296875,-182.94442749023438,-151.70919799804688,-103.807373046875,787.681640625,708.0440673828125,235.11878967285156,1,24.045745849609375,7613.255859375,7524.9072265625,-293.7534484863281,-236.06512451171875,244.2177734375,839.990966796875,672.2327880859375,84.77865600585938,1,24.908061981201172,7667.2109375,7635.61328125,-301.0647888183594,-245.99815368652344,419.57421875,658.916259765625,364.594482421875,320.8509521484375,1,25.629053115844727,7990.0048828125,6863.6337890625,-322.20965576171875,-233.93051147460938,717.987548828125,824.592041015625,296.31103515625,79.45265197753906,1,29.773555755615234,9228.0751953125,8396.607421875,-369.88018798828125,-281.5259094238281,754.345703125,972.119140625,1166.4415283203125,110.44038391113281,1,16.661832809448242,5016.2509765625,4951.818359375,-186.810546875,-146.96636962890625,-60.76806640625,878.268798828125,1291.40771484375,15.138900756835938,1,16.020557403564453,4997.7109375,5158.68701171875,-183.6610870361328,-150.13916015625,-142.788818359375,871.330810546875,1125.6358642578125,249.96604919433594,1,17.046382904052734,5414.5322265625,5442.212890625,-196.16966247558594,-154.72976684570312,-247.757568359375,1013.091064453125,1074.5848388671875,-20.360599517822266,1,19.0814151763916,5775.8623046875,5736.3564453125,-218.58949279785156,-174.6158905029297,45.20654296875,639.568115234375,732.551513671875,379.57110595703125,1,18.333044052124023,5669.4140625,5773.50048828125,-210.0788116455078,-170.11306762695312,-104.409912109375,976.158447265625,602.7935791015625,-94.6377944946289,1,22.08413314819336,6876.62890625,7112.748046875,-245.29824829101562,-197.7891082763672,-441.3671875,SN000368420812,Pumba,72523.066,2025-12-19T19:08:43.079Z,1765551356169490600,3D
633.239013671875,17.917236328125,417.91412353515625,1,29.646461486816406,8792.8095703125,7944.8681640625,-362.9061279296875,-279.6415710449219,1066.513671875,847.27880859375,-63.35986328125,131.45974731445312,1,27.25931167602539,7639.177734375,7509.5634765625,-297.38299560546875,-238.9633331298828,335.898193359375,950.373291015625,1313.814697265625,156.87982177734375,1,16.679580688476562,5322.27294921875,5552.2822265625,-191.2990264892578,-156.30337524414062,-294.3623046875,766.757080078125,904.3511962890625,340.24652099609375,1,18.41874885559082,5622.3564453125,5275.10009765625,-216.9962921142578,-165.9149627685547,183.502197265625,1034.230712890625,811.3270263671875,-50.97114944458008,1,21.310882568359375,6429.0576171875,6193.056640625,-243.49090576171875,-188.79901123046875,56.608154296875,894.450927734375,1325.5882568359375,52.19166564941406,1,15.10365104675293,4589.10546875,4646.1650390625,-170.2354736328125,-137.11570739746094,-77.96630859375,917.175537109375,1314.5623779296875,9.981651306152344,1,15.480752944946289,4688.0556640625,4846.35693359375,-173.48045349121094,-142.55860900878906,-93.764404296875,787.58935546875,707.3082275390625,234.7467498779297,1,23.93679428100586,7599.998046875,7505.74609375,-292.28509521484375,-234.27772521972656,212.096923828125,840.540771484375,672.177001953125,84.48704528808594,1,24.429187774658203,7571.5,7428.67236328125,-295.4161376953125,-237.2019805908203,351.77880859375,660.16357421875,363.4635009765625,320.7447509765625,1,26.159156799316406,8231.6171875,6885.18505859375,-333.4754333496094,-237.28842163085938,789.91552734375,826.838134765625,296.2081298828125,80.44557189941406,1,28.9468994140625,9149.5693359375,8221,-359.67242431640625,-267.17877197265625,513.974609375,970.497802734375,1166.9185791015625,110.24415588378906,1,16.711761474609375,5034.5546875,4954.2177734375,-187.70448303222656,-147.2944793701172,-53.970703125,874.33935546875,1292.408447265625,16.586509704589844,1,15.814970016479492,4927.3310546875,5152.4228515625,-179.67747497558594,-148.2855987548828,-187.004638671875,870.69287109375,1125.027587890625,250.27833557128906,1,16.93199348449707,5349.52392578125,5409.4453125,-193.79776000976562,-153.83511352539062,-245.2578125,1013.53857421875,1073.466064453125,-18.851638793945312,1,19.36121940612793,5875.9521484375,5746.21533203125,-224.1180877685547,-177.11001586914062,103.55419921875,638.77099609375,731.8623046875,378.76556396484375,1,19.47854232788086,6126.2734375,6082.33984375,-230.2288360595703,-183.11376953125,-6.603759765625,972.589599609375,603.871826171875,-95.60738372802734,1,24.148887634277344,7494.74169921875,7552.310546875,-278.73468017578125,-223.7375946044922,-104.375,SN000368420812,Pumba,72523.166,2025-12-19T19:08:43.194Z,1765551356201745900,3D
633.408203125,20.158935546875,416.7681884765625,1,28.156356811523438,8275.51171875,7841.3974609375,-334.6229248046875,-265.5286560058594,774.556396484375,848.477294921875,-60.7626953125,131.9803009033203,1,28.404090881347656,8181.67529296875,7850.2333984375,-318.6888427734375,-250.34423828125,365.16943359375,948.335205078125,1310.41015625,157.4371795654297,1,16.437999725341797,5130.95849609375,5410.15869140625,-186.26919555664062,-154.72535705566406,-222.372314453125,766.333984375,905.531005859375,339.751953125,1,18.756580352783203,5710.201171875,5740.2099609375,-217.4801483154297,-176.42642211914062,89.94140625,1034.883056640625,811.5341796875,-50.535133361816406,1,21.89365005493164,6661.1630859375,6415.3076171875,-252.76528930664062,-196.17474365234375,74.407958984375,894.44384765625,1324.6044921875,52.342041015625,1,15.36103630065918,4814.150390625,4837.36767578125,-175.7113800048828,-139.14662170410156,-177.274658203125,917.984130859375,1314.939453125,10.396995544433594,1,15.571480751037598,4806.30419921875,4970.80029296875,-175.56011962890625,-143.35400390625,-172.38671875,788.669677734375,707.0015869140625,234.8523406982422,1,25.554222106933594,8459.97265625,8222.99609375,-321.25775146484375,-251.6752471923828,99.361328125,840.212646484375,672.1768798828125,84.49705505371094,1,24.877750396728516,7668.2236328125,7533.109375,-301.9014892578125,-243.90171813964844,446.042724609375,658.696044921875,365.2735595703125,321.1405029296875,1,26.221445083618164,8195.015625,6938.14501953125,-332.8580017089844,-239.83529663085938,815.1298828125,823.645751953125,297.327392578125,79.36007690429688,1,28.6993408203125,8932.2646484375,8130.8818359375,-353.24261474609375,-266.6440734863281,572.010498046875,970.30810546875,1165.677490234375,109.94190979003906,1,16.596820831298828,4938.50537109375,4861.07275390625,-185.58580017089844,-146.35186767578125,-4.359619140625,875.32177734375,1292.352783203125,15.562919616699219,1,16.104623794555664,5004.2353515625,5186.0732421875,-184.74952697753906,-152.01681518554688,-114.87255859375,869.796875,1125.377197265625,249.1822052001953,1,16.736106872558594,5301.01953125,5341.13916015625,-191.11492919921875,-150.70510864257812,-273.65576171875,1013.76220703125,1072.9888916015625,-18.85950469970703,1,19.124794006347656,5796.34765625,5669.31787109375,-220.3428192138672,-173.81857299804688,77.7587890625,641.266845703125,731.844970703125,379.22015380859375,1,18.36050033569336,5652.99072265625,5872.474609375,-209.0209197998047,-172.55078125,-118.98828125,974.685546875,604.395751953125,-95.73487854003906,1,24.401748657226562,7593.03125,7762.44091796875,-281.65594482421875,-229.1056671142578,-130.213623046875,SN000368420812,Pumba,72523.333,2025-12-19T19:08:43.344Z,1765551356233773000,3D
627.350341796875,16.8212890625,415.81085205078125,1,28.456037521362305,8432.484375,7654.81689453125,-343.9156188964844,-264.12017822265625,886.67919921875,853.25048828125,-63.55810546875,130.40963745117188,1,28.924968719482422,8369.6943359375,8002.38623046875,-327.3652648925781,-256.92926025390625,418.136962890625,945.275634765625,1310.063720703125,157.86785888671875,1,16.081256866455078,4918.5615234375,5490.62646484375,-176.5310516357422,-154.97950744628906,-280.114013671875,764.316650390625,906.078857421875,339.4769287109375,1,18.610212326049805,5678.1396484375,5341.912109375,-219.81100463867188,-168.82260131835938,207.1884765625,1033.522216796875,812.244873046875,-50.74509811401367,1,21.865253448486328,6599.09375,6463.3330078125,-250.61203002929688,-197.85264587402344,80.488525390625,895.842041015625,1323.6646728515625,49.93878173828125,1,15.396673202514648,4870.0126953125,4951.6025390625,-175.82403564453125,-140.11021423339844,-243.2353515625,921.904541015625,1315.54248046875,8.911117553710938,1,15.19219970703125,4547.5,4724.0283203125,-168.6141815185547,-139.3977508544922,-79.689697265625,786.8134765625,707.7442626953125,235.37794494628906,1,23.692975997924805,7612.18212890625,7457.99609375,-289.7635803222656,-229.11883544921875,113.33447265625,838.3681640625,672.9349365234375,84.23760986328125,1,24.885311126708984,7740.484375,7473.51513671875,-304.0995788574219,-241.45201110839844,428.734375,658.528076171875,363.6953125,322.2821044921875,1,24.373905181884766,7490.12939453125,6836.21875,-296.43975830078125,-224.42987060546875,487.59130859375,825.8818359375,296.24560546875,79.57923889160156,1,29.471904754638672,9261.009765625,8158.7705078125,-369.6006164550781,-272.45379638671875,703.969482421875,971.7421875,1167.4176025390625,110.81658935546875,1,16.837594985961914,5040.509765625,4933.65234375,-189.79080200195312,-148.9972381591797,7.740234375,879.8203125,1291.063232421875,11.681037902832031,1,16.035932540893555,4965.36279296875,5203.7275390625,-182.85311889648438,-152.00926208496094,-129.219970703125,870.921142578125,1126.5712890625,250.82081604003906,1,16.943939208984375,5375.275390625,5409.6005859375,-194.49746704101562,-153.50323486328125,-254.2021484375,1014.117431640625,1075.056396484375,-19.34537124633789,1,19.422752380371094,5884.390625,5760.599609375,-224.8249053955078,-178.02969360351562,116.46044921875,638.104736328125,732.2947998046875,380.216796875,1,18.47333526611328,5617.22412109375,5866.8134765625,-209.8004150390625,-175.03257751464844,-48.51953125,972.508544921875,604.1962890625,-95.47433471679688,1,24.6640625,7564.5849609375,7823.853515625,-283.76715087890625,-234.92897033691406,-24.743408203125,SN000368420812,Pumba,72523.466,2025-12-19T19:08:43.474Z,1765551356265589100,3D
629.602294921875,21.950439453125,423.521728515625,1,28.577491760253906,8459.3427734375,7727.99072265625,-345.35760498046875,-266.8653869628906,900.940673828125,848.40771484375,-61.591552734375,132.06707763671875,1,29.298900604248047,8470.5068359375,7992.4853515625,-333.8719177246094,-260.0141906738281,508.047119140625,947.758544921875,1312.545166015625,155.94847106933594,1,15.824020385742188,4843.40380859375,5383.59375,-173.1073455810547,-151.0083465576172,-299.822998046875,765.20556640625,906.373046875,339.5443115234375,1,18.604455947875977,5668.5771484375,5283.81494140625,-220.36769104003906,-168.2131805419922,237.55810546875,1035.386962890625,811.2596435546875,-50.59681701660156,1,21.533180236816406,6502.115234375,6461.888671875,-244.49778747558594,-194.73536682128906,-1.165771484375,896.04638671875,1325.840576171875,49.43318176269531,1,15.311058044433594,4852.08056640625,4899.9833984375,-174.89271545410156,-138.23309326171875,-251.720947265625,920.43798828125,1315.5673828125,8.030227661132812,1,15.565860748291016,4760.076171875,4953.21728515625,-174.67169189453125,-143.886474609375,-144.14013671875,787.195556640625,707.947509765625,234.7853546142578,1,25.018169403076172,8257.7060546875,8026.8330078125,-312.7573547363281,-244.65097045898438,69.994140625,839.446044921875,672.7330322265625,84.48100280761719,1,24.528987884521484,7610.869140625,7491.697265625,-296.83447265625,-239.02391052246094,349.65478515625,657.375732421875,365.388916015625,320.64849853515625,1,26.149126052856445,8216.6484375,6855.716796875,-333.39599609375,-237.00331115722656,805.962646484375,825.586181640625,297.1719970703125,79.0880126953125,1,28.444412231445312,8766.5712890625,8058.203125,-347.6775817871094,-265.290283203125,594.296142578125,970.26611328125,1166.8065185546875,109.88841247558594,1,16.52356719970703,4952.55859375,4852.728515625,-184.9396514892578,-144.6339111328125,-43.304443359375,877.4912109375,1293.218505859375,12.569374084472656,1,16.0771427154541,4999.798828125,5200.5703125,-183.87452697753906,-151.5712432861328,-138.31298828125,870.5791015625,1126.22607421875,250.0022430419922,1,17.126995086669922,5361.896484375,5551.26708984375,-194.9540252685547,-158.97572326660156,-222.37841796875,1013.080322265625,1073.0440673828125,-18.90351104736328,1,19.010942459106445,5715.611328125,5743.3759765625,-216.44937133789062,-174.9874725341797,49.449951171875,638.433837890625,733.487060546875,379.02349853515625,1,18.403003692626953,5630.2548828125,5630.84423828125,-212.12246704101562,-170.19761657714844,12.167236328125,978.7158203125,602.5186767578125,-94.70301055908203,1,22.10552978515625,6744.1748046875,7102.9443359375,-243.17369079589844,-201.06385803222656,-346.519287109375,SN000368420812,Pumba,72523.566,2025-12-19T19:08:43.579Z,1765551356297655800,3D
634.7783203125,20.74560546875,423.7020263671875,1,27.909210205078125,8118.615234375,7472.15869140625,-333.2562255859375,-260.05126953125,924.976806640625,843.18505859375,-61.751953125,137.35781860351562,1,28.758813858032227,8293.837890625,7790.251953125,-326.2547302246094,-252.70590209960938,475.9775390625,946.568359375,1311.424072265625,156.9269561767578,1,16.231037139892578,4966.3486328125,5571.1123046875,-178.5426788330078,-157.67320251464844,-273.0751953125,766.694091796875,904.0213623046875,340.07122802734375,1,18.3065242767334,5609.8349609375,5317.1669921875,-214.87225341796875,-165.12216186523438,128.718994140625,1033.19775390625,810.6715087890625,-50.933860778808594,1,21.808773040771484,6653.67578125,6294.0419921875,-252.89744567871094,-193.03244018554688,88.135498046875,896.1123046875,1325.2269287109375,49.75306701660156,1,15.358648300170898,4865.90234375,4913.6806640625,-175.6804962158203,-138.97999572753906,-242.8623046875,921.358154296875,1316.113037109375,8.537239074707031,1,15.477529525756836,4716.69580078125,4878.5556640625,-173.6456756591797,-142.3910369873047,-124.02685546875,787.06298828125,708.072265625,234.69435119628906,1,25.775299072265625,8547.072265625,8390.25390625,-323.85589599609375,-255.8724822998047,76.79541015625,840.750244140625,672.7222900390625,84.76557922363281,1,24.9464054107666,7601.68505859375,7646.55908203125,-300.26861572265625,-248.4126739501953,474.935302734375,658.1376953125,364.888671875,320.928466796875,1,26.066364288330078,8247.8779296875,6873.29296875,-332.81011962890625,-235.3356475830078,747.567626953125,825.819580078125,296.8580322265625,79.22444152832031,1,28.52945899963379,9103.8828125,8094.27685546875,-354.7830810546875,-259.4007263183594,408.93310546875,971.39794921875,1167.294189453125,110.29872131347656,1,16.626888275146484,5011.24853515625,4900.7744140625,-186.88124084472656,-145.7493438720703,-52.185302734375,878.812255859375,1292.7451171875,12.094566345214844,1,16.16719627380371,5067.8798828125,5242.9853515625,-185.99789428710938,-152.30233764648438,-152.897216796875,872.0322265625,1124.1380615234375,250.4407196044922,1,16.709095001220703,5286.365234375,5326.544921875,-190.7033233642578,-150.4394073486328,-269.0185546875,1010.06787109375,1072.692626953125,-19.75518798828125,1,19.153493881225586,5809.66064453125,5721.232421875,-220.3526611328125,-174.77195739746094,61.474609375,637.4775390625,732.5272216796875,378.7972412109375,1,18.724559783935547,5809.1689453125,5784.70361328125,-217.93084716796875,-173.6834716796875,-18.5556640625,971.6015625,602.8990478515625,-94.0166015625,1,22.330774307250977,6922.3984375,7235.5986328125,-247.4857177734375,-202.075927734375,-425.93115234375,SN000368420812,Pumba,72523.666,2025-12-19T19:08:43.682Z,1765551356329939200,3D
633.2578125,19.897705078125,416.96728515625,1,28.61147689819336,8452.494140625,7630.01904296875,-346.58551025390625,-265.7633361816406,950.2080078125,851.53271484375,-62.082275390625,131.1110382080078,1,28.559917449951172,8221.814453125,7829.9228515625,-322.11260986328125,-252.1173858642578,428.527587890625,949.533935546875,1312.9930419921875,157.36155700683594,1,16.941356658935547,5346.78125,5745.4609375,-193.0400390625,-163.15306091308594,-267.251953125,766.3349609375,904.603271484375,339.9700927734375,1,18.569915771484375,5703.8818359375,5316.47412109375,-219.99696350097656,-167.0780487060547,181.239501953125,1033.408203125,811.506591796875,-51.13587951660156,1,21.50900650024414,6487.7666015625,6284.1982421875,-246.00535583496094,-191.92889404296875,66.70556640625,894.5380859375,1324.429443359375,52.164093017578125,1,15.064008712768555,4593.30419921875,4608.53369140625,-170.3035430908203,-135.86785888671875,-80.955078125,917.85009765625,1313.920654296875,10.150497436523438,1,15.658289909362793,4775.013671875,4948.70849609375,-176.2757568359375,-145.0501251220703,-109.61767578125,786.96142578125,708.236083984375,235.5186309814453,1,25.123092651367188,8271.0615234375,8213.330078125,-312.149169921875,-248.8920440673828,33.17431640625,838.47021484375,672.88671875,84.83242797851562,1,25.057514190673828,7695.951171875,7565.802734375,-304.42681884765625,-246.736572265625,495.14306640625,654.784912109375,366.1610107421875,321.18817138671875,1,25.791248321533203,8080.5693359375,6868.015625,-326.0077209472656,-234.54774475097656,730.87158203125,825.303955078125,296.96484375,79.41917419433594,1,29.39145278930664,9273.4951171875,8207.560546875,-368.0254211425781,-271.3743591308594,636.20068359375,970.657470703125,1167.019287109375,110.46308898925781,1,16.639644622802734,5000.3037109375,4943.28515625,-186.29690551757812,-146.8170928955078,-57.89306640625,875.276611328125,1291.12841796875,16.21398162841797,1,16.11913299560547,5055.74755859375,5182.599609375,-185.79501342773438,-150.79713439941406,-144.477783203125,870.66015625,1125.2061767578125,250.3712615966797,1,16.756580352783203,5303.484375,5336.18701171875,-191.40476989746094,-150.8015899658203,-267.11767578125,1011.07373046875,1073.54541015625,-19.591915130615234,1,19.220184326171875,5784.2490234375,5753.3642578125,-220.50277709960938,-177.12216186523438,98.142822265625,640.250732421875,731.1077880859375,380.04840087890625,1,18.029521942138672,5556.3251953125,5773.2607421875,-204.08753967285156,-167.9422149658203,-161.892578125,976.83837890625,602.4271240234375,-94.75415802001953,1,23.09667205810547,7054.9453125,7327.6474609375,-259.4596862792969,-213.56666564941406,-194.498291015625,SN000368420812,Pumba,72523.766,2025-12-19T19:08:43.788Z,1765551356361344400,3D
632.439697265625,19.710693359375,419.09942626953125,1,29.00870704650879,8677.064453125,7832.9658203125,-353.7015380859375,-270.21728515625,905.8544921875,848.78857421875,-62.4150390625,133.30152893066406,1,28.721866607666016,8326.81640625,7881.7060546875,-325.04010009765625,-252.40122985839844,394.597412109375,943.18115234375,1313.336669921875,155.06219482421875,1,15.627660751342773,4810.04443359375,5401.478515625,-169.57760620117188,-148.7109832763672,-375.178955078125,765.765869140625,905.2177734375,339.8397216796875,1,18.477802276611328,5629.470703125,5660.181640625,-213.25408935546875,-172.53086853027344,50.601806640625,1034.241943359375,812.1607666015625,-51.00383758544922,1,21.8214054107666,6656.54296875,6554.59423828125,-250.08688354492188,-197.25259399414062,-8.601318359375,895.620849609375,1329.980712890625,46.98896789550781,1,15.302379608154297,4848.404296875,4899.453125,-174.78656005859375,-138.25723266601562,-250.659423828125,921.442138671875,1320.4259033203125,6.2395782470703125,1,14.939109802246094,4468.6357421875,4642.85986328125,-164.72283935546875,-135.7977752685547,-110.259765625,786.828369140625,708.4942626953125,235.4030303955078,1,24.52225112915039,7783.75537109375,7686.65869140625,-301.37481689453125,-242.44631958007812,284.078857421875,841.073486328125,672.1572265625,85.93540954589844,1,24.9979248046875,7689.8310546875,7810.3525390625,-300.6875305175781,-249.73721313476562,378.83642578125,658.523681640625,364.9979248046875,321.09716796875,1,26.355960845947266,8216.8603515625,7029.3076171875,-334.3569641113281,-243.42967224121094,837.517578125,825.334716796875,296.3990478515625,78.99365234375,1,28.947492599487305,8816.4833984375,8431.7392578125,-350.8512878417969,-278.1763000488281,637.20166015625,968.318115234375,1168.074462890625,109.087158203125,1,16.434497833251953,4942.33544921875,4913.60595703125,-182.8628387451172,-144.35968017578125,-99.3837890625,878.05517578125,1298.511474609375,8.610145568847656,1,15.98652458190918,4949.8935546875,5134.74560546875,-182.70204162597656,-150.4659881591797,-114.923828125,868.871826171875,1125.916259765625,249.15061950683594,1,16.585235595703125,5239.81201171875,5279.4755859375,-188.71200561523438,-148.72129821777344,-276.929443359375,1012.62158203125,1074.2197265625,-19.361957550048828,1,19.119901657104492,5756.1982421875,5791.1826171875,-218.16995239257812,-176.6702117919922,55.8271484375,640.3662109375,731.21923828125,379.75946044921875,1,19.028043746948242,5998.0166015625,5900.85498046875,-223.9417266845703,-175.8178253173828,-54.94482421875,978.07763671875,603.0869140625,-95.0534439086914,1,23.97604751586914,7434.5810546875,7490.931640625,-275.99383544921875,-221.2917022705078,-120.147216796875,SN000368420812,Pumba,72523.9,2025-12-19T19:08:43.902Z,1765551356393526300,3D
628.837646484375,16.974853515625,422.59844970703125,1,28.371597290039062,8332.2431640625,7642.4296875,-341.0887451171875,-264.92755126953125,918.052978515625,849.242431640625,-65.320068359375,134.42098999023438,1,28.437728881835938,8205.171875,7718.56103515625,-321.1134948730469,-248.2928924560547,416.216552734375,945.606689453125,1312.87548828125,158.12557983398438,1,15.871580123901367,4907.1884765625,5549.55615234375,-173.1300048828125,-153.04798889160156,-378.67333984375,763.348388671875,906.743896484375,339.3275146484375,1,18.518207550048828,5657.7509765625,5338.0888671875,-218.26559448242188,-167.7366943359375,181.405517578125,1035.51806640625,811.4403076171875,-51.143943786621094,1,21.655315399169922,6512.861328125,6408.671875,-246.9239501953125,-195.6520233154297,65.839111328125,890.9169921875,1326.6436767578125,52.47998046875,1,15.004730224609375,4590.80322265625,4597.2158203125,-169.7787322998047,-134.98886108398438,-95.244384765625,914.96630859375,1318.345458984375,10.146148681640625,1,15.341270446777344,4622.095703125,4823.29150390625,-170.84170532226562,-141.6682891845703,-98.938232421875,786.44189453125,707.9891357421875,235.47361755371094,1,25.20135498046875,8304.7626953125,8259.0947265625,-313.2966003417969,-250.12158203125,29.153076171875,840.324462890625,672.342529296875,84.94436645507812,1,25.231882095336914,7786.7890625,7660.951171875,-307.2596435546875,-248.87539672851562,475.6982421875,658.333984375,362.8033447265625,321.81011962890625,1,25.363962173461914,7942.7412109375,6789.6318359375,-318.6697082519531,-229.5009765625,659.63720703125,825.79443359375,294.8990478515625,78.91807556152344,1,29.34743881225586,9151.669921875,8371.3154296875,-363.17523193359375,-275.9858703613281,627.447998046875,970.25146484375,1169.4346923828125,109.54249572753906,1,16.37891960144043,4895.44091796875,4845.88623046875,-182.2047882080078,-143.69778442382812,-62.697998046875,872.859619140625,1294.010986328125,14.999900817871094,1,16.087013244628906,5060.15625,5205.5869140625,-185.3904266357422,-150.77857971191406,-163.407958984375,868.83642578125,1127.978515625,249.4740447998047,1,17.336090087890625,5467.4697265625,5679.4482421875,-198.23655700683594,-161.98008728027344,-245.31396484375,1013.37744140625,1074.6099853515625,-19.515411376953125,1,19.46683120727539,5845.4931640625,5819.17333984375,-224.07183837890625,-180.68431091308594,140.0244140625,637.873779296875,731.555908203125,378.95294189453125,1,18.8353271484375,5891.5849609375,6029.36328125,-217.8241729736328,-177.0616912841797,-124.90283203125,971.95947265625,603.5318603515625,-95.44143676757812,1,23.635467529296875,7310.1845703125,7392.13916015625,-270.28363037109375,-217.02931213378906,-154.1865234375,SN000368420812,Pumba,72524,2025-12-19T19:08:44.016Z,1765551356425628100,3D
635.559326171875,16.289306640625,417.1676025390625,1,29.64410972595215,8718.6689453125,7808.80078125,-363.3294677734375,-279.5462951660156,1173.0263671875,850.42578125,-65.165283203125,131.15512084960938,1,28.182506561279297,8003.2978515625,7607.6787109375,-315.0708312988281,-246.89022827148438,467.839599609375,948.7431640625,1311.5440673828125,158.73423767089844,1,16.581222534179688,5290.3251953125,5507.4443359375,-190.15724182128906,-155.0261993408203,-292.36474609375,767.052001953125,904.4049072265625,339.013671875,1,18.5208740234375,5677.27734375,5348.76806640625,-218.70339965820312,-167.6878204345703,171.538330078125,1036.514892578125,810.3887939453125,-51.00354766845703,1,21.42754554748535,6475.87109375,6217.15625,-245.41888427734375,-189.73312377929688,62.1181640625,893.662109375,1325.2540283203125,53.4478759765625,1,15.154376983642578,4657.427734375,4673.6845703125,-172.1669921875,-137.14649963378906,-99.223876953125,917.39208984375,1316.5986328125,11.074554443359375,1,15.796692848205566,4843.759765625,5100.13671875,-177.9012908935547,-148.41790771484375,-141.546875,788.02587890625,707.5302734375,235.47889709472656,1,24.064775466918945,7698.791015625,7632.39453125,-294.37164306640625,-236.06210327148438,157.983154296875,839.4609375,672.1142578125,84.25444030761719,1,24.63282012939453,7667.328125,7539.9248046875,-298.56622314453125,-239.9881134033203,336.62060546875,657.476806640625,363.6839599609375,321.51727294921875,1,26.357603073120117,8327.875,6950.7802734375,-337.0821228027344,-239.24647521972656,789.35693359375,825.34423828125,295.0892333984375,79.61959838867188,1,29.80394744873047,9218.849609375,8867.9150390625,-364.3992919921875,-289.3416748046875,584.20751953125,971.8876953125,1167.8017578125,109.78233337402344,1,16.729402542114258,5037.189453125,4925.71484375,-188.52435302734375,-147.3333740234375,-30.103271484375,875.1787109375,1292.636962890625,16.252517700195312,1,15.939007759094238,5030.12841796875,5249.18359375,-182.3851776123047,-149.75479125976562,-225.54931640625,870.0634765625,1126.4375,249.1648406982422,1,17.586240768432617,5699.57275390625,5467.8662109375,-208.55792236328125,-157.5718994140625,-192.83203125,1013.72119140625,1073.2208251953125,-19.715835571289062,1,19.415287017822266,5848.2666015625,5790.833984375,-223.76136779785156,-179.31161499023438,126.275146484375,642.125732421875,728.92041015625,377.59222412109375,1,19.195152282714844,5934.1171875,6039.9921875,-223.40170288085938,-182.3433837890625,6.87060546875,972.727783203125,602.8997802734375,-95.60421752929688,1,22.964590072631836,7138.7236328125,7331.97509765625,-259.2415771484375,-209.49008178710938,-306.2568359375,SN000368420812,Pumba,72524.1,2025-12-19T19:08:44.132Z,1765551356457527900,3D
634.6484375,11.781982421875,419.0721435546875,1,29.084083557128906,8591.18359375,7853.85009765625,-352.5169677734375,-273.4035949707031,973.775146484375,849.617919921875,-67.640380859375,133.95359802246094,1,28.93899917602539,8327.876953125,7851.5537109375,-328.21490478515625,-255.4029083251953,498.5048828125,946.532470703125,1311.3140869140625,158.2042694091797,1,15.80073356628418,4819.83203125,5409.8857421875,-171.9415740966797,-151.45436096191406,-309.04150390625,765.515869140625,904.3858642578125,339.53118896484375,1,18.631702423095703,5748.0537109375,5425.212890625,-220.333740234375,-168.70452880859375,137.29052734375,1035.107177734375,808.364013671875,-50.7557373046875,1,21.76235580444336,6581.6728515625,6511.7685546875,-248.19552612304688,-197.11749267578125,22.1474609375,892.21875,1327.803466796875,52.6898193359375,1,14.6827392578125,4454.90625,4476.9638671875,-164.31690979003906,-130.92901611328125,-106.70166015625,916.09130859375,1319.4764404296875,10.234161376953125,1,15.285921096801758,4662.55419921875,4863.7421875,-170.41094970703125,-140.4510040283203,-163.696533203125,786.61279296875,704.7884521484375,235.57032775878906,1,24.13123893737793,7626.072265625,7473.0087890625,-295.7161560058594,-236.3461151123047,293.28125,841.366455078125,670.488037109375,84.95785522460938,1,25.22776985168457,7854.17578125,7565.5810546875,-309.7115173339844,-245.8916778564453,472.874755859375,658.966064453125,359.304931640625,322.1884765625,1,25.2503662109375,7877.6728515625,6787.8349609375,-315.9567565917969,-229.1181182861328,650.9072265625,826.200439453125,292.884033203125,79.28096008300781,1,30.6881103515625,9713.4384765625,8481.697265625,-390.1564636230469,-286.59429931640625,820.77880859375,969.28955078125,1167.7039794921875,109.40374755859375,1,16.726511001586914,5039.55908203125,4941.3173828125,-188.21054077148438,-147.30149841308594,-43.447998046875,873.3828125,1296.10009765625,14.762550354003906,1,16.21021270751953,5056.275390625,5202.4912109375,-186.90762329101562,-152.76051330566406,-108.2744140625,868.393798828125,1127.1982421875,250.1897735595703,1,16.94152069091797,5360.5166015625,5417.20654296875,-194.1205596923828,-153.9556427001953,-248.28271484375,1011.226806640625,1071.5111083984375,-19.139678955078125,1,19.200998306274414,5803.4921875,5674.927734375,-221.4051513671875,-174.9777374267578,104.055419921875,639.419677734375,729.2236328125,377.8533935546875,1,18.41455078125,5701.1865234375,5787.8955078125,-211.41209411621094,-170.71876525878906,-99.847900390625,974.504150390625,599.5233154296875,-95.33836364746094,1,23.341991424560547,7169.8828125,7344.44091796875,-264.6180419921875,-215.11083984375,-166.936767578125,SN000368420812,Pumba,72524.233,2025-12-19T19:08:44.245Z,1765551356505414300,3D
637.603759765625,14.234375,418.620849609375,1,28.121564865112305,8166.1474609375,7521.09326171875,-335.58709716796875,-262.2043151855469,942.997314453125,851.194091796875,-66.70751953125,133.4004669189453,1,28.760284423828125,8129.37841796875,8012.169921875,-320.0747375488281,-259.4163513183594,476.388427734375,944.550048828125,1311.7545166015625,157.04502868652344,1,16.786319732666016,5365.49609375,5620.7900390625,-192.8364715576172,-158.25840759277344,-297.34716796875,767.8623046875,905.033203125,341.3394775390625,1,18.925344467163086,5761.0263671875,5721.556640625,-220.96205139160156,-177.82061767578125,141.9228515625,1033.208984375,811.049560546875,-50.953163146972656,1,22.022785186767578,6699.611328125,6648.32861328125,-252.211181640625,-200.7086639404297,8.08935546875,893.241455078125,1326.0052490234375,49.821685791015625,1,14.98863410949707,4556.07177734375,4561.85693359375,-169.39508056640625,-135.07455444335938,-64.631103515625,918.466064453125,1317.43359375,8.251068115234375,1,15.676714897155762,4822.388671875,5002.00146484375,-177.083251953125,-145.4400634765625,-141.993408203125,786.8056640625,706.3360595703125,235.4639129638672,1,25.911579132080078,8531.13671875,8283.349609375,-326.56060791015625,-256.77001953125,186.3271484375,841.012451171875,670.8529052734375,85.0687255859375,1,24.626981735229492,7627.6845703125,7476.2626953125,-298.3816833496094,-239.6991729736328,379.978271484375,657.438720703125,361.6484375,321.39154052734375,1,26.81589126586914,8320.1357421875,6987.9912109375,-342.38800048828125,-247.35296630859375,974.880126953125,826.30810546875,293.529296875,79.41590881347656,1,31.00144386291504,9715.345703125,8750.390625,-390.94921875,-295.6012878417969,844.6865234375,970.10693359375,1167.89453125,109.67111206054688,1,16.52199935913086,4979.68603515625,4895.8955078125,-185.02928161621094,-144.77389526367188,-74.191162109375,875.9970703125,1293.5438232421875,11.83697509765625,1,15.974075317382812,4989.5712890625,5196.4892578125,-182.77020263671875,-150.55014038085938,-162.190673828125,869.63330078125,1127.4315185546875,250.31825256347656,1,16.700218200683594,5296.4736328125,5330.97314453125,-190.8488311767578,-150.27960205078125,-276.8203125,1011.95947265625,1074.3463134765625,-20.496253967285156,1,19.029781341552734,5669.4580078125,5722.1904296875,-216.08909606933594,-176.06654357910156,95.093994140625,638.14453125,732.470703125,378.356201171875,1,18.97898292541504,5876.49609375,6003.5693359375,-219.73391723632812,-179.37481689453125,-42.782470703125,972.471435546875,602.166259765625,-94.26200866699219,1,24.850929260253906,7672.88916015625,7863.1357421875,-287.60064697265625,-235.81051635742188,-32.798095703125,SN000368420812,Pumba,72524.333,2025-12-19T19:08:44.355Z,1765551356537399700,3D
637.2958984375,15.651123046875,419.92474365234375,1,28.947242736816406,8588.5244140625,7919.1552734375,-349.6310119628906,-271.8985900878906,881.46826171875,849.6337890625,-66.771728515625,135.57650756835938,1,28.35216522216797,8087.478515625,7711.80859375,-317.4418640136719,-249.0366668701172,441.409912109375,946.415283203125,1311.8519287109375,156.66342163085938,1,16.28318214416504,5137.767578125,5337.35205078125,-185.39208984375,-151.11419677734375,-259.95263671875,764.77685546875,906.259033203125,338.7294921875,1,18.619491577148438,5753.2109375,5443.8544921875,-220.02536010742188,-168.6400146484375,120.636962890625,1034.1552734375,810.7869873046875,-51.0972785949707,1,21.71289825439453,6622.546875,6429.76953125,-249.50584411621094,-194.35809326171875,14.5576171875,889.67529296875,1319.9962158203125,51.465484619140625,1,15.152608871459961,4872.107421875,4858.25048828125,-173.8456268310547,-134.7266387939453,-311.427001953125,913.356689453125,1310.9853515625,9.047996520996094,1,15.024054527282715,4530.5166015625,4685.47314453125,-166.59132385253906,-136.50820922851562,-125.548095703125,786.720458984375,708.097900390625,236.00462341308594,1,23.973268508911133,7611.58056640625,7572.52587890625,-292.155029296875,-235.58639526367188,193.3369140625,839.248779296875,671.0303955078125,85.27273559570312,1,24.38433837890625,7491.0400390625,7392.15087890625,-293.6371765136719,-237.6597137451172,393.216796875,657.63525390625,362.60400390625,320.25421142578125,1,25.983070373535156,8111.099609375,6924.02734375,-328.35009765625,-237.72642517089844,770.422119140625,826.267333984375,293.3948974609375,78.80477905273438,1,28.69353485107422,8910.552734375,8132.5712890625,-352.642333984375,-266.9660339355469,579.2138671875,971.922607421875,1167.836669921875,109.11935424804688,1,16.586429595947266,4961.5009765625,4870.76416015625,-185.8165283203125,-145.85202026367188,-25.40771484375,872.16015625,1285.44384765625,15.449111938476562,1,16.15996551513672,5028.5986328125,5132.3427734375,-186.570556640625,-151.5233612060547,-84.9140625,869.30419921875,1127.8692626953125,248.3933868408203,1,16.84164047241211,5339.9306640625,5360.35546875,-193.14454650878906,-151.98936462402344,-254.950439453125,1014.0048828125,1074.4371337890625,-21.349811553955078,1,18.889835357666016,5688.19921875,5609.3994140625,-216.0224609375,-171.6997833251953,69.49462890625,638.155029296875,731.48486328125,376.9656982421875,1,18.83173370361328,5810.69482421875,5946.6142578125,-217.4027557373047,-177.8382110595703,-37.961181640625,969.611572265625,603.050048828125,-95.19329071044922,1,23.626346588134766,7151.189453125,7546.62890625,-265.576416015625,-223.28515625,-111.849853515625,SN000368420812,Pumba,72524.433,2025-12-19T19:08:44.460Z,1765551356569346800,3D
636.85302734375,16.447998046875,423.6905517578125,1,29.503990173339844,8894.248046875,7767.02294921875,-364.70477294921875,-271.7555847167969,999.5986328125,852.394775390625,-64.8994140625,133.46533203125,1,28.515514373779297,8242.6181640625,7818.8193359375,-321.3356018066406,-249.8367462158203,376.887939453125,946.3857421875,1312.802734375,156.8209228515625,1,16.473752975463867,5286.01171875,5522.8857421875,-188.39764404296875,-153.49942016601562,-345.293701171875,767.12158203125,905.64306640625,339.35064697265625,1,18.311634063720703,5626.3046875,5268.8828125,-215.85049438476562,-164.11224365234375,140.591064453125,1031.013427734375,811.74853515625,-52.30979537963867,1,21.69393539428711,6595.0673828125,6327.15576171875,-249.9156036376953,-193.06396484375,62.429443359375,891.052490234375,1325.6357421875,51.5411376953125,1,15.189282417297363,4642.60498046875,4663.931640625,-172.3112030029297,-137.7285919189453,-75.93505859375,914.630615234375,1316.4473876953125,9.188880920410156,1,15.206220626831055,4625.0859375,4787.3701171875,-169.55538940429688,-138.83908081054688,-145.302734375,786.398681640625,707.002197265625,235.09239196777344,1,25.304048538208008,8453.6064453125,8195.4794921875,-318.2199401855469,-247.35374450683594,6.6171875,841.037353515625,671.793701171875,84.92713928222656,1,24.727188110351562,7668.41943359375,7572.30859375,-299.4492492675781,-242.01565551757812,364.523193359375,658.94921875,362.2545166015625,322.34588623046875,1,27.102828979492188,8585.5810546875,7115.33984375,-349.8731384277344,-248.06639099121094,891.7490234375,825.524658203125,294.8031005859375,78.78488159179688,1,30.17971420288086,9445.705078125,8570.7578125,-377.1534118652344,-285.63348388671875,723.8818359375,969.4482421875,1168.2884521484375,109.152099609375,1,16.40057373046875,4960.212890625,4884.1044921875,-183.0806121826172,-142.901611328125,-114.46826171875,872.33447265625,1292.703369140625,14.734657287597656,1,15.414031982421875,4528.12890625,4639.4609375,-173.093017578125,-143.34291076660156,92.835205078125,868.042724609375,1128.55078125,249.2126007080078,1,16.751901626586914,5328.341796875,5383.54248046875,-191.4864501953125,-151.16453552246094,-295.447509765625,1011.21728515625,1074.82861328125,-20.817276000976562,1,19.21674156188965,5758.07421875,5794.79052734375,-219.34579467773438,-178.1581268310547,92.465087890625,642.3974609375,729.99560546875,377.97894287109375,1,18.508480072021484,5761.79052734375,5847.99365234375,-213.34759521484375,-172.10012817382812,-111.338623046875,978.2919921875,600.5640869140625,-94.0496597290039,1,22.46036720275879,7039.92578125,7266.0654296875,-251.5924835205078,-202.59823608398438,-436.509033203125,SN000368420812,Pumba,72524.533,2025-12-19T19:08:44.566Z,1765551356601980400,3D
633.1806640625,18.031005859375,418.06829833984375,1,30.250438690185547,8956.16015625,8066.0625,-372.2254638671875,-287.25372314453125,1171.601318359375,849.033447265625,-62.686279296875,134.72686767578125,1,28.78135108947754,8345.974609375,7895.6044921875,-325.8022766113281,-252.87193298339844,395.975341796875,949.2998046875,1316.0087890625,156.12217712402344,1,15.797018051147461,4885.18359375,5503.44580078125,-172.13186645507812,-151.44508361816406,-384.285400390625,765.5849609375,905.9512939453125,339.0836181640625,1,18.795116424560547,5769.73828125,5465.1474609375,-222.47021484375,-171.5565185546875,181.039306640625,1032.17578125,811.4144287109375,-51.274208068847656,1,21.079938888549805,6353.8896484375,6169.6669921875,-239.3380584716797,-186.44248962402344,12.75390625,892.024169921875,1327.927490234375,51.994354248046875,1,14.892629623413086,4508.59521484375,4562.1728515625,-167.2019805908203,-134.57777404785156,-78.0791015625,914.180908203125,1316.705810546875,9.455482482910156,1,15.567747116088867,4770.32275390625,4952.5654296875,-175.21685791015625,-144.06533813476562,-138.88623046875,788.67236328125,707.535888671875,236.1388397216797,1,24.771865844726562,8116.810546875,8135.548828125,-305.5110778808594,-245.508056640625,5.625732421875,840.62744140625,672.624267578125,85.23475646972656,1,24.82784652709961,7617.05810546875,7567.2626953125,-299.8202209472656,-244.73875427246094,440.90673828125,657.154052734375,364.629638671875,322.02191162109375,1,26.419544219970703,8407.892578125,7073.6181640625,-337.86785888671875,-240.1749267578125,715.569580078125,823.071533203125,296.322509765625,78.89837646484375,1,30.6372013092041,9538.2685546875,8673.171875,-383.8453369140625,-292.7250061035156,830.16748046875,968.720703125,1168.593505859375,109.43739318847656,1,16.412622451782227,4944.390625,4865.88916015625,-183.28921508789062,-143.3552703857422,-87.826416015625,871.26025390625,1294.75146484375,16.652450561523438,1,16.039560317993164,5059.083984375,5270.06396484375,-183.99314880371094,-151.0310516357422,-208.382080078125,868.257568359375,1127.8182373046875,249.5469207763672,1,16.777196884155273,5298.8857421875,5338.85302734375,-191.88436889648438,-151.69598388671875,-245.515869140625,1008.737548828125,1073.832763671875,-20.296138763427734,1,19.336315155029297,5803.1748046875,5869.15966796875,-221.02981567382812,-180.38462829589844,91.994140625,639.907470703125,731.3389892578125,377.35955810546875,1,18.62905502319336,5789.884765625,5919.0390625,-214.37091064453125,-174.2012939453125,-112.45263671875,976.06103515625,601.226318359375,-91.74384307861328,1,23.64386749267578,7234.240234375,7461.677734375,-267.99566650390625,-219.8400421142578,-135.251708984375,SN000368420812,Pumba,72524.666,2025-12-19T19:08:44.677Z,1765551356633319300,3D
633.325439453125,21.55810546875,422.903564453125,1,28.323991775512695,8376.4765625,7533.4013671875,-342.48284912109375,-261.2998046875,909.081298828125,847.3125,-62.571044921875,133.82835388183594,1,29.835115432739258,8665.62890625,8071.400390625,-344.03839111328125,-265.9145202636719,601.510498046875,945.05615234375,1311.54736328125,157.24839782714844,1,16.50341796875,5309.0546875,5610.33447265625,-188.1869354248047,-154.79281616210938,-381.02783203125,765.227783203125,905.9822998046875,339.123291015625,1,18.52827262878418,5666.208984375,5336.60546875,-218.61215209960938,-167.72702026367188,182.33544921875,1034.251953125,811.6287841796875,-50.96299362182617,1,21.940553665161133,6671.31103515625,6579.4482421875,-251.70936584472656,-199.33311462402344,26.740234375,890.315673828125,1325.7952880859375,52.35566711425781,1,15.100017547607422,4613.65576171875,4631.947265625,-171.12338256835938,-136.64105224609375,-79.197509765625,913.759033203125,1316.60791015625,10.146018981933594,1,14.90203857421875,4559.6171875,4743.26416015625,-164.96563720703125,-134.85659790039062,-215.749755859375,785.27099609375,708.8785400390625,234.60166931152344,1,23.978023529052734,7663.025390625,7493.3955078125,-294.0971374511719,-233.2056427001953,193.5205078125,839.910400390625,671.739013671875,85.58090209960938,1,24.932109832763672,7772.3564453125,7571.41845703125,-304.1328125,-242.95057678222656,390.07177734375,657.519287109375,365.42041015625,320.296630859375,1,25.565704345703125,7993.470703125,6808.42822265625,-322.1325378417969,-232.0058135986328,711.10546875,826.13037109375,296.1168212890625,79.19303894042969,1,29.388198852539062,9222.4736328125,8195.263671875,-367.3096008300781,-272.50640869140625,676.119384765625,968.0048828125,1167.1573486328125,108.77981567382812,1,16.622203826904297,4992.54638671875,4913.962890625,-186.44064331054688,-146.475830078125,-43.466552734375,871.293701171875,1293.494873046875,15.431770324707031,1,15.730865478515625,4967.927734375,5205.283203125,-179.06427001953125,-147.20822143554688,-258.013671875,868.2119140625,1126.6461181640625,248.6525115966797,1,16.717979431152344,5275.7001953125,5331.08642578125,-190.72048950195312,-151.0985565185547,-255.15869140625,1013.8193359375,1073.6103515625,-19.201271057128906,1,19.26474952697754,5775.08154296875,5740.5458984375,-221.18446350097656,-178.01637268066406,132.16357421875,639.081298828125,732.42236328125,377.8770751953125,1,18.206859588623047,5624.208984375,5826.8134765625,-206.9227294921875,-169.90721130371094,-152.609619140625,975.052978515625,603.6790771484375,-95.69834899902344,1,24.200708389282227,7429.00439453125,7610.2333984375,-277.4130859375,-226.92413330078125,-66.149658203125,SN000368420812,Pumba,72524.766,2025-12-19T19:08:44.789Z,1765551356665547800,3D
633.058349609375,21.463623046875,423.17022705078125,1,28.645132064819336,8338.1953125,7565.8857421875,-345.7864685058594,-268.1995544433594,1066.318115234375,846.8134765625,-62.9033203125,133.954345703125,1,28.80477523803711,8121.919921875,7970.3642578125,-321.4679870605469,-260.24298095703125,531.827880859375,941.78857421875,1311.428466796875,156.3926544189453,1,16.173561096191406,4851.64990234375,5088.81689453125,-181.5280303955078,-152.23280334472656,-31.0361328125,766.111328125,907.08056640625,338.435791015625,1,18.69736099243164,5713.9169921875,5382.18603515625,-221.2218780517578,-170.11756896972656,209.302734375,1033.23095703125,813.62158203125,-51.80827713012695,1,21.669593811035156,6573.25390625,6272.13671875,-249.8777618408203,-192.38116455078125,88.387939453125,889.314208984375,1326.15234375,50.295166015625,1,15.039283752441406,4615.4326171875,4597.25390625,-170.76918029785156,-135.06886291503906,-93.15380859375,914.002685546875,1318.098388671875,8.515640258789062,1,15.30618667602539,4651.669921875,4807.0625,-171.30731201171875,-140.3702392578125,-120.422607421875,787.59375,709.330322265625,235.5039520263672,1,25.09064483642578,8252.701171875,8106.0634765625,-312.7905578613281,-247.31796264648438,77.327880859375,840.961669921875,672.3065185546875,85.83769226074219,1,25.25415802001953,7837.9921875,7605.0888671875,-309.2382507324219,-247.25352478027344,477.386962890625,659.512451171875,365.3876953125,320.21661376953125,1,26.026809692382812,8120.4619140625,6890.8203125,-329.6688232421875,-237.9298858642578,802.432373046875,827.87451171875,296.320556640625,79.88858032226562,1,29.913366317749023,9394.177734375,8286.4111328125,-376.2216491699219,-278.311279296875,757.2734375,968.031005859375,1168.567138671875,108.01773071289062,1,16.546977996826172,4992.0263671875,4920.6201171875,-185.33306884765625,-145.31927490234375,-79.52294921875,871.8837890625,1294.004150390625,12.3994140625,1,15.73536491394043,4641.88916015625,4747.9365234375,-178.47828674316406,-147.99136352539062,129.3544921875,869.1025390625,1128.30322265625,248.68247985839844,1,17.37688636779785,5538.1376953125,5364.9697265625,-203.96531677246094,-156.31964111328125,-143.623291015625,1011.556396484375,1075.915283203125,-21.534130096435547,1,19.210987091064453,5825.19970703125,5683.115234375,-221.8566436767578,-174.7685089111328,91.934814453125,639.30908203125,733.5382080078125,376.19830322265625,1,18.572038650512695,5739.89453125,5608.67578125,-216.66387939453125,-170.04525756835938,25.889892578125,972.450927734375,605.5018310546875,-94.55046844482422,1,23.871721267700195,7349.21923828125,7589.0732421875,-271.97509765625,-223.24806213378906,-146.849609375,SN000368420812,Pumba,72524.866,2025-12-19T19:08:44.890Z,1765551356697640100,3D
633.644287109375,19.033203125,417.42242431640625,1,30.759241104125977,9178.2646484375,8334.822265625,-380.3912353515625,-295.1185302734375,1165.077392578125,849.01416015625,-63.51171875,130.1668243408203,1,28.091049194335938,8051.6611328125,7707.3193359375,-313.8623046875,-246.11680603027344,367.4150390625,946.269775390625,1313.67822265625,157.03244018554688,1,16.54408836364746,5267.99951171875,5529.015625,-189.0943145751953,-155.39939880371094,-299.74755859375,764.177490234375,905.171875,338.74127197265625,1,18.672565460205078,5781.361328125,5461.4462890625,-221.20465087890625,-169.31979370117188,124.584716796875,1032.684814453125,811.954833984375,-50.97734451293945,1,21.44015121459961,6519.15478515625,6314.6767578125,-245.4400634765625,-190.6687774658203,8.79638671875,891.049560546875,1325.6932373046875,51.75616455078125,1,14.654722213745117,4398.96044921875,4443.08251953125,-163.5045623779297,-131.52069091796875,-63.840576171875,914.649658203125,1316.2906494140625,9.530662536621094,1,15.524056434631348,4779.1142578125,5043.7900390625,-173.77772521972656,-144.60926818847656,-197.558349609375,787.845458984375,709.6259765625,235.7772674560547,1,24.005924224853516,7676.5732421875,7574.203125,-293.87152099609375,-234.72584533691406,169.12841796875,837.314453125,672.982421875,84.377197265625,1,24.856552124023438,7733.34326171875,7599.64453125,-302.0220947265625,-243.00111389160156,368.792724609375,658.263671875,365.789306640625,321.55743408203125,1,25.706979751586914,8030.5791015625,6895.095703125,-323.5691833496094,-234.67039489746094,712.429443359375,822.923095703125,296.3739013671875,79.29617309570312,1,28.320697784423828,8784.494140625,8106.9541015625,-345.66619873046875,-263.4100341796875,505.284423828125,969.93212890625,1168.830078125,108.83203125,1,16.535903930664062,4958.68408203125,4838.9287109375,-185.59645080566406,-144.7490234375,-29.198486328125,872.449951171875,1292.5208740234375,15.194625854492188,1,16.116962432861328,5026.3310546875,5251.7685546875,-184.68804931640625,-152.88430786132812,-144.492919921875,867.452880859375,1125.989013671875,247.0218048095703,1,17.779808044433594,5860.93408203125,5549.0361328125,-213.1856689453125,-158.21588134765625,-240.782958984375,1014.00830078125,1074.892333984375,-20.24399185180664,1,19.16571807861328,5755.3740234375,5671.47998046875,-220.281005859375,-175.73097229003906,126.81396484375,640.504638671875,729.4560546875,378.9542236328125,1,18.727943420410156,5791.73828125,5824.7919921875,-217.13018798828125,-174.71279907226562,-23.34228515625,973.17529296875,603.3463134765625,-95.09909057617188,1,23.890958786010742,7355.4267578125,7654.2412109375,-271.787109375,-224.68797302246094,-160.84619140625,SN000368420812,Pumba,72525,2025-12-19T19:08:45.000Z,1765551356730154100,3D
632.388916015625,19.439453125,422.05023193359375,1,27.717288970947266,8253.138671875,7538.7587890625,-332.060546875,-254.2509765625,717.544921875,851.042236328125,-62.573974609375,134.01492309570312,1,28.478572845458984,8261.16015625,7744.12109375,-322.3333740234375,-247.95651245117188,386.79833984375,941.3232421875,1313.47265625,155.47183227539062,1,16.232715606689453,5042.70361328125,5693.84912109375,-178.6144256591797,-157.8795623779297,-365.972900390625,763.711181640625,905.3179931640625,339.1353759765625,1,18.333528518676758,5595.46484375,5253.39306640625,-215.73593139648438,-164.95042419433594,175.271728515625,1031.399658203125,811.304443359375,-51.52374267578125,1,21.661834716796875,6669.2197265625,6438.0185546875,-249.673583984375,-192.62399291992188,-38.1220703125,890.556640625,1326.434814453125,48.09031677246094,1,14.814136505126953,4518.966796875,4529.84326171875,-166.74720764160156,-132.54774475097656,-106.092041015625,915.95654296875,1317.571044921875,6.804267883300781,1,15.303689956665039,4644.72802734375,4819.09619140625,-170.95327758789062,-140.61770629882812,-123.4912109375,786.041259765625,709.375244140625,235.2201385498047,1,24.37784194946289,7823.6865234375,7634.66748046875,-300.8479309082031,-238.34471130371094,216.794921875,835.551025390625,673.403564453125,83.67671203613281,1,24.547706604003906,7630.78515625,7435.91064453125,-298.1885070800781,-238.09457397460938,369.677734375,659.069091796875,364.685302734375,321.43634033203125,1,26.258403778076172,8243.77734375,7075.62841796875,-332.8046569824219,-241.6265106201172,752.505859375,823.306884765625,296.712646484375,79.94660949707031,1,29.081478118896484,9048.935546875,8279.1025390625,-358.9659423828125,-272.77691650390625,616.10693359375,968.25732421875,1169.2784423828125,108.76286315917969,1,16.623075485229492,4986.54345703125,4933.31884765625,-186.060791015625,-146.867919921875,-48.56201171875,873.6494140625,1293.596435546875,10.424018859863281,1,16.173519134521484,5117.4990234375,5181.4931640625,-187.93186950683594,-150.5290985107422,-150.725341796875,866.460205078125,1126.381103515625,247.4352264404297,1,16.901185989379883,5355.720703125,5454.1259765625,-193.14817810058594,-154.08152770996094,-274.53515625,1010.63427734375,1074.008544921875,-20.19542694091797,1,19.25005340576172,5821.1416015625,5712.08203125,-221.9905548095703,-176.00010681152344,101.430908203125,639.551513671875,729.6929931640625,378.2003173828125,1,18.2596492767334,5546.2919921875,5677.3203125,-207.86680603027344,-170.23422241210938,-24.098388671875,971.04150390625,602.9173583984375,-95.5107421875,1,23.900127410888672,7492.888671875,7752.22802734375,-273.173828125,-222.91845703125,-286.3798828125,SN000368420812,Pumba,72525.1,2025-12-19T19:08:45.120Z,1765551356761687800,3D
633.675537109375,20.222412109375,419.37225341796875,1,29.944135665893555,8800.6494140625,8093.24951171875,-365.3232116699219,-286.76605224609375,1136.83056640625,845.779541015625,-62.485595703125,132.6025848388672,1,27.578290939331055,7848.9208984375,7521.4677734375,-305.2109069824219,-239.23793029785156,333.66455078125,941.036865234375,1312.940185546875,153.64627075195312,1,15.929815292358398,4965.62255859375,5608.86572265625,-174.3657684326172,-153.63467407226562,-410.6298828125,763.7333984375,906.146484375,338.50738525390625,1,18.640945434570312,5701.7412109375,5386.8916015625,-220.2306365966797,-169.5946044921875,191.6376953125,1034.2451171875,812.1214599609375,-50.86282730102539,1,21.961570739746094,6738.453125,6435.427734375,-255.03126525878906,-195.97854614257812,53.06103515625,891.916015625,1325.62255859375,46.00732421875,1,14.856378555297852,4542.1328125,4566.90576171875,-167.34420776367188,-133.32275390625,-115.214111328125,917.113525390625,1314.7625732421875,5.317848205566406,1,15.64756965637207,4805.20068359375,5032.00732421875,-175.95960998535156,-145.75086975097656,-157.783935546875,785.30908203125,707.7138671875,234.82191467285156,1,25.102991104125977,8274.591796875,8191.9658203125,-312.3082580566406,-248.27996826171875,34.03271484375,839.609619140625,671.0960693359375,85.81291198730469,1,25.330219268798828,7851.50830078125,7734.57470703125,-309.2345275878906,-250.52056884765625,460.369873046875,658.338134765625,364.496337890625,320.18634033203125,1,26.371967315673828,8311.064453125,7004.7373046875,-336.34625244140625,-240.74595642089844,785.939697265625,826.900634765625,295.99609375,79.37844848632812,1,29.066287994384766,9434.478515625,8167.658203125,-367.36053466796875,-261.7794189453125,413.29736328125,965.062255859375,1166.3017578125,109.0811767578125,1,16.590131759643555,4993.7314453125,4898.439453125,-186.27078247070312,-145.7397918701172,-50.579345703125,873.94189453125,1292.8448486328125,9.090652465820312,1,15.385833740234375,4514.376953125,4597.09326171875,-173.17796325683594,-142.81619262695312,112.78955078125,865.174072265625,1127.3582763671875,248.74159240722656,1,17.766237258911133,5819.8330078125,5538.662109375,-212.40650939941406,-158.8612060546875,-215.328857421875,1010.679443359375,1073.44189453125,-19.101280212402344,1,19.29320526123047,5819.4833984375,5776.984375,-221.87413024902344,-177.89088439941406,99.629638671875,640.032958984375,731.20849609375,377.1275634765625,1,19.062353134155273,5948.9228515625,6142.5556640625,-220.5343475341797,-181.165283203125,-106.618896484375,978.0263671875,603.806396484375,-96.12226867675781,1,24.6666316986084,7623.9404296875,7786.4619140625,-285.50958251953125,-233.1866912841797,-41.062744140625,SN000368420812,Pumba,72525.2,2025-12-19T19:08:45.233Z,1765551356794291700,3D
632.922607421875,19.419921875,417.07049560546875,1,28.98543357849121,8557.408203125,7701.51953125,-352.71435546875,-270.6396789550781,1022.430419921875,848.980224609375,-60.97900390625,133.22540283203125,1,29.227527618408203,8415.6474609375,7851.619140625,-334.1604919433594,-258.69989013671875,586.0048828125,944.856689453125,1311.9642333984375,154.29151916503906,1,16.486759185791016,5251.6943359375,5571.0693359375,-187.6018524169922,-155.57191467285156,-328.876708984375,767.70166015625,905.074951171875,340.09228515625,1,18.807918548583984,5815.453125,5450.1396484375,-223.8536834716797,-170.68240356445312,169.838134765625,1032.09912109375,811.782470703125,-51.240779876708984,1,22.319469451904297,6838.427734375,6412.27734375,-261.827392578125,-199.06378173828125,153.577880859375,889.53955078125,1317.74755859375,49.04798889160156,1,14.827404975891113,4565.626953125,4564.58837890625,-167.3541259765625,-132.16177368164062,-144.19091796875,913.218017578125,1306.87744140625,7.438743591308594,1,15.17441177368164,4584.501953125,4715.2841796875,-169.21713256835938,-138.14820861816406,-105.8759765625,787.612060546875,707.0640869140625,234.5271759033203,1,24.096349716186523,7861.064453125,7627.48291015625,-297.9512939453125,-232.7582550048828,74.1552734375,841.18212890625,672.3773193359375,84.73204040527344,1,24.523841857910156,7560.15087890625,7455.48095703125,-296.10614013671875,-239.40489196777344,388.81005859375,658.9794921875,364.578369140625,320.91070556640625,1,24.94178009033203,7758.36083984375,6664.4765625,-311.095458984375,-224.93472290039062,638.654296875,824.64404296875,297.2733154296875,79.814453125,1,29.903085708618164,9249.5234375,8435.76171875,-371.5041809082031,-283.7261962890625,781.412109375,968.92529296875,1166.2178955078125,110.05982971191406,1,16.599048614501953,4978.81201171875,4864.455078125,-186.55484008789062,-145.76947021484375,-22.55419921875,871.689453125,1282.614013671875,14.274154663085938,1,15.513352394104004,4518.615234375,4589.03369140625,-175.01573181152344,-144.66690063476562,168.412353515625,868.814697265625,1126.350341796875,249.85472106933594,1,16.87103271484375,5329.1240234375,5421.0126953125,-192.78895568847656,-153.88328552246094,-253.269775390625,1009.46044921875,1073.317138671875,-19.806907653808594,1,19.284709930419922,5739.5888671875,5689.1328125,-221.29409790039062,-178.2689971923828,180.088623046875,638.804443359375,733.386962890625,376.67474365234375,1,18.730323791503906,5803.8515625,5895.16015625,-216.4202117919922,-175.3814239501953,-61.974609375,977.174560546875,602.7066650390625,-94.92676544189453,1,22.90142059326172,7052.0048828125,7403.81640625,-255.5713348388672,-211.15203857421875,-319.66943359375,SN000368420812,Pumba,72525.333,2025-12-19T19:08:45.347Z,1765551356826134000,3D
632.1357421875,20.2744140625,416.82806396484375,1,27.366226196289062,8123.6806640625,7451.0751953125,-326.0848693847656,-250.2301483154297,681.01123046875,847.9775390625,-60.685791015625,132.51675415039062,1,28.989591598510742,8450.7255859375,7915.58203125,-330.74871826171875,-254.7257080078125,429.1787109375,940.311279296875,1312.79248046875,154.94168090820312,1,16.451515197753906,5266.1611328125,5503.7060546875,-188.03173828125,-153.39645385742188,-332.6611328125,764.886962890625,906.58203125,339.3785400390625,1,18.83995819091797,5792.06494140625,5428.447265625,-223.882080078125,-171.16209411621094,199.980224609375,1030.998779296875,812.739501953125,-51.52128601074219,1,21.761512756347656,6592.61279296875,6338.8916015625,-250.77871704101562,-194.61001586914062,94.082275390625,886.71826171875,1322.5439453125,49.103240966796875,1,15.119161605834961,4691.970703125,4681.05126953125,-172.04042053222656,-135.58868408203125,-146.495849609375,910.984619140625,1312.927490234375,7.525077819824219,1,15.064899444580078,4636.1943359375,4775.07421875,-167.9126739501953,-135.8968963623047,-213.59375,787.670654296875,708.255615234375,235.1016387939453,1,25.688243865966797,8615.248046875,8195.388671875,-326.283935546875,-249.8201446533203,72.21142578125,841.46142578125,672.90625,85.54415893554688,1,25.089902877807617,7605.75341796875,8063.1884765625,-297.1084289550781,-256.8498229980469,365.13427734375,659.77490234375,365.2508544921875,320.48248291015625,1,26.88219451904297,8464.8046875,7062.2197265625,-345.3229675292969,-246.45933532714844,891.635498046875,826.1875,297.7733154296875,79.44197082519531,1,28.84465217590332,8760.01171875,8449.8564453125,-348.2565612792969,-278.1379089355469,621.65771484375,966.5390625,1168.2115478515625,109.41749572753906,1,16.43619155883789,4944.25244140625,4859.57470703125,-183.62400817871094,-143.58900451660156,-76.552978515625,869.19482421875,1288.74169921875,12.875617980957031,1,15.229398727416992,4445.3623046875,4512.462890625,-170.5494384765625,-140.22503662109375,111.806884765625,867.621826171875,1127.3157958984375,249.6626434326172,1,16.818449020385742,5303.33984375,5394.42236328125,-191.73464965820312,-152.976806640625,-256.025146484375,1007.607666015625,1074.1707763671875,-19.823524475097656,1,19.427398681640625,5847.6220703125,5749.55126953125,-224.54653930664062,-179.07571411132812,153.0888671875,636.9248046875,734.2618408203125,376.2449951171875,1,18.570507049560547,5740.67919921875,5711.474609375,-215.4647979736328,-171.614013671875,-14.833984375,982.11279296875,601.82080078125,-93.46709442138672,1,22.686864852905273,7008.0146484375,7284.68994140625,-253.329833984375,-206.82720947265625,-339.072509765625,SN000368420812,Pumba,72525.433,2025-12-19T19:08:45.449Z,1765551356857724600,3D
637.61181640625,15.366943359375,420.6263427734375,1,28.681432723999023,8588.873046875,7671.74365234375,-349.7311706542969,-264.5412292480469,884.292236328125,844.564453125,-66.53369140625,140.10006713867188,1,28.526771545410156,8170.9208984375,7891.80078125,-319.7092590332031,-253.3766326904297,412.39794921875,945.26318359375,1315.0262451171875,155.57974243164062,1,16.30254364013672,5235.03515625,5478.92041015625,-185.97853088378906,-151.548583984375,-361.893798828125,766.40087890625,904.9642333984375,340.593017578125,1,18.31283187866211,5607.7861328125,5337.0732421875,-214.69882202148438,-165.60263061523438,125.5263671875,1026.707275390625,809.076416015625,-51.753665924072266,1,21.768714904785156,6617.025390625,6552.55859375,-248.85107421875,-197.50518798828125,-0.2724609375,887.632080078125,1323.84716796875,50.9444580078125,1,15.033010482788086,4603.79443359375,4696.123046875,-169.3151092529297,-136.78439331054688,-126.8291015625,910.47998046875,1313.46923828125,8.39202880859375,1,15.597095489501953,4809.91845703125,5037.1484375,-175.3647918701172,-144.94219970703125,-183.388671875,784.785400390625,707.974365234375,235.4126434326172,1,23.91869354248047,7646.70849609375,7635.2822265625,-291.3665771484375,-234.84625244140625,123.375,840.384033203125,670.8123779296875,85.83859252929688,1,25.17267608642578,7776.3740234375,7702.5654296875,-305.78582763671875,-248.78131103515625,439.8447265625,657.189697265625,362.375732421875,321.2113037109375,1,26.617515563964844,8432.6123046875,7048.62890625,-341.35308837890625,-242.608154296875,800.227783203125,826.560791015625,293.26513671875,79.55056762695312,1,30.400875091552734,9479.255859375,8485.205078125,-381.9693298339844,-287.4846496582031,841.6123046875,968.147705078125,1168.746826171875,108.7525634765625,1,16.47677230834961,4938.9951171875,4859.00048828125,-184.24900817871094,-144.59814453125,-49.296630859375,868.491455078125,1289.4912109375,15.585762023925781,1,15.13070297241211,4416.12841796875,4496.943359375,-169.16966247558594,-139.40797424316406,102.52392578125,866.340576171875,1127.87353515625,248.40321350097656,1,17.07962417602539,5394.35546875,5596.599609375,-194.55645751953125,-158.32276916503906,-276.06787109375,1010.7587890625,1072.7462158203125,-20.07901382446289,1,19.420822143554688,5814.7744140625,5843.38671875,-222.8264617919922,-181.30360412597656,137.0537109375,640.1015625,730.256103515625,379.9769287109375,1,18.954978942871094,5846.1201171875,5871.927734375,-220.73304748535156,-178.07577514648438,28.203125,975.05419921875,597.5550537109375,-94.64568328857422,1,25.516157150268555,7950.96142578125,8165.25048828125,-297.6846923828125,-244.44728088378906,-45.5,SN000368420812,Pumba,72525.533,2025-12-19T19:08:45.555Z,1765551356905868600,3D
633.504638671875,19.891845703125,418.74041748046875,1,29.582666397094727,8670.44140625,7884.16357421875,-360.0857849121094,-280.03912353515625,1125.752197265625,846.222900390625,-61.512451171875,136.241455078125,1,28.46097183227539,8223.2236328125,7698.9453125,-322.04473876953125,-248.01498413085938,424.55419921875,946.4921875,1311.9716796875,155.4231414794922,1,16.802593231201172,5344.921875,5700.41015625,-191.88018798828125,-160.4337615966797,-303.388671875,764.18408203125,907.17236328125,339.697509765625,1,18.877307891845703,5738.52783203125,5785.3974609375,-219.10780334472656,-178.4901580810547,108.541015625,1031.909912109375,807.6087646484375,-50.5518798828125,1,21.43876838684082,6471.9560546875,6311.87841796875,-244.72183227539062,-191.90489196777344,43.865966796875,887.970458984375,1320.339599609375,51.97178649902344,1,15.222074508666992,4686.244140625,4643.60888671875,-174.01541137695312,-137.19175720214844,-73.91845703125,910.283447265625,1310.09814453125,9.403656005859375,1,15.295393943786621,4634.18359375,4787.94091796875,-171.09925842285156,-140.35499572753906,-105.50390625,785.365234375,708.0997314453125,235.0911407470703,1,23.913949966430664,7588.19921875,7453.06201171875,-292.5367736816406,-233.55612182617188,235.1455078125,840.65087890625,672.2645263671875,86.02082824707031,1,24.70741081237793,7648.8701171875,7469.8916015625,-299.9881591796875,-240.5161590576172,406.782470703125,656.4580078125,365.29345703125,321.37396240234375,1,25.014556884765625,7741.93359375,6680.271484375,-311.53021240234375,-226.72540283203125,673.563232421875,826.253662109375,296.74609375,78.828125,1,29.466163635253906,9231.68359375,8151.876953125,-368.6872863769531,-272.484130859375,710.322021484375,968.48681640625,1166.8206787109375,109.01907348632812,1,16.581398010253906,4994.2421875,4898.8076171875,-186.14590454101562,-145.57113647460938,-55.353271484375,868.726806640625,1286.029541015625,17.042564392089844,1,16.185163497924805,5115.1220703125,5262.30712890625,-187.12425231933594,-152.07144165039062,-174.53076171875,866.123291015625,1127.619140625,247.6589813232422,1,16.56478500366211,5233.31640625,5275.978515625,-188.64015197753906,-148.8308563232422,-271.232421875,1006.48779296875,1069.1575927734375,-19.216453552246094,1,19.342931747436523,5778.58935546875,5734.3095703125,-222.22683715820312,-178.96409606933594,162.34521484375,638.833984375,733.3570556640625,379.65753173828125,1,18.691030502319336,5773.8388671875,5919.2529296875,-214.99945068359375,-175.7454833984375,-71.61181640625,972.141845703125,599.543701171875,-93.77928924560547,1,24.091224670410156,7415.4072265625,7593.3828125,-275.80328369140625,-225.04600524902344,-102.52783203125,SN000368420812,Pumba,72525.666,2025-12-19T19:08:45.668Z,1765551356937711600,3D
628.965087890625,17.3642578125,422.439208984375,1,29.81219482421875,8768.0263671875,7955.97998046875,-364.57855224609375,-283.2274475097656,1152.85546875,847.372802734375,-63.9462890625,132.7984161376953,1,28.47109603881836,8135.4111328125,7942.7490234375,-317.7503356933594,-254.1375732421875,391.77294921875,945.11083984375,1315.45361328125,156.43814086914062,1,16.36722183227539,4965.15185546875,5241.6494140625,-184.3466033935547,-155.02984619140625,-79.229736328125,764.901123046875,907.1060791015625,340.23675537109375,1,19.071687698364258,5893.552734375,5539.93359375,-227.75588989257812,-174.592041015625,201.72119140625,1029.444091796875,810.9771728515625,-50.976234436035156,1,22.333362579345703,6837.46875,6516.31640625,-260.66650390625,-200.79966735839844,116.305908203125,889.62841796875,1327.570556640625,51.08647155761719,1,15.240081787109375,4670.8359375,4698.396484375,-173.1774139404297,-138.5231170654297,-82.457275390625,913.1376953125,1317.9873046875,8.755477905273438,1,15.623998641967773,4810.22119140625,4955.162109375,-176.65390014648438,-144.06263732910156,-141.036865234375,785.385498046875,708.8209228515625,235.7421112060547,1,24.28632926940918,7793.31201171875,7559.478515625,-300.0335693359375,-236.48654174804688,227.697021484375,837.56298828125,673.773681640625,84.58111572265625,1,24.891231536865234,7732.732421875,7496.81005859375,-303.7286071777344,-242.05618286132812,426.113037109375,659.827880859375,362.8448486328125,321.6549072265625,1,25.21428108215332,7878.498046875,6943.92578125,-313.72967529296875,-231.01026916503906,576.0556640625,826.326904296875,296.4420166015625,78.91456604003906,1,28.757539749145508,8936.3154296875,8043.8388671875,-355.2086486816406,-266.2803649902344,632.1103515625,968.15576171875,1170.271728515625,109.16777038574219,1,16.648183822631836,5043.5537109375,4947.46142578125,-187.2887725830078,-146.14906311035156,-78.992431640625,870.77783203125,1294.3692626953125,14.55352783203125,1,15.48925495147705,4565.1123046875,4668.9091796875,-174.58348083496094,-144.353759765625,96.074951171875,867.265869140625,1129.2388916015625,249.4521026611328,1,16.948822021484375,5357.6708984375,5494.6591796875,-193.43911743164062,-155.5758056640625,-267.33642578125,1005.763427734375,1074.037109375,-20.950305938720703,1,19.393651962280273,5840.8359375,5763.07421875,-223.78907775878906,-178.85743713378906,136.452880859375,638.897705078125,732.455810546875,379.82080078125,1,18.632049560546875,5724.9228515625,5948.41357421875,-213.11297607421875,-176.56893920898438,-73.119384765625,979.705322265625,598.3955078125,-89.74547576904297,1,22.836030960083008,6994.2021484375,7218.06005859375,-255.99618530273438,-208.7921142578125,-233.4833984375,SN000368420812,Pumba,72525.766,2025-12-19T19:08:45.781Z,1765551356969343600,3D
633.983642578125,18.42431640625,417.77142333984375,1,27.524085998535156,8231.7373046875,7577.4951171875,-328.8148498535156,-252.37522888183594,636.6572265625,849.00244140625,-61.609619140625,128.4603729248047,1,28.367380142211914,8156.20947265625,7779.31640625,-318.5372619628906,-249.21151733398438,391.92236328125,946.292236328125,1314.08251953125,154.91549682617188,1,16.76131248474121,5429.982421875,5747.4130859375,-192.38345336914062,-158.48464965820312,-392.837890625,764.76904296875,906.1807861328125,338.5682373046875,1,19.020732879638672,5904.08349609375,5507.412109375,-227.63511657714844,-172.96556091308594,184.58447265625,1026.86328125,811.9515380859375,-52.33600616455078,1,21.83104133605957,6652.4189453125,6444.3857421875,-251.65966796875,-196.08303833007812,48.65185546875,887.7783203125,1318.16015625,50.98455810546875,1,15.046953201293945,4635.49560546875,4667.9541015625,-170.4781951904297,-135.8965606689453,-127.837890625,910.4130859375,1306.998779296875,8.728256225585938,1,15.503302574157715,4787.53955078125,4910.97998046875,-175.29713439941406,-142.1019287109375,-157.716796875,785.5185546875,708.304443359375,235.01100158691406,1,24.199125289916992,7770.32421875,7516.19189453125,-298.992431640625,-234.96112060546875,221.869140625,833.74267578125,674.53369140625,82.75761413574219,1,24.651958465576172,7758.8779296875,7540.65771484375,-300.73712158203125,-238.41845703125,294.3251953125,657.11279296875,364.625732421875,321.17852783203125,1,24.883502960205078,7791.859375,6754.2900390625,-309.7118835449219,-224.34521484375,551.017822265625,823.56298828125,298.220703125,80.09770202636719,1,28.98788833618164,8928.373046875,8242.646484375,-355.6955261230469,-273.2595520019531,658.159423828125,968.963623046875,1167.8831787109375,110.02439880371094,1,16.5507869720459,4986.6123046875,4907.2509765625,-185.54673767089844,-145.43666076660156,-65.696044921875,869.222900390625,1282.3763427734375,17.05005645751953,1,15.32017707824707,4517.4384765625,4545.43359375,-173.11900329589844,-141.0399627685547,107.003662109375,867.991455078125,1127.869384765625,249.83680725097656,1,16.707069396972656,5259.458984375,5401.31103515625,-189.51194763183594,-152.47235107421875,-274.956298828125,1006.2685546875,1074.3599853515625,-21.089984893798828,1,19.332250595092773,5834.26953125,5790.6669921875,-222.73875427246094,-178.6876678466797,109.814453125,640.216064453125,730.962158203125,376.74200439453125,1,18.47423553466797,5622.3212890625,5856.24267578125,-210.16439819335938,-174.92819213867188,-42.826904296875,973.55908203125,601.0081787109375,-91.68497467041016,1,23.332828521728516,7149.7861328125,7393.6982421875,-262.9079895019531,-215.40818786621094,-198.480712890625,SN000368420812,Pumba,72525.866,2025-12-19T19:08:45.883Z,1765551357001779100,3D
635.907958984375,17.15478515625,418.59197998046875,1,29.90753173828125,8833.091796875,7779.5537109375,-369.1044006347656,-280.49493408203125,1221.682861328125,853.37890625,-64.37060546875,130.70571899414062,1,28.875993728637695,8291.265625,7986.4794921875,-325.3576965332031,-257.62841796875,449.4609375,940.248779296875,1315.076416015625,154.47140502929688,1,16.437665939331055,5289.7470703125,5608.650390625,-187.0324249267578,-154.20831298828125,-395.208740234375,762.72705078125,905.5006103515625,339.62786865234375,1,19.165058135986328,5947.3017578125,5576.42626953125,-229.5066375732422,-175.35302734375,192.6904296875,1026.705078125,810.769775390625,-51.37427520751953,1,21.959672927856445,6647.40625,6459.4541015625,-253.27456665039062,-198.78782653808594,108.41162109375,888.623291015625,1327.3077392578125,47.237945556640625,1,15.189903259277344,4689.33447265625,4718.08642578125,-172.56167602539062,-137.48020935058594,-125.938232421875,913.767578125,1318.196044921875,5.772064208984375,1,15.86054801940918,4846.4794921875,5023.62646484375,-179.54708862304688,-148.03526306152344,-90.37744140625,783.98583984375,709.035888671875,232.4072723388672,1,24.21123695373535,7634.908203125,7555.78857421875,-296.0998840332031,-238.9073486328125,294.959716796875,838.004638671875,673.360107421875,82.10621643066406,1,24.73403549194336,7754.3603515625,7578.068359375,-301.5214538574219,-240.73776245117188,325.93505859375,657.842041015625,364.1348876953125,321.1405029296875,1,25.797080993652344,8133.7109375,6883.04736328125,-326.9468994140625,-233.67698669433594,695.691162109375,827.203125,296.111328125,80.72366333007812,1,28.95797348022461,9125.4287109375,8107.96728515625,-360.8828430175781,-266.4120788574219,584.19482421875,966.4853515625,1170.4779052734375,107.79258728027344,1,16.541259765625,4996.69921875,4883.046875,-185.78048706054688,-144.52430725097656,-70.52392578125,871.460205078125,1294.1656494140625,9.857048034667969,1,15.252845764160156,4452.43994140625,4481.94873046875,-171.44862365722656,-140.0936737060547,132.76953125,865.382568359375,1126.6903076171875,247.15403747558594,1,16.84320068359375,5336.75244140625,5422.7880859375,-192.43667602539062,-153.13912963867188,-274.45361328125,1009.25830078125,1074.1341552734375,-20.60114288330078,1,19.2034854888916,5735.1806640625,5746.896484375,-219.6812286376953,-178.20635986328125,132.112060546875,636.656005859375,731.141357421875,379.840576171875,1,18.955087661743164,5886.8076171875,6016.5791015625,-219.4822235107422,-178.968994140625,-63.99169921875,974.750244140625,599.143310546875,-91.9652099609375,1,23.225875854492188,7138.54248046875,7326.5546875,-262.560546875,-213.4762420654297,-196.012451171875,SN000368420812,Pumba,72525.966,2025-12-19T19:08:45.996Z,1765551357033615800,3D
633.300537109375,19.90234375,417.91668701171875,1,29.61051368713379,8710.5263671875,7839.2724609375,-361.94915771484375,-279.1264953613281,1137.478271484375,850.735107421875,-61.944580078125,128.18597412109375,1,28.31793212890625,8206.2060546875,7704.0283203125,-319.3016357421875,-245.54580688476562,354.9169921875,940.83203125,1316.253662109375,152.88807678222656,1,15.944198608398438,4871.41064453125,5051.30517578125,-179.62306213378906,-147.79566955566406,-118.8564453125,761.033203125,906.064697265625,338.83270263671875,1,18.88393783569336,5767.501953125,5466.10009765625,-223.787841796875,-173.3339385986328,227.47900390625,1016.41552734375,811.40771484375,-50.97920227050781,1,21.41396141052246,6481.1083984375,6360.953125,-244.04322814941406,-192.10902404785156,9.94970703125,888.203857421875,1328.46240234375,46.64692687988281,1,15.266040802001953,4724.3701171875,4813.564453125,-173.33706665039062,-139.68260192871094,-143.976318359375,912.10595703125,1317.3397216796875,5.158180236816406,1,15.384576797485352,4676.70654296875,4936.8388671875,-171.3075408935547,-143.11021423339844,-151.65771484375,784.133056640625,708.2890625,233.06459045410156,1,24.00554847717285,7652.9580078125,7537.2548828125,-294.04168701171875,-234.93228149414062,204.2158203125,838.73046875,673.1556396484375,83.51817321777344,1,25.02681541442871,7793.1181640625,7589.185546875,-305.7386779785156,-244.5147705078125,417.371826171875,655.748291015625,365.53076171875,320.81939697265625,1,25.701995849609375,8084.4169921875,6852.69384765625,-325.0630187988281,-232.7260284423828,694.762451171875,825.302978515625,297.431396484375,79.92330932617188,1,29.064027786254883,9074.65234375,8231.048828125,-359.52813720703125,-270.8208923339844,602.67919921875,963.047119140625,1169.0970458984375,107.6912841796875,1,16.551616668701172,5036.72802734375,4944.8623046875,-186.13009643554688,-144.9453125,-108.898193359375,868.982177734375,1295.4638671875,10.440505981445312,1,15.133665084838867,4430.30078125,4511.408203125,-169.38699340820312,-139.44984436035156,92.036865234375,865.88916015625,1126.19140625,249.10292053222656,1,17.064918518066406,5465.796875,5308.70263671875,-199.26556396484375,-152.15582275390625,-209.138671875,1006.500244140625,1074.1700439453125,-20.35750961303711,1,19.23314666748047,5734.96875,5830.05419921875,-218.91470336914062,-179.7692413330078,106.985595703125,639.58740234375,730.343994140625,382.69830322265625,1,18.26751136779785,5605.2099609375,5618.1142578125,-210.02978515625,-168.3788299560547,-25.944580078125,973.193603515625,598.5059814453125,-90.56626892089844,1,23.913999557495117,7323.55078125,7540.51806640625,-272.4433898925781,-223.57313537597656,-99.28564453125,SN000368420812,Pumba,72526.1,2025-12-19T19:08:46.110Z,1765551357065328500,3D
633.234619140625,18.84375,419.4561767578125,1,28.279762268066406,8411.158203125,7548.4140625,-342.450927734375,-260.08392333984375,864.745361328125,852.592041015625,-61.838134765625,127.95106506347656,1,28.342910766601562,8108.107421875,7662.01904296875,-318.61663818359375,-248.0308074951172,454.578125,941.314453125,1315.3956298828125,152.02549743652344,1,15.911187171936035,4863.4873046875,5119.3994140625,-178.2291717529297,-148.4833221435547,-155.167724609375,763.26806640625,905.1324462890625,339.5433349609375,1,19.04791259765625,5845.62451171875,5442.53271484375,-227.8185272216797,-173.9823760986328,263.5869140625,1025.372802734375,808.120849609375,-51.22235107421875,1,22.02737808227539,6727.04296875,6293.81640625,-258.2078857421875,-196.2039794921875,172.501708984375,888.884765625,1323.097900390625,45.18157958984375,1,14.983295440673828,4591.96435546875,4638.7568359375,-169.2565460205078,-135.53590393066406,-114.022216796875,913.42626953125,1311.8013916015625,4.078376770019531,1,15.191875457763672,4619.15283203125,4800.4150390625,-169.35423278808594,-139.26004028320312,-144.591064453125,783.7177734375,708.239990234375,233.5117950439453,1,23.74808692932129,7555.5068359375,7543.6943359375,-288.6718444824219,-233.00405883789062,147.836181640625,836.418701171875,673.489013671875,83.08619689941406,1,24.56490707397461,7582.9541015625,7467.86767578125,-297.0660705566406,-239.9050750732422,392.1611328125,657.9619140625,364.2965087890625,321.4534912109375,1,25.631654739379883,8054.3115234375,6782.00732421875,-324.5896911621094,-231.41651916503906,716.62158203125,823.7265625,297.501220703125,79.6234130859375,1,29.52732276916504,9166.896484375,8350.69921875,-366.1493225097656,-278.3592529296875,707.01513671875,965.535888671875,1168.439697265625,108.5665283203125,1,16.513172149658203,4963.2060546875,4913.3916015625,-184.71961975097656,-145.68907165527344,-63.923583984375,871.047119140625,1288.529296875,9.690711975097656,1,15.229759216308594,4456.22314453125,4574.24462890625,-170.52845764160156,-141.5522003173828,97.51171875,866.7568359375,1125.84765625,249.20094299316406,1,16.955955505371094,5374.98193359375,5425.62109375,-194.6532745361328,-154.19451904296875,-248.69091796875,1002.3427734375,1070.1649169921875,-20.064197540283203,1,19.080108642578125,5684.1962890625,5677.2041015625,-217.90614318847656,-176.28350830078125,136.893798828125,639.51123046875,730.4364013671875,381.69207763671875,1,18.816564559936523,5759.90283203125,5870.4091796875,-217.0167694091797,-177.44317626953125,12.632568359375,973.85107421875,597.0391845703125,-91.39552307128906,1,23.851638793945312,7424.140625,7547.068359375,-273.48565673828125,-220.34657287597656,-190.248046875,SN000368420812,Pumba,72526.2,2025-12-19T19:08:46.228Z,1765551357097641400,3D
634.0517578125,15.364013671875,422.30224609375,1,28.117706298828125,8374.7939453125,7497.8505859375,-340.1742248535156,-257.42578125,834.665283203125,850.52294921875,-65.466552734375,132.99441528320312,1,28.330333709716797,8101.0498046875,7723.7060546875,-317.44976806640625,-248.7678985595703,424.72412109375,942.71728515625,1311.444580078125,154.74295043945312,1,15.880767822265625,4804.6220703125,5011.00048828125,-177.9816131591797,-147.6686248779297,-89.9248046875,764.75830078125,907.370849609375,339.74072265625,1,18.610210418701172,5730.5244140625,5410.427734375,-220.09210205078125,-168.7799835205078,151.13330078125,1028.05322265625,808.362548828125,-52.26763916015625,1,21.923891067504883,6680.0595703125,6321.89990234375,-254.99044799804688,-195.24464416503906,124.546630859375,885.8466796875,1323.82958984375,49.91595458984375,1,15.248881340026855,4674.078125,4772.0966796875,-172.52508544921875,-139.78062438964844,-108.12744140625,909.516845703125,1316.53955078125,7.1152801513671875,1,15.748859405517578,4808.82421875,5029.21337890625,-177.3277587890625,-147.20339965820312,-116.95458984375,785.036376953125,707.9896240234375,235.91758728027344,1,23.623794555664062,7571.5537109375,7405.2900390625,-289.0143737792969,-228.50164794921875,139.166259765625,833.2109375,673.62841796875,82.95793151855469,1,25.34642791748047,7831.7119140625,7658.05078125,-309.9624938964844,-250.04978942871094,509.200439453125,656.740234375,362.3328857421875,322.10009765625,1,25.82459259033203,8107.4833984375,6952.14208984375,-325.9228515625,-235.71607971191406,694.48095703125,825.061767578125,295.495849609375,80.36573791503906,1,29.174121856689453,9335.07421875,8148.87841796875,-367.1621398925781,-265.6341247558594,530.7431640625,968.6220703125,1169.7293701171875,106.05455017089844,1,16.525684356689453,4989.4609375,4921.982421875,-185.14102172851562,-145.24107360839844,-82.70166015625,868.296142578125,1290.72900390625,12.515144348144531,1,15.237390518188477,4430.24560546875,4480.68701171875,-170.97425842285156,-140.5060272216797,144.725830078125,868.243896484375,1128.895263671875,247.38734436035156,1,17.1995849609375,5559.72265625,5373.5263671875,-201.94728088378906,-153.04611206054688,-237.4404296875,1004.060546875,1072.0792236328125,-24.012313842773438,1,19.205533981323242,5741.6474609375,5722.11328125,-220.15481567382812,-177.74566650390625,139.736572265625,633.177978515625,736.0030517578125,377.70159912109375,1,18.83535385131836,5913.037109375,5835.5654296875,-220.57862854003906,-173.6432342529297,-60.380126953125,970.732421875,597.3123779296875,-91.2464599609375,1,23.100439071655273,7209.333984375,7471.85595703125,-260.2723083496094,-211.68077087402344,-360.154052734375,SN000368420812,Pumba,72526.333,2025-12-19T19:08:46.347Z,1765551357129309200,3D
636.46728515625,17.264892578125,421.7266845703125,1,28.434141159057617,8462.6572265625,7518.2802734375,-345.5576171875,-260.63232421875,903.48193359375,850.013916015625,-63.517333984375,129.5269012451172,1,27.704395294189453,7896.6025390625,7535.06591796875,-307.4981994628906,-240.26260375976562,349.99169921875,943.418701171875,1313.21630859375,151.0198211669922,1,16.417634963989258,5333.19189453125,5602.18603515625,-187.7223663330078,-152.83343505859375,-426.552734375,763.302001953125,907.659423828125,338.06207275390625,1,18.702713012695312,5751.85302734375,5409.04248046875,-221.75204467773438,-169.8074951171875,179.537109375,1028.413330078125,807.2899169921875,-52.470672607421875,1,22.138568878173828,6655.8505859375,6482.26953125,-255.31568908691406,-201.62648010253906,165.54345703125,886.829345703125,1320.66552734375,45.90925598144531,1,14.956010818481445,4584.3916015625,4652.3525390625,-168.529541015625,-135.39480590820312,-128.66357421875,910.47900390625,1311.3294677734375,3.6375503540039062,1,15.453920364379883,4728.591796875,4941.91015625,-173.25816345214844,-143.25979614257812,-151.755859375,785.242919921875,708.7294921875,235.1701202392578,1,24.207035064697266,7817.18505859375,7552.787109375,-299.52099609375,-234.5238494873047,180.922119140625,834.494384765625,674.20654296875,83.02178955078125,1,25.429336547851562,7895.763671875,7605.875,-313.0712585449219,-249.34552001953125,532.30224609375,659.142333984375,363.39013671875,321.79888916015625,1,25.94370460510254,8139.607421875,6883.525390625,-328.9190673828125,-235.8751678466797,753.7041015625,825.32763671875,297.02685546875,79.96075439453125,1,29.644773483276367,9213.3935546875,8356.2890625,-368.43780517578125,-279.1993713378906,724.854736328125,968.604248046875,1169.212158203125,105.66758728027344,1,16.62788200378418,5009.62109375,4949.43505859375,-186.45909118652344,-146.76710510253906,-64.163330078125,869.310302734375,1285.9339599609375,10.193840026855469,1,15.158819198608398,4419.21533203125,4512.3291015625,-169.51348876953125,-140.15606689453125,110.05859375,866.4091796875,1128.43408203125,245.2984161376953,1,17.607309341430664,5753.64453125,5523.3720703125,-209.24456787109375,-157.5636444091797,-237.54296875,1003.438232421875,1070.1522216796875,-23.256603240966797,1,19.463836669921875,5874.431640625,5803.0888671875,-225.10418701171875,-180.12741088867188,138.10205078125,635.580322265625,734.0789794921875,376.05029296875,1,17.976696014404297,5457.6982421875,5647.578125,-203.37037658691406,-167.88722229003906,-62.638916015625,974.35546875,596.0294189453125,-91.87664031982422,1,23.112401962280273,7245.15234375,7429.3935546875,-261.8081359863281,-210.63311767578125,-353.961181640625,SN000368420812,Pumba,72526.433,2025-12-19T19:08:46.463Z,1765551357161770700,3D
628.55517578125,20.79443359375,421.51849365234375,1,28.249412536621094,8443.263671875,7549.3876953125,-342.3097229003906,-258.4295959472656,820.040771484375,849.370361328125,-61.380126953125,128.48165893554688,1,28.835708618164062,8374.9296875,7818.5341796875,-328.2511901855469,-252.24163818359375,440.98974609375,942.65625,1315.87353515625,150.13693237304688,1,16.144441604614258,4914.361328125,5107.98779296875,-182.22120666503906,-150.73043823242188,-86.31787109375,760.72607421875,908.3817138671875,336.42083740234375,1,18.82046890258789,5804.0947265625,5467.01708984375,-223.67686462402344,-171.50442504882812,178.1416015625,1025.84033203125,810.587158203125,-52.35954284667969,1,21.95433235168457,6719.5224609375,6463.6201171875,-254.22764587402344,-196.71575927734375,50.048095703125,887.47021484375,1327.5146484375,45.006561279296875,1,15.202993392944336,4693.970703125,4735.50048828125,-172.7356719970703,-138.00485229492188,-125.967041015625,910.6484375,1316.8548583984375,2.9335784912109375,1,16.188037872314453,5072.7685546875,5398.77197265625,-183.7635955810547,-153.9865264892578,-232.97900390625,784.843017578125,709.357666015625,235.1923065185547,1,23.794450759887695,7613.3984375,7501.9912109375,-290.8400573730469,-231.73191833496094,147.47119140625,833.761474609375,674.4923095703125,83.46186828613281,1,24.483463287353516,7542.2763671875,7434.70361328125,-295.8822326660156,-239.337646484375,403.6533203125,657.46240234375,365.39208984375,321.2305908203125,1,25.389543533325195,7957.869140625,6838.396484375,-318.60076904296875,-230.1759033203125,638.488037109375,824.003662109375,298.292724609375,79.75132751464844,1,28.951202392578125,9102.80859375,8198.8251953125,-359.10662841796875,-268.00006103515625,553.5654296875,964.901611328125,1169.4517822265625,105.0328369140625,1,16.682003021240234,5036.3271484375,4945.4462890625,-187.71189880371094,-146.95547485351562,-55.961181640625,867.957275390625,1294.271240234375,9.107330322265625,1,15.27599048614502,4453.8779296875,4507.7421875,-171.5904541015625,-140.98118591308594,135.664306640625,865.173828125,1128.5478515625,245.59193420410156,1,16.846548080444336,5331.16845703125,5401.66162109375,-192.7259521484375,-153.12477111816406,-257.90771484375,1003.645263671875,1073.086181640625,-23.77591323852539,1,19.56031608581543,5909.2861328125,5831.9169921875,-226.64816284179688,-181.2865447998047,145.789794921875,636.484375,733.7366943359375,377.72637939453125,1,18.457130432128906,5841.99560546875,5973.439453125,-212.86997985839844,-171.52191162109375,-227.256591796875,977.876953125,598.0902099609375,-89.7929458618164,1,24.430025100708008,7525.73828125,7682.70654296875,-281.2640075683594,-229.37217712402344,-59.199462890625,SN000368420812,Pumba,72526.566,2025-12-19T19:08:46.588Z,1765551357193488500,3D
630.338623046875,22.017822265625,423.13775634765625,1,29.22471809387207,8510.4912109375,7705.8173828125,-355.29144287109375,-276.1878967285156,1166.34521484375,847.734619140625,-61.63818359375,129.24513244628906,1,29.128829956054688,8238.30859375,8048.33203125,-326.95843505859375,-263.9791259765625,568.5849609375,937.64453125,1313.402099609375,150.8348846435547,1,16.131431579589844,4867.2900390625,5204.32958984375,-180.11668395996094,-153.2223663330078,-97.348876953125,761.1689453125,905.7757568359375,336.57855224609375,1,18.86130142211914,5811.73046875,5505.10546875,-224.04620361328125,-172.755615234375,180.842041015625,1024.87646484375,810.5167236328125,-52.43708038330078,1,21.333072662353516,6443.806640625,6254.19189453125,-243.59823608398438,-190.08450317382812,41.739013671875,889.728759765625,1327.07080078125,42.65620422363281,1,15.302499771118164,4784.33837890625,4779.8876953125,-175.41212463378906,-138.438720703125,-150.029541015625,915.648681640625,1317.2244873046875,2.1093368530273438,1,15.609416007995605,4870.544921875,5041.5458984375,-176.76206970214844,-143.97044372558594,-212.734619140625,784.343017578125,709.048828125,234.9387969970703,1,23.851749420166016,7685.3896484375,7583.06005859375,-292.0205383300781,-232.26942443847656,96.76953125,835.3408203125,672.8887939453125,84.49748229980469,1,24.676111221313477,7662.79345703125,7475.1767578125,-300.2685852050781,-240.3709259033203,398.658447265625,657.552734375,365.5301513671875,320.8521728515625,1,25.645296096801758,7964.126953125,6868.8876953125,-321.9241027832031,-234.9481658935547,740.806396484375,823.86865234375,297.386962890625,79.57260131835938,1,28.95943260192871,9033.318359375,8104.4306640625,-359.1891784667969,-268.5185852050781,642.988525390625,963.67431640625,1168.1170654296875,106.2451171875,1,16.358537673950195,4928.8896484375,4876.07373046875,-182.40611267089844,-143.2884979248047,-97.777587890625,872.72705078125,1294.590087890625,4.957244873046875,1,15.295952796936035,4517.18212890625,4529.26611328125,-173.10366821289062,-140.54489135742188,106.80419921875,863.585693359375,1126.38427734375,245.7660675048828,1,17.06574249267578,5454.181640625,5290.73095703125,-199.35025024414062,-152.26467895507812,-191.84765625,1002.583740234375,1072.453857421875,-22.930198669433594,1,19.167774200439453,5684.2666015625,5722.4462890625,-218.6249237060547,-178.5419921875,160.618896484375,636.423095703125,731.5294189453125,376.0628662109375,1,18.551700592041016,5602.68701171875,5795.3408203125,-211.7190704345703,-175.95233154296875,33.18115234375,974.73583984375,599.0994873046875,-90.91542053222656,1,24.194904327392578,7504.21826171875,7533.5625,-279.4284362792969,-223.59280395507812,-93.174560546875,SN000368420812,Pumba,72526.7,2025-12-19T19:08:46.700Z,1765551357225842900,3D
631.2900390625,21.62451171875,422.74755859375,1,28.65502166748047,8420.4248046875,7727.6337890625,-345.713134765625,-269.1260070800781,961.274658203125,848.220458984375,-62.447998046875,129.4336395263672,1,28.44122314453125,8097.9404296875,7631.1708984375,-320.3238220214844,-249.70730590820312,523.82373046875,940.959228515625,1313.15380859375,151.7928924560547,1,15.196939468383789,4606.4052734375,4870.8212890625,-166.94949340820312,-138.98455810546875,-208.255615234375,761.02685546875,907.1746826171875,336.73138427734375,1,19.1478271484375,5884.6865234375,5519.060546875,-228.9429473876953,-175.85963439941406,252.11767578125,1025.903076171875,808.2210693359375,-52.025146484375,1,21.912336349487305,6688.1826171875,6512.353515625,-252.81884765625,-197.90003967285156,42.427978515625,887.6787109375,1328.05322265625,46.15110778808594,1,14.940996170043945,4543.34521484375,4619.1064453125,-167.92018127441406,-135.55935668945312,-97.64306640625,911.635009765625,1318.8133544921875,4.203521728515625,1,15.087039947509766,4555.41845703125,4759.54296875,-167.11624145507812,-138.22825622558594,-139.231201171875,784.3974609375,709.4447021484375,234.8018341064453,1,23.941776275634766,7769.6279296875,7627.638671875,-294.2757873535156,-232.47169494628906,66.412109375,836.431640625,673.0308837890625,84.55502319335938,1,24.738929748535156,7636.57470703125,7417.34130859375,-301.1593933105469,-240.96890258789062,460.9072265625,656.497802734375,365.730712890625,320.35760498046875,1,24.92864227294922,7676.7138671875,6806.2490234375,-307.75506591796875,-228.87948608398438,629.805419921875,825.021240234375,297.0560302734375,79.57113647460938,1,28.776453018188477,8863.3671875,8417.671875,-349.7375183105469,-274.1600341796875,541.78515625,963.981689453125,1168.7086181640625,104.53276062011719,1,16.578338623046875,5035.6142578125,4938.36572265625,-186.58604431152344,-145.37039184570312,-92.40234375,868.92138671875,1295.9566650390625,8.8656005859375,1,15.492521286010742,4537.140625,4626.18701171875,-174.7474365234375,-144.58291625976562,136.396484375,863.769287109375,1127.4271240234375,244.5006866455078,1,16.834796905517578,5324.7060546875,5404.3310546875,-192.46566772460938,-153.18405151367188,-258.475830078125,1002.695068359375,1070.5020751953125,-23.309974670410156,1,19.191587448120117,5742.02685546875,5817.013671875,-218.9096221923828,-179.03762817382812,97.988525390625,635.314453125,733.5455322265625,377.3623046875,1,19.533489227294922,6188.8955078125,5924.65869140625,-234.1552734375,-180.3134765625,45.385009765625,972.525390625,597.47216796875,-91.39476776123047,1,24.773300170898438,7642.501953125,7893.5517578125,-285.587646484375,-235.64405822753906,-61.596435546875,SN000368420812,Pumba,72526.8,2025-12-19T19:08:46.805Z,1765551357257753800,3D
630.708251953125,19.54833984375,425.3914794921875,1,27.32976531982422,8084.837890625,7382.8125,-325.88818359375,-249.74920654296875,722.93603515625,846.614501953125,-63.69775390625,131.46656799316406,1,28.47955322265625,8190.9326171875,7827.310546875,-320.1333923339844,-251.0200958251953,401.495361328125,941.404296875,1314.791015625,151.08099365234375,1,16.380401611328125,4983.46533203125,5208.048828125,-185.54302978515625,-154.64820861816406,-62.4521484375,760.63818359375,907.1182861328125,337.12567138671875,1,18.898704528808594,5872.5029296875,5546.0166015625,-225.13507080078125,-172.49423217773438,141.111572265625,1026.3720703125,807.0816650390625,-52.52876281738281,1,21.95779037475586,6776.453125,6354.60791015625,-256.8371276855469,-194.008056640625,65.4853515625,885.88623046875,1322.913818359375,45.667083740234375,1,15.26594352722168,4777.62939453125,4817.8740234375,-174.3479461669922,-138.57228088378906,-176.928466796875,909.466552734375,1312.373046875,3.7333221435546875,1,15.496967315673828,4848.62939453125,4964.17041015625,-175.8127899169922,-141.4807586669922,-216.854736328125,784.1796875,708.5198974609375,234.9940643310547,1,24.34853172302246,7797.9873046875,7702.58642578125,-299.3190612792969,-239.6933135986328,198.1728515625,837.37109375,672.771240234375,84.748291015625,1,24.46038818359375,7606.318359375,7390.619140625,-297.16302490234375,-236.59767150878906,366.21337890625,658.98486328125,363.4547119140625,321.39697265625,1,25.514129638671875,7992.3193359375,6999.560546875,-319.20068359375,-234.1687774658203,615.3642578125,826.3857421875,296.26171875,79.95843505859375,1,30.150989532470703,9434.5908203125,8438.8662109375,-378.40509033203125,-283.7372131347656,779.2060546875,965.401123046875,1168.834716796875,106.58285522460938,1,16.46160125732422,4997.09521484375,4907.80810546875,-184.69032287597656,-143.89234924316406,-107.1728515625,867.51806640625,1288.43701171875,10.257377624511719,1,15.291881561279297,4481.9287109375,4504.1611328125,-172.7050323486328,-140.94583129882812,137.575439453125,861.566162109375,1128.4713134765625,244.51527404785156,1,16.686677932739258,5266.833984375,5362.80029296875,-189.94119262695312,-151.49940490722656,-269.9404296875,1003.824951171875,1069.4534912109375,-20.890544891357422,1,19.24981117248535,5746.51513671875,5813.98681640625,-219.72561645507812,-179.753662109375,119.43896484375,635.357666015625,732.7760009765625,377.6551513671875,1,18.462127685546875,5716.859375,5808.4541015625,-212.56637573242188,-172.0425262451172,-81.190673828125,972.882080078125,596.7352294921875,-95.45088195800781,1,22.490154266357422,6918.6748046875,7128.18359375,-250.94631958007812,-203.32728576660156,-306.604736328125,SN000368420812,Pumba,72526.9,2025-12-19T19:08:46.917Z,1765551357305783000,3D
633.2724609375,18.999755859375,424.33740234375,1,28.40036392211914,8295.1103515625,7599.74609375,-341.37054443359375,-265.73529052734375,973.7158203125,848.929443359375,-64.694091796875,134.6421356201172,1,27.455947875976562,7703.359375,7689.8681640625,-299.05865478515625,-243.47972106933594,311.35400390625,944.182861328125,1313.55419921875,149.66481018066406,1,15.915504455566406,4819.1435546875,5067.62646484375,-178.00973510742188,-148.73025512695312,-107.1083984375,763.38671875,906.978271484375,336.7193603515625,1,18.87845802307129,5817.2978515625,5462.17529296875,-224.85549926757812,-172.20860290527344,200.7216796875,1020.109130859375,808.8599853515625,-54.43170928955078,1,21.84420394897461,6634.5986328125,6337.02685546875,-252.79795837402344,-195.10092163085938,108.6103515625,885.74853515625,1326.4453125,46.186798095703125,1,14.976264953613281,4628.24609375,4743.13232421875,-168.50254821777344,-136.0404815673828,-184.271240234375,907.914306640625,1316.94580078125,3.1890792846679688,1,15.133038520812988,4651.623046875,4862.48193359375,-168.3824005126953,-138.39523315429688,-217.306884765625,784.462646484375,709.461181640625,235.07997131347656,1,24.29787826538086,7895.8115234375,7679.623046875,-300.7390441894531,-236.17750549316406,123.18701171875,837.485595703125,671.4210205078125,85.16246032714844,1,25.19506072998047,7852.5966796875,7551.43212890625,-309.55242919921875,-245.3402862548828,469.5595703125,659.988525390625,363.64990234375,321.16400146484375,1,25.637367248535156,8119.24609375,6782.88232421875,-325.61322021484375,-229.67030334472656,669.55078125,823.95361328125,294.64990234375,78.58123779296875,1,29.61008071899414,9176.8623046875,8443.9140625,-366.18841552734375,-280.7526550292969,695.887451171875,966.019775390625,1168.5125732421875,101.89297485351562,1,16.477174758911133,4956.5478515625,4880.6298828125,-184.40065002441406,-144.615478515625,-66.17724609375,865.667724609375,1293.55810546875,10.123573303222656,1,15.138994216918945,4420.63916015625,4481.46435546875,-169.61212158203125,-139.2810516357422,111.55517578125,865.49609375,1127.291748046875,242.22218322753906,1,17.29677391052246,5662.1298828125,5486.1748046875,-204.12269592285156,-154.34886169433594,-293.1416015625,1009.904296875,1072.59521484375,-25.68041229248047,1,19.435256958007812,5813.52978515625,5773.2529296875,-223.84503173828125,-180.51673889160156,172.36328125,638.558349609375,732.4593505859375,379.00689697265625,1,18.20435905456543,5565.9091796875,5662.5244140625,-208.03578186035156,-169.07675170898438,-43.008056640625,972.937744140625,595.5760498046875,-90.90668487548828,1,22.38880157470703,6893.267578125,7060.3896484375,-249.8967742919922,-201.1657257080078,-309.684326171875,SN000368420812,Pumba,72527,2025-12-19T19:08:47.032Z,1765551357338257400,3D
627.5283203125,18.36865234375,414.1871337890625,1,29.339439392089844,8542.7763671875,7663.26904296875,-357.55657958984375,-276.2142333984375,1201.17138671875,849.53271484375,-63.7216796875,130.11256408691406,1,28.54178237915039,8251.09375,7858.341796875,-321.53118896484375,-250.87498474121094,372.78076171875,948.1513671875,1312.6531982421875,149.27003479003906,1,15.829107284545898,4842.416015625,5107.22314453125,-176.67001342773438,-147.16058349609375,-180.532470703125,765.18896484375,907.2972412109375,337.14263916015625,1,19.285240173339844,5833.6123046875,5847,-225.78489685058594,-184.2133331298828,211.181884765625,1013.654541015625,805.66650390625,-55.010231018066406,1,21.677074432373047,6605.330078125,6367.98193359375,-250.0685577392578,-194.00376892089844,54.631103515625,885.427001953125,1320.792724609375,48.16389465332031,1,15.096904754638672,4685.78955078125,4710.966796875,-171.69186401367188,-136.3462371826172,-150.37548828125,905.789306640625,1309.686279296875,4.7901763916015625,1,15.15811538696289,4583.82275390625,4901.9970703125,-167.16961669921875,-141.2586212158203,-172.929443359375,781.98681640625,709.1341552734375,234.60508728027344,1,24.073291778564453,7748.345703125,7564.91259765625,-296.3905944824219,-234.21719360351562,163.052978515625,834.7568359375,671.4317626953125,84.92117309570312,1,25.007076263427734,7787.99658203125,7537.5234375,-305.94537353515625,-243.4545135498047,430.619140625,656.16357421875,364.7523193359375,320.670654296875,1,26.727827072143555,8558.1875,7025.02392578125,-345.38555908203125,-241.0290985107422,777.206787109375,822.802978515625,295.4534912109375,79.4644775390625,1,29.469022750854492,9188.4306640625,8174.62451171875,-367.86016845703125,-274.1697692871094,736.852783203125,967.091064453125,1166.084228515625,102.83383178710938,1,16.43719482421875,4993.8017578125,4909.2783203125,-184.19363403320312,-143.4718475341797,-119.515869140625,864.173583984375,1286.37060546875,14.458885192871094,1,15.538651466369629,4594.578125,4617.70361328125,-176.78030395507812,-144.16522216796875,132.0859375,864.552734375,1127.80615234375,241.82237243652344,1,17.045822143554688,5489.8662109375,5390.70751953125,-198.4972381591797,-152.541015625,-264.635009765625,1006.248779296875,1068.759521484375,-25.147823333740234,1,19.23086929321289,5761.765625,5798.123046875,-219.69522094726562,-178.52108764648438,99.42822265625,638.496337890625,734.3121337890625,377.55987548828125,1,18.750125885009766,5815.0634765625,5786.322265625,-218.31900024414062,-173.93975830078125,-13.04248046875,973.328125,591.208740234375,-89.69327545166016,1,22.736309051513672,7083.5703125,7247.4091796875,-255.76702880859375,-205.1944580078125,-352.558837890625,SN000368420812,Pumba,72527.133,2025-12-19T19:08:47.149Z,1765551357369401400,3D
634.3154296875,20.51123046875,414.00311279296875,1,29.001060485839844,8526.78515625,7752.1796875,-352.0285949707031,-272.7505798339844,1037.8798828125,847.537109375,-60.619873046875,130.12820434570312,1,28.501590728759766,8009.37109375,7865.6787109375,-316.3828430175781,-256.0263366699219,503.736328125,940.942138671875,1311.152099609375,149.42469787597656,1,16.145505905151367,4888.615234375,5192.03857421875,-180.52520751953125,-152.3600311279297,-110.38427734375,761.850341796875,907.984130859375,334.2183837890625,1,18.98922348022461,5887.5947265625,5531.9912109375,-226.6083526611328,-173.20057678222656,171.12744140625,1022.458740234375,809.8095703125,-53.60232162475586,1,22.014324188232422,6675.109375,6548.7666015625,-253.8845672607422,-200.9419403076172,94.021728515625,883.292236328125,1321.9542236328125,45.88340759277344,1,15.048067092895508,4674.36083984375,4674.03564453125,-171.10752868652344,-135.0398712158203,-155.466796875,905.875244140625,1312.63134765625,3.3185348510742188,1,15.139461517333984,4673.6298828125,4869.81689453125,-168.85240173339844,-138.16921997070312,-229.19287109375,783.485107421875,709.7462158203125,234.30372619628906,1,24.210193634033203,7869.60205078125,7641.1865234375,-299.6793518066406,-234.92645263671875,120.754150390625,833.345458984375,673.309326171875,83.69947814941406,1,24.82649803161621,7708.8984375,7524.5185546875,-302.3569641113281,-242.30001831054688,410.36572265625,657.03955078125,366.5858154296875,320.74169921875,1,25.410747528076172,7925.3662109375,6781.50390625,-319.1792907714844,-230.70741271972656,698.192626953125,823.08935546875,298.0753173828125,80.63604736328125,1,28.470706939697266,8741.3095703125,8414.189453125,-343.392822265625,-271.8718566894531,483.795166015625,963.978759765625,1167.246337890625,102.4993896484375,1,16.5755615234375,5041.93359375,4951.34375,-186.29324340820312,-145.10012817382812,-109.969970703125,864.26513671875,1288.521484375,10.095832824707031,1,15.551353454589844,4573.392578125,4579.98681640625,-176.83287048339844,-144.08804321289062,160.276611328125,863.6982421875,1128.1793212890625,242.40577697753906,1,16.864309310913086,5325.4423828125,5468.0107421875,-192.11537170410156,-154.6337432861328,-271.00634765625,1004.27587890625,1072.0301513671875,-25.885513305664062,1,19.302993774414062,5771.01806640625,5761.67138671875,-221.2948455810547,-178.98243713378906,140.89697265625,637.892578125,734.0526123046875,376.4443359375,1,18.513517379760742,5691.67529296875,5858.6083984375,-212.0522003173828,-174.09730529785156,-66.799072265625,972.83349609375,598.244384765625,-90.82844543457031,1,25.18916130065918,7701.4296875,8016.1015625,-290.456298828125,-242.64877319335938,26.267578125,SN000368420812,Pumba,72527.266,2025-12-19T19:08:47.267Z,1765551357401464100,3D
